date,year,type,country,area,location,activity,sex,age,fatal_y_n,time,species,activity_group,species_group
2023-05-13,2023,Unprovoked,AUSTRALIA,South Australia,Elliston,Surfing,M,46.0,Y,10h10,White shark,surfing,white shark
2023-04-29,2023,Unprovoked,AUSTRALIA,Western Australia,"Yallingup, Busselton",Swimming,M,,N,11h20,1m shark,swimming,other shark
2022-10-07,2022,Unprovoked,AUSTRALIA,Western  Australia,Port Hedland,Spearfishing,M,38.0,N,11h30,Bull shark,fishing,bull shark
2021-10-04,2021,Unprovoked,USA,Florida,"Fort Pierce State Park, St. Lucie County",Surfing,M,25.0,N,,,surfing,unknown
2021-10-03,2021,Unprovoked,USA,Florida,"Jensen Beach, Martin County",Swimming,M,,N,12h00,,swimming,unknown
2021-05-23,2021,Unprovoked,USA,South Carolina,"Burkes Beach, Hilton Head, Beaufort County",Swimming,M,26.0,N,,5' shark,swimming,other shark
2021-05-03,2021,Unprovoked,USA,Hawaii,"Marine Corps Base, Oahu",Surfing,M,14.0,N,16h00,5.5 ft shark,surfing,other shark
2021-05-01,2021,Unprovoked,JAMAICA,Westmoreland Parish,"Little Bay, Little London",Spearfishing,M,53.0,Y,08h00,,fishing,unknown
2021-03-25,2021,Unprovoked,USA,Florida,Indian River County,,F,16.0,N,11h45,3' to 5' shark,other,other shark
2021-01-29,2021,Unprovoked,AUSTRALIA,Western Australia,"Melaleuca Beach, Cowaramup Bay, Gracetown,",Swimming,F,46.0,N,10h30,,swimming,unknown
2020-10-31,2020,Unprovoked,USA,Florida,Ormond Beach,Swimming,M,17.0,N,16h00,"Blacktip shark, 6' to 7'",swimming,other shark
2020-10-24,2020,Unprovoked,AUSTRALIA,Queensland,Britomart Reef,Spearfishing,M,59.0,N,12h00,,fishing,unknown
2020-08-02,2020,Unprovoked,USA,Virgin Islands,"Candle Reef, St. Croix",Snorkeling,F,,N,14h00,"Nurse shark, 5'",other,other shark
2020-02-22,2020,Unprovoked,NEW ZEALAND,North Island,Pauanui Beach,Surfing,M,60.0,N,11h30,White shark,surfing,white shark
2019-12-26,2019,Unprovoked,PAPUA NEW GUINEA,Central Province,Ragelapara reef,Spearfishing,M,33.0,Y,16h30,,fishing,unknown
2019-11-14,2019,Provoked,FRENCH POLYNESIA,Moorea,Afareitu Lagoonarium.,Feeding sharks,M,9.0,N,,5' blacktip shark,other,other shark
2019-08-03,2019,Unprovoked,USA,Florida,"New Smyrna Beach, Volusia County",Surfing,F,21.0,N,16h00,,surfing,unknown
2019-08-03,2019,Unprovoked,USA,Florida,Off Key Biscayne,Spearfishing / Diving,M,37.0,N,,,fishing,unknown
2019-02-04,2019,Unprovoked,AUSTRALIA,New South Wales,Urunga area,Surfing,M,50.0,N,06h15,,surfing,unknown
2019-01-29,2019,Invalid,NEW ZEALAND,South Island,Oreti Beach,Boogie boarding,F,17.0,N,Evening,Reported as shark bite but injury caused by stingray,watercraft,other shark
2018-10-23,2018,Unprovoked,USA,Florida,"Near Patrick AFB, Brevard County",Surfing,F,,N,Early afternoon,3' to 4' shark,surfing,other shark
2018-07-24,2018,Provoked,CHINA,Guizhou Province,Shopping mall aquarium in Guiyang City,Putting hand in shark tank,F,6.0,N,Afternoon,,other,unknown
2018-06-25,2018,Watercraft,USA,California,"Oceanside, San Diego County",Paddling,F,57.0,N,18h00,White shark,other,white shark
2017-09-24,2017,Invalid,USA,New York,Rockaway,Surfing,M,33.0,,15h30,Questionable,surfing,unknown
2017-07-07,2017,Unprovoked,SOUTH AFRICA,Eastern Cape Province,"Nahoon Reef, East London",Surfing,F,13.0,N,15h00,"White shark, 2.5 m",surfing,white shark
2017-06-10,2017,Unprovoked,USA,Florida,"Ponce Inlet, Volusia County",Surfing,M,19.0,N,10h00,,surfing,unknown
2017-03-01,2017,Unprovoked,BAHAMAS,The Exuma Cays,Compass Cay,Floating,F,,N,,Nurse shark,other,other shark
2017-01-13,2017,Unprovoked,AUSTRALIA,Queensland,Clairview,Swimming,M,57.0,N,13h30,,swimming,unknown
2016-12-24,2016,Unprovoked,AUSTRALIA,Western Australia,"Bundegi Sanctuary Zone, Ningaloo",Snorkeling,F,,N,Morning,a small shark,other,other shark
2016-09-06,2016,Unprovoked,NEW CALEDONIA,North Province,Koumac,Kite surfing,M,50.0,Y,15h40,,surfing,unknown
2016-07-15,2016,Unprovoked,USA,South Carolina,"North Myrtle Beach, Horry County",Swimming,M,,N,,,swimming,unknown
2016-06-23,2016,Unprovoked,SOUTH AFRICA,Western Cape Province,Ryspunt,Spearfishing,M,43.0,N,,White shark,fishing,white shark
2016-04-19,2016,Unprovoked,AUSTRALIA,New South Wales,"First Sun Beach, Byron Bay",Swimming,M,12.0,N,12h00,Wobbegong shark,swimming,other shark
2016-01-02,2016,Unprovoked,AUSTRALIA,Queensland,Miall Island,Spearfishing,M,31.0,N,11h30,3 m shark,fishing,other shark
2015-12-13,2015,Watercraft,AUSTRALIA,New South Wales,Lake Macquarie,Fishing,,,N,10h30,"White shark, 3.5 m",fishing,white shark
2015-11-07,2015,Invalid,USA,Florida,"Paradise Beach, Melbourne, Brevard County",Surfing,F,9.0,,11h00,Shark involvement not confirmed,surfing,other shark
2015-10-09,2015,Unprovoked,USA,Hawaii,"Leftovers, Oahu",Surfing,M,25.0,N,10h25,"Tiger shark, 13'",surfing,tiger shark
2015-07-02,2015,Unprovoked,AUSTRALIA,New South Wales,East Ballina,Body boarding,M,32.0,N,09h00,White shark,watercraft,white shark
2015-06-17,2015,Unprovoked,USA,Florida,Daytona Beach Shores,Swimming,M,10.0,N,13h00,,swimming,unknown
2015-06-01,2015,Unprovoked,REUNION,Le Port,Folette,Surfing,M,47.0,N,15h00,"Bull shark, 2.5 m",surfing,bull shark
2015-01-16,2015,Unprovoked,AUSTRALIA,New South Wales,"Mollymook Beach, Bannister Head",Filming,M,17.0,N,,1.5 m shark,other,other shark
2014-11-29,2014,Unprovoked,AUSTRALIA,Western Australia,"Pyramids Beach, Port Bouvard",Surfing,M,13.0,N,Sometime between 06h00 & 08hoo,,surfing,unknown
2014-10-29,2014,Provoked,AUSTRALIA,New South Wales,Wallabi Point,Surfing,M,20.0,N,18h00,,surfing,unknown
2014-10-14,2014,Unprovoked,USA,South Carolina,"Hilton Head Island, Beaufort County",Standing in inner tube,F,7.0,N,,"Bull shark, 3' to 4'",swimming,bull shark
2014-10-02,2014,Unprovoked,USA,California,"Walls Beach, Vandenberg AFB, Santa Barbara County",Surfing,M,28.0,N,17h30,8' to 10' shark,surfing,other shark
2014-08-01,2014,Unprovoked,SOUTH AFRICA,Western Cape Province,Muizenberg,Surfing,M,20.0,N,14h00,White shark,surfing,white shark
2014-06-25,2014,Unprovoked,BAHAMAS,Abaco Islands,,Spearfishing,M,42.0,N,13h00,"Caribbean reef shark, 7' to 8'",fishing,other shark
2014-06-01,2014,Unprovoked,AUSTRALIA,New South Wales,"Seven Mile Beach, Gerroa",Surfing,M,,N,Morning,,surfing,unknown
2014-01-26,2014,Provoked,AUSTRALIA,New South Wales,Umina Beach,Fishing,M,,N,,1m shark,fishing,other shark
2013-11-22,2013,Unprovoked,USA,Oregon,"Gleneden Beach, Lincoln County",Surfing,M,25.0,N,10h30,"White shark, 10 '",surfing,white shark
2013-10-06,2013,Unprovoked,USA,California,"Bunkers, Humboldt Bay, Eureka, Humboldt County",Surfing,M,45.0,N,08h45,"White shark, 8' to 10'",surfing,white shark
2013-06-18,2013,Unprovoked,USA,Hawaii,Kona Coast State Park,Swimming,M,28.0,N,12h50,"Tiger shark, 14'",swimming,tiger shark
2013-05-23,2013,Provoked,PALESTINIAN TERRITORIES,,Gaza,Fishing,M,30.0,N,Evening,,fishing,unknown
2013-03-21,2013,Unprovoked,BELIZE,,,Snorkeling,F,,N,,Nurse shark,other,other shark
2013-03-12,2013,Unprovoked,JAMAICA,St. Catherine,Pillikin Red Light area,Spearfishing,M,68.0,Y,09h00,"Tiger shark, 4.8 m",fishing,tiger shark
2013-03-10,2013,Unprovoked,PHILIPPINES,Palawan,Off Likas Island,Swimming to shore with floatioon devices after boat engine conked out,M,,N,,small sharks,swimming,other shark
2012-11-19,2012,Unprovoked,USA,Florida,"Melbourne Beach, Brevard County",Surfing,M,14.0,N,17h30,2' to 3' shark,surfing,other shark
2012-09-02,2012,Unprovoked,USA,Florida,"New Smyrna Beach, Volusia County",Boogie boarding,F,8.0,N,18h30,3.5' to 4' shark,watercraft,other shark
2012-08-28,2012,Unprovoked,AUSTRALIA,Western Australia,Red Bluff near Quobba Station,Surfing,M,34.0,N,15h30,,surfing,unknown
2012-06-15,2012,Provoked,USA,Florida,"Summerland Key, Monroe County",Fishing,M,23.0,N,14h20,Nurse shark,fishing,other shark
2012-06-02,2012,Unprovoked,USA,Florida,"Bethune Beach, Volusia County",Surfing,F,12.0,N,,,surfing,unknown
2012-03-06,2012,Provoked,AUSTRALIA,Victoria,"Shipwreck Cove, Melbourne Aquarium","Diving, feeding sharks",F,34.0,N,11h30,"Tawny nurse shark, 40cm",diving,other shark
2012-02-26,2012,Provoked,USA,Florida,"Palm Beach Inlet, Palm Beach County",Kite Surfing,M,,N,14h00,Spinner shark,surfing,other shark
2011-08-31,2011,Unprovoked,USA,Florida,Crescent Beach St. Johns County,Surfing,M,19.0,N,11h00,6' shark,surfing,other shark
2011-05-29,2011,Unprovoked,SOUTH AFRICA,Western Cape Province,Robberg Beach,Surfing,M,33.0,N,,White shark,surfing,white shark
2011-02-02,2011,Unprovoked,SOUTH AFRICA,Eastern Cape Province,"Sundays River Mouth, Port Elizabeth",Surf fishing,M,37.0,N,,,surfing,unknown
2010-02-03,2010,Unprovoked,USA,Florida,"Stuart, Martin County",Kite Boarding,M,38.0,Y,15h44,,watercraft,unknown
2009-12-29,2009,Unprovoked,SOUTH AFRICA,Eastern Cape  Province,Port Alfred,Wading,M,20.0,N,08h30,,swimming,unknown
2009-12-20,2009,Unprovoked,AUSTRALIA,Queensland,Lamont Reef,Spearfishing,M,18.0,N,07h30,"Bull shark, 3m",fishing,bull shark
2009-10-29,2009,Unprovoked,MOZAMBIQUE,Inhambane Province,Off Vilanculo,Spearfishing,M,,N,,Zambesi shark,fishing,other shark
2009-08-29,2009,Unprovoked,SOUTH AFRICA,Western Cape Province,Glentana,Surfing,M,25.0,Y,15h30,White shark,surfing,white shark
2009-07-24,2009,Unprovoked,KENYA,Mombasa,Likoni Channel,Washing his feet,M,,Y,,,other,unknown
2009-07-11,2009,Unprovoked,USA,California,"San Onofre, San Diego County",Paddle-surfing,M,,N,08h30,5' shark,surfing,other shark
2009-04-25,2009,Unprovoked,USA,California,"San Onofre State Beach, San Diego County",Surfing,M,,N,10h00,,surfing,unknown
2009-04-11,2009,Invalid,USA,Hawaii,Kona,Spearfishing,M,49.0,,,Shark involvement not confirmed,fishing,other shark
2008-07-30,2008,Unprovoked,AUSTRALIA,Victoria,Levys Beach,Surfing,M,31.0,N,10h30,8' white shark or 7-gill shark,surfing,other shark
2008-06-11,2008,Unprovoked,BRAZIL,Pernambuco,"Punta Del Chifre, Olinda",Surfing,M,14.0,N,,,surfing,unknown
2008-04-18,2008,Invalid,MEXICO,Quintana Roo,"Delfines Beach, Cancun",Swimming,M,32.0,,Evening,"Reported by media as shark attack, but shark involvement prior to death was not confirmed",swimming,other shark
2008-03-07,2008,Unprovoked,USA,California,"Huntington Beach, Orange County",Surfing,M,27.0,N,08h00,White shark,surfing,white shark
2008-02-24,2008,Unprovoked,BAHAMAS,Northern Bahamas,Dive site known as The End of the Map,Diving,M,49.0,Y,10h00,"A bull shark, according to some of the divers on the boat",diving,other shark
2007-12-18,2007,Unprovoked,AUSTRALIA,New South Wales,Jimmy's Beach,Surfing,M,31.0,N,11h00,2 m shark,surfing,other shark
2007-09-22,2007,Unprovoked,USA,Florida,Huguenot Park,Surfing,F,,N,,4' shark,surfing,other shark
2007-08-25,2007,Unprovoked,USA,Florida,"New Smyrna Beach, Volusia County",Surfing,M,27.0,N,Morning,3' shark,surfing,other shark
2007-05-07,2007,Unprovoked,USA,Florida,Naples,Swimming,M,68.0,N,08h30,6' to 8' shark,swimming,other shark
2006-03-18,2006,Unprovoked,FIJI,Vitu Levu,Sigatoka,Surfing,M,21.0,N,18h00,"Tiger shark, 5'",surfing,tiger shark
2005-11-25,2005,Watercraft,AUSTRALIA,Victoria,"6 km off Collendina, south of Melbourne",Fishing,,,N,,3 m white shark,fishing,other shark
2005-11-25,2005,Unprovoked,SOUTH AFRICA,Eastern Cape Province,"Nahoon, East London",Surfing,M,26.0,N,11h30,,surfing,unknown
2005-08-24,2005,Unprovoked,AUSTRALIA,South Australia,Glenelg,Scuba diving,M,23.0,Y,16h10,White shark,diving,white shark
2005-03-19,2005,Unprovoked,AUSTRALIA,Western Australia,"Wreck Point, Abrolhos Islands",Snorkeling,M,26.0,Y,14h00,6 m [20'] white shark,other,other shark
2005-02-26,2005,Unprovoked,AUSTRALIA,Queensland,Brisbane River,Swimming,M,18.0,N,,Bull shark,swimming,bull shark
2002-10-03,2002,Unprovoked,USA,Florida,"New Smyrna Beach, Volusia County",Surfing,M,18.0,N,14h35,3.5' to 4' shark,surfing,other shark
2001-06-10,2001,Provoked,USA,California,Catalina Island,Spearfishing,M,52.0,N,09h00,"White shark, 2.4 m to 3 m [8' to 10']",fishing,white shark
2001-01-21,2001,Watercraft,AUSTRALIA,South Australia,Adelaide,Fishing,,,N,,"White shark, 4.3 m [14']",fishing,white shark
2000-09-12,2000,Unprovoked,USA,Florida,"Sebastian Inlet, Indian River or Brevard County",Surfing,F,26.0,N,12h00,,surfing,unknown
2000-09-08,2000,Unprovoked,REUNION,Saint-Pierre,Pic du Diable,Surfing,M,27.0,N,18h05,"Tiger shark, 3 m [10']",surfing,tiger shark
2000-08-31,2000,Unprovoked,USA,Florida,"New Smyrna Beach, Volusia County",Swimming,M,47.0,N,12h35,A 2' shark was seen in the area by witnesses,swimming,other shark
2000-08-13,2000,Unprovoked,USA,Florida,"South Jacksonville Beach, Duval County",Surfing / Wading,M,27.0,N,16h30,juvenile shark,surfing,other shark
2000-08-01,2000,Unprovoked,TANZANIA,,"Coco Beach, Dar-es-Salaam",Swimming,,,Y,,Thought to involve a Zambesi shark,swimming,other shark
2000-07-16,2000,Unprovoked,USA,North Carolina,"Holden Beach, Brunswick County",Surfing,M,14.0,N,,1.8 m [6'] grey-colored shark,surfing,other shark
2000-03-15,2000,Unprovoked,NEW CALEDONIA,North Province,Poum,Spearfishing,M,35.0,Y,Morning,Tiger shark?,fishing,tiger shark
2000-02-14,2000,Provoked,ENGLAND,Worcestershire,The Fountain Pub in Tenbury Wells,Feeding prawns to captive sharks,M,,N,,"Miami, a 60 cm blacktip  shark and two 60 cm bamboo catsharks",other,other shark
2000-01-05,2000,Unprovoked,THAILAND,Phang nga Province,Phang nga Island,Diving,M,35.0,Y,,,diving,unknown
1999-10-30,1999,Unprovoked,USA,Florida,"Gulfstream Park beach, Palm Beach County",Body surfing,M,13.0,N,15h00,,surfing,unknown
1998-10-10,1998,Unprovoked,USA,Florida,"Sebastian Inlet, Indian River County",Surfing,M,,N,,,surfing,unknown
1998-05-16,1998,Unprovoked,USA,Florida,"Pecks Lake, Martin County",Swimming,F,14.0,N,14h30,"1.8 m [6'] shark, possibly a blacktip",swimming,other shark
1996-09-02,1996,Unprovoked,USA,Florida,"Behune Beach, Volusia County",Standing,M,5.0,N,18h05,,swimming,unknown
1996-05-10,1996,Unprovoked,SOUTH KOREA,,,Shell Diving,M,33.0,Y,11h00,,diving,unknown
1995-11-17,1995,Unprovoked,AUSTRALIA,Queensland,Great Keppel Island,,M,,N,,,other,unknown
1995-10-28,1995,Unprovoked,USA,Florida,,Boogie boarding,M,13.0,N,,,watercraft,unknown
1995-08-13,1995,Invalid,USA,North Carolina,"Emerald Isle, Carteret County",Swimming,M,15.0,,,Invalid,swimming,unknown
1995-06-23,1995,Unprovoked,USA,Georgia,"Tybee Island, Chatham County",Playing / jumping,M,13.0,N,,sand shark,other,other shark
1995-01-01,1995,Provoked,AUSTRALIA,Queensland,Gladstone Reef,Snorkeling,M,,N,,Leopard shark,other,other shark
1995-01-01,1995,Invalid,USA,North Carolina,Carolina Beach,Scuba diving,M,,,,Invalid,diving,unknown
1994-12-09,1994,Invalid,AUSTRALIA,Queensland,"Hinchinbrook Channel, Queensland",Murder victim,M,44.0,,,Invalid,other,unknown
1993-12-01,1993,Unprovoked,USA,Hawaii,Waipo,Surfing,M,,Y,,"On 11-Jan-1994, his remains washed ashore. A 2.4 m [8'] tiger shark thought to be involved",surfing,other shark
1993-10-01,1993,Unprovoked,USA,Hawaii,"Mouth of Wallua River, Kaua'i",Surfing,,,N,,Tiger shark,surfing,tiger shark
1993-06-29,1993,Unprovoked,REUNION,Saint-Paul,Cap de la Marianne,Body boarding,M,16.0,N,,,watercraft,unknown
1993-03-27,1993,Unprovoked,BRAZIL,Pernambuco,Paiva,Surfing,M,,N,,,surfing,unknown
1993-03-22,1993,Unprovoked,USA,Florida,"Singer Island, Riviera Beach, Palm Beach County",Floating on his back,M,25.0,N,16h00,,other,unknown
1992-09-13,1992,Unprovoked,USA,Oregon,"Gold Beach, Curry County",Surfing,M,20.0,N,17h00,4 m to 5 m [13' to 16.5']  white shark,surfing,other shark
1992-09-10,1992,Unprovoked,BRAZIL,Pernambuco,"Boa Viagem, Recife",Swimming,M,,Y,,,swimming,unknown
1992-01-06,1992,Unprovoked,MAURITIUS,,Mahebourg,Fishing,M,,N,,Grey reef shark,fishing,other shark
1991-11-14,1991,Provoked,USA,Florida,Near Port Canaveral Coast Guard Base,Fishing,M,,N,12h54,2.4 m [8'] shark,fishing,other shark
1991-10-05,1991,Unprovoked,USA,California,"Horseshoe Reef, Scott Creek, Davenport, Santa Cruz County",Surfing,M,32.0,N,07h30,5 m to 6 m [16.5' to 20'] white shark,surfing,other shark
1990-10-30,1990,Unprovoked,USA,Florida,"Indialantic, Brevard County",Surfing,M,18.0,N,15h30,,surfing,unknown
1990-10-15,1990,Unprovoked,USA,Hawaii,"Hanalei Point, Kaua'i",Surfing,M,43.0,N,15h00,"Tiger shark, 3.7 m [12']",surfing,tiger shark
1989-04-01,1989,Unprovoked,USA,Hawaii,"Kekaha Beach, Kaua'i",Paddling on surfboard,M,,N,,,surfing,unknown
1988-04-15,1988,Invalid,USA,Hawaii,"Waihe'e, Maui",Onboard 21' powerboat that capsized in rough seas,M,,,,Shark involvement prior to death was not confirmed,watercraft,other shark
1986-10-03,1986,Unprovoked,USA,Florida,"Sanibel Island, Lee County",Swimming,F,6.0,N,18h00,"Lemon shark, 1.8 m to 2.4 m [6' to 8'], tooth fragment recovered",swimming,other shark
1985-05-08,1985,Provoked,SOUTH AFRICA,KwaZulu-Natal,Umdhloti,Spearfishing,M,39.0,N,,30-kg [66-lb] shark,fishing,other shark
1985-02-18,1985,Unprovoked,USA,California,"San Miguel Island, Santa Barbara County",Scuba Diving for lobster (at surface),M,29.0,N,12h45,6 m [20'] white shark,surfing,other shark
1985-01-17,1985,Unprovoked,SOUTH AFRICA,KwaZulu-Natal,Umbogintwini,Surfing,M,18.0,N,18h30,"3.5 m white shark, tooth fragments recovered",surfing,other shark
1984-12-03,1984,Watercraft,ITALY,Tyrrhenian Sea,"Marciana Marina, Isola d'Elba",Boat,,,N,,White shark,watercraft,white shark
1984-09-30,1984,Unprovoked,USA,Oregon,"Turnaround, Cape Kiwanda, Tillamook County",Surfing (sitting on his board),M,25.0,N,15h30,3 m to 5 m [10' to 16.5'] white shark,surfing,other shark
1984-09-11,1984,Provoked,MEXICO,Baja California,Guadalupe Island,Spearfishing,M,,N,17h50,4.5 m to 5.5m white shark,fishing,other shark
1984-01-04,1984,Unprovoked,SOUTH AFRICA,KwaZulu-Natal,Umlaas Canal,,F,14.0,Y,,,other,unknown
1984-01-01,1984,Provoked,USA,California,San Francisco,Steinhart Aquarium,M,,N,,Sevengill shark,other,other shark
1983-12-21,1983,Unprovoked,SOUTH AFRICA,Eastern Cape Province,Nahoon,Swimming,M,47.0,N,08h15,"Raggedtooth shark, >1 m",swimming,other shark
1982-11-01,1982,Unprovoked,USA,South Carolina,"Isle of Palms, Charleston County",In waist-deep water,M,,N,,,other,unknown
1982-07-01,1982,Unprovoked,NEW CALEDONIA,South Province,"Sarcelle, Isle of Pines",,,,N,,,other,unknown
1982-06-26,1982,Unprovoked,BAHAMAS,Andros Islands,North Rat Cay Reef,Spearfishing,M,19.0,N,,"Lemon shark, 2 m [6'9]",fishing,other shark
1980-10-17,1980,Unprovoked,USA,California,"Moonstone Beach, Humboldt County",Surfing,M,19.0,N,09h30,4 m to 5 m [13' to 16.5'] white shark,surfing,other shark
1978-11-23,1978,Unprovoked,USA,Florida,"Jupiter, Palm Beach County",Surfing,M,17.0,N,,,surfing,unknown
1978-04-02,1978,Unprovoked,MARSHALL ISLANDS,Ralik Archipelago,Enewetak Atoll,Diving,M,23.0,N,,,diving,unknown
1976-09-22,1976,Sea Disaster,NEW CALEDONIA,,Sarcelle,Shipwreck,,,N,,,other,unknown
1975-06-02,1975,Unprovoked,USA,Florida,"Daytona Beach, Volusia County",Surfing,M,20.0,N,,,surfing,unknown
1975-01-19,1975,Unprovoked,AUSTRALIA,South Australia,Coffin Bay,Surfing,M,17.0,Y,,,surfing,unknown
1974-09-02,1974,Unprovoked,USA,California,"Franklin Point, San Mateo County",Scuba diving (but on surface),M,48.0,N,17h30,"White shark, 5 m to 6 m [16.5 to 20']",surfing,white shark
,1974,Unprovoked,AUSTRALIA,Western Australia,Emu Channel,Spearfishing,M,,N,,"Bronze whaler shark, 4'",fishing,other shark
1973-01-21,1973,Provoked,SOUTH AFRICA,KwaZulu-Natal,Durban,Fishing from paddleski,M,,N,,1 m shark,fishing,other shark
1973-01-09,1973,Unprovoked,USA,Hawaii,"Ho'okipa Beach, Pa'ia, Maui",Surfing,M,,N,,1.2 m to 1.8 m [4' to 6'] shark observed in area,surfing,other shark
1972-09-04,1972,Invalid,MOZAMBIQUE,Maputo Province,Inhaca Island,Swimming,F,20.0,,,Questionable incident,swimming,unknown
1972-07-05,1972,Invalid,USA,California,"Laguna Beach, Orange County",Diving,,,,,Questionable incident,diving,unknown
1971-06-30,1971,Unprovoked,SOUTH AFRICA,Western Cape Province,Mossel Bay,Surfing,M,21.0,N,15h35,"White shark, 3 m [10'], species identity confirmed by witnesses & tooth pattern in leg & board",surfing,white shark
1970-01-23,1970,Unprovoked,MOZAMBIQUE,Limpopo River,3.2 km inland,Swimming,M,14.0,N,,,swimming,unknown
,1970,Unprovoked,SPAIN,Canary Islands,"Icod de los Vinos, Tenerife",Spearfishing,M,,N,,Blue shark,fishing,other shark
,1969,Provoked,BAHAMAS,Eleuthera,,Sight-seeing,,,N,,10' shark,other,other shark
1968-04-11,1968,Unprovoked,PAPUA NEW GUINEA,Gulf Province,Orokolo Bay,Swimming,M,7.0,Y,,,swimming,unknown
1964-10-25,1964,Invalid,USA,Florida,"Near US Air Force Base at Elgin, Okaloosa County",Boat Miss Becky  sank 12 miles from shore,,,,Night,Invalid,watercraft,unknown
1964-09-07,1964,Unprovoked,TAIWAN,Northern Taiwan,Tamsui Beach,Swimming,M,20.0,N,13h30,1.8 m [6'] shark,swimming,other shark
1962-12-01,1962,Watercraft,SOUTH AFRICA,Western Cape Province,Swartklip,Fishing,,,N,,"2 m [6'9], 87.5-kg [193-lb]  shark",fishing,other shark
1962-08-30,1962,Watercraft,TURKEY,Antalya Province,Ucagiz,,M,,N,,,other,unknown
1962-06-11,1962,Unprovoked,USA,California,San Francisco Bay,Escaping from Alacatraz,M,35.0,Y,Night,,other,unknown
1962-06-10,1962,Unprovoked,USA,South Carolina,"Hilton Head, Beaufort County",Standing,M,13.0,N,16h00,,swimming,unknown
1962-04-05,1962,Provoked,SOUTH AFRICA,Eastern Cape Province,East London,Fishing,,,N,,4.9 m [16']shark,fishing,other shark
1962-01-08,1962,Invalid,AUSTRALIA,New South Wales,Lake Illawarra,Swimming,M,25.0,,,Shark involvement prior to death was not confirmed,swimming,other shark
1962-01-07,1962,Provoked,AUSTRALIA,Queensland,Dicky Beach,Rowing,,,N,,,other,unknown
1962-01-02,1962,Provoked,AUSTRALIA,New South Wales,"Seaspray, near Sale",Fishing,,,N,,2.7 m [9'] shark,fishing,other shark
1961-12-13,1961,Unprovoked,AUSTRALIA,Torres Strait,"Horn Island, near Thursday Island",Swimming with other crew near wharf,M,17.0,N,14h00,1.8 m [6'] shark,swimming,other shark
1961-07-16,1971,Unprovoked,TURKEY,Anatolia,"İnciralti Beach, İzmir",Swimming,M,16.0,N,,,swimming,unknown
1960-11-01,1960,Watercraft,SOUTH AFRICA,Western Cape Province,"5 km from Gordon’s Bay, False Bay",Hand lining for shad,,,N,,White shark (tooth fragments recovered from hull of boat),other,white shark
1960-08-30,1960,Unprovoked,USA,New Jersey,"Ocean City, Cape May County",Swimming 3 miles offshore,M,25.0,N,17h15,,swimming,unknown
1960-08-29,1960,Sea Disaster,SENEGAL,Cap-Vert Peninsula,off Dakar,Air disaster: crash of Air France Super Constellation,,,Y,,,other,unknown
1960-04-22,1960,Provoked,AUSTRALIA,Western Australia,Rottnest Island,"Fishing, hauling in a set line",M,,N,,"Bronze whaler shark, 3 m [10'], 200-lb",fishing,other shark
1960-04-14,1960,Invalid,BERMUDA,"33N, 68W",Royal Canadian Navy CS2F-1 aircraft ditched in the sea 180 nautical miles WNW of Bermuda at 01h30,Floating on a raft,M,,,09h00 - 09h30,Questionable incident,other,unknown
1960-02-24,1960,Provoked,SENEGAL,Casamance,Ziguinchor,Fishing,M,,N,,,fishing,unknown
1960-02-07,1960,Provoked,AUSTRALIA,New South Wales,Wattamolla National Park,Spearfishing,M,20.0,N,,"Grey nurse shark, 2.9 m [9'6]",fishing,other shark
1958-12-12,1958,Unprovoked,AMERICAN SAMOA,Tutuila Island,Van Camp wharf,Cleaning hull of ship,M,22.0,Y,11h00,Tiger shark,other,tiger shark
1958-07-04,1958,Sea Disaster,PACIFIC OCEAN,Between Hawaii & Wake Island,600 miles northwest of Honolulu,U.S. Airforce C124 enroute from Hickham Air Base to Japan went down. The 3 survivors fashioned raft from mailbags  & were rescued 3 days after the crash.,M,,Y,10h45,Sharks averaged 1.8 m [6'] in length,other,other shark
1957-02-24,1957,Unprovoked,FIJI,Viti Levu,Suva Harbor,Spearfishing,M,,N,,,fishing,unknown
1956-10-01,1956,Unprovoked,PAPUA NEW GUINEA,,Port Moresby,Fishing,M,,Y,,,fishing,unknown
1956-07-28,1956,Provoked,USA,Puerto Rico,Aquadilla,Floating in inner tube,M,13.0,Y,10h30,,other,unknown
1954-12-11,1954,Unprovoked,AUSTRALIA,Victoria,Point Lonsdale,Swimming,M,23.0,Y,11h00,,swimming,unknown
1954-01-15,1954,Unprovoked,PAPUA NEW GUINEA,Madang Province,"Singour, 60 miles south of Madang",Crouching in the water,M,26.0,N,Late afternoon,14' shark,other,other shark
1953-12-01,1953,Unprovoked,AUSTRALIA,New South Wales,Maroubra Beach,Surf skiing,M,,N,,3.7 [12'] shark,surfing,other shark
1953-09-20,1953,Unprovoked,USA,California,"Santa Catalina Island, Los Angeles County",Scuba diving,M,,N,,,diving,unknown
1953-07-26,1953,Unprovoked,USA,Hawaii,"Maile Beach, O'ahu",Spearfishing,M,15.0,Y,09h15,3 m [10'] shark seen in vicinity,fishing,other shark
1953-03-01,1953,Sea Disaster,INDIAN OCEAN,,Between Straits of Malacca and Sri Lanka,Adrift on a 4'  raft for 32 days,,,Y,,,other,unknown
1953-02-01,1953,Unprovoked,AUSTRALIA,,,Spearfishing,M,,N,,Wobbegong shark,fishing,other shark
1952-07-27,1952,Watercraft,USA,Florida,"Panacea, Wakulla County",Fishing for trout,,,N,,"Hammerhead shark, 5'",fishing,other shark
1952-07-27,1952,Provoked,USA,South Carolina,Seabrook Beach,Fishing,M,43.0,N,,a small shark',fishing,other shark
1952-07-27,1952,Provoked,USA,South Carolina,Seabrook Beach,Fishing,M,34.0,N,,a small shark',fishing,other shark
1951-11-28,1951,Unprovoked,SOUTH AFRICA,KwaZulu-Natal,Winkelspruit,Treading water,M,24.0,N,17h15,"White shark, 2.4 m [8']",swimming,white shark
1950-07-27,1950,Watercraft,AUSTRALIA,South Australia,Streaky Bay,Fishing,,,N,,17' white shark,fishing,other shark
1949-11-20,1949,Unprovoked,AUSTRALIA,New South Wales,"Kurnell, Botany Bay",Free diving or wading back to shore,M,36.0,N,Afternoon,6' shark,swimming,other shark
1949-01-01,1949,Unprovoked,PAPUA NEW GUINEA,New Ireland Province,"Kulengei, southeast of Kalili, Kavieng",,M,,N,,,other,unknown
1949-01-01,1949,Unprovoked,PAPUA NEW GUINEA,Bougainville (North Solomons),"Orava (Aravo) Islet , near Kieta.",Spearfishing,M,18.0,Y,,,fishing,unknown
1948-12-10,1948,Unprovoked,AUSTRALIA,Queensland,Rib Reef off Townsville,Fishing,M,,N,,,fishing,unknown
1948-01-01,1948,Unprovoked,NEW GUINEA,Morobe Province,Finschafen,"Fishing, holding fish in right hand",M,,N,,,fishing,unknown
1947-08-04,1947,Unprovoked,USA,Florida,In a canal 10 miles north of St Augustine,Swimming,M,20.0,Y,A.M.,Possibly C. leucas,swimming,other shark
1946-10-26,1946,Unprovoked,MARSHALL ISLANDS,Kwajalein,,Fishing,M,,Y,,,fishing,unknown
1945-08-06,1945,Unprovoked,USA,North Carolina,Ocracoke,,,,Y,,,other,unknown
1945-05-08,1945,Unprovoked,USA,North Carolina,"Ocracoke Inlet, Carteret County",Swimming,M,,Y,,,swimming,unknown
1943-01-01,1943,Unprovoked,SOLOMON ISLANDS,,Guadalcanal,Swimming,M,,N,,,swimming,unknown
1942-01-01,1942,Provoked,AUSTRALIA,New South Wales,"Fairy Bower, near North Steyne",Surf-skiing,M,,N,,3 m [10'] shark,surfing,other shark
1938-01-18,1938,Provoked,SOUTH AFRICA,KwaZulu-Natal,"Vetch’s Pier, Durban","Watching seine netters with friends, one of whom picked up a netted shark",M,13.0,N,,,other,unknown
1937-06-28,1937,Unprovoked,GREECE,,Salonika?,,,,Y,,,other,unknown
1936-12-15,1936,Provoked,AUSTRALIA,New South Wales,Newcastle Harbor,Fishing for the shark that killed George Lundberg,,,N,,,fishing,unknown
1928-06-24,1928,Unprovoked,USA,Florida,"Daytona Beach, Volusia County",Swimming,M,,N,,,swimming,unknown
1928-02-01,1928,Unprovoked,COSTA RICA,Near Puntarenas,,Swimming,M,,N,,,swimming,unknown
1928-01-01,1928,Unprovoked,SOUTH AFRICA,KwaZulu-Natal,Tugela River Mouth,Standing,M,25.0,N,11h00,,swimming,unknown
1926-07-08,1926,Unprovoked,USA,California,"San Francisco Bay (or San Leandro Bay), near cannery, Alameda County",Swimming with dog near canning factory,M,15.0,N,,1.5 m [5'] white shark or sevengill shark,swimming,other shark
1926-01-01,1926,Unprovoked,SOUTH AFRICA,Western Cape Province,Mossel Bay,Swimming to mail boat,M,,,,,swimming,unknown
1925-03-12,1925,Unprovoked,AUSTRALIA,New South Wales,Newcastle Beach,Swimming,M,16.0,Y,15h15,,swimming,unknown
1923-01-27,1923,Unprovoked,AUSTRALIA,Western Australia,"In Swan River at Freshwater Bay, Claremont, 5 miles from river mouth",Swimming,M,13.0,Y,,,swimming,unknown
1923-01-01,1922,Provoked,USA,New Jersey,Ocean City (offshore),Hoisting shark aboard fishing boat,M,,N,,,fishing,unknown
1922-12-14,1922,Unprovoked,USA,Puerto Rico,San Juan,Bathing,F,,Y,,,swimming,unknown
1920-11-29,1920,Unprovoked,AUSTRALIA,Western Australia,Bunbury,Wading,M,,N,,4' to 5' shark,swimming,other shark
1920-01-24,1920,Unprovoked,AUSTRALIA,Torres Strait,Arlington Reef,Free diving,M,,Y,,,diving,unknown
1920-01-01,1920,Unprovoked,SOUTH AFRICA,KwaZulu-Natal,Tugela River,Splashing,M,12.0,N,,,other,unknown
1915-01-01,1915,Unprovoked,AUSTRALIA,New South Wales,"Sirius Cove, Sydney Harbor",Bathing,M,17.0,Y,,,swimming,unknown
1913-08-27,1913,Invalid,USA,New Jersey,"Spring Lake, Monmouth County",,F,,,,Shark involvement prior to death unconfirmed,other,other shark
1912-11-30,1912,Sea Disaster,PHILIPPINES,,,Swimming from foundered vessel,F,19.0,Y,,,swimming,unknown
1909-04-10,1909,Invalid,USA,Hawaii,"Pa'uwela, Maui",Reported swept away by waves while gathering opihi,F,19.0,,,Questionable,other,unknown
1908-05-13,1908,Sea Disaster,INDONESIA,Java,Jakarta Harbor,native boats sunk in storm,F,,Y,,,watercraft,unknown
1903-10-04,1903,Unprovoked,CUBA,Havana Province,Havana Harbor,Fell overboard,M,,Y,,,watercraft,unknown
1899-11-20,1899,Sea Disaster,PHILIPPINES,Mindoro Occidental,Off Lubang Island,Sea Disaster,,,Y,,,other,unknown
,1899,Unprovoked,USA,Florida,Near a small wreck in a channel at Indian Key,Hunting crayfish,M,,N,,1.5 m [5'] shark,fishing,other shark
1897-10-15,1897,Invalid,MEXICO,Vera Cruz,Vera Cruz Harbor,Diving,M,,,,Questionable,diving,unknown
1896-12-20,1896,Unprovoked,NEW ZEALAND,North Island,"Marine Parade, Napier, Hawke Bay",Bathing,M,26.0,Y,,,swimming,unknown
1895-04-23,1895,Unprovoked,NEW ZEALAND,South Island,Oamaru,Swimming,M,,N,Early morning,,swimming,unknown
1889-07-21,1889,Unprovoked,USA,Florida,"Fernandina, Nassau County",Swimming,M,,Y,,,swimming,unknown
,1886,Watercraft,USA,New Jersey,"Shrewsbury River, Highlands, Monmouth County",,M,,N,,Shark was said to “have a very rough ½”-thick skin”,other,other shark
1883-07-05,1883,Provoked,GEORGIA,,"Savannah River, Chatham County",Fishing for sharks,M,,N,,7' shark,fishing,other shark
1881-11-13,1881,Invalid,AUSTRALIA,New South Wales,"Johnstone's Bay, Sydney",Swimming,M,,,Evening,Shark involvement prior to death unconfirmed,swimming,other shark
1881-10-16,1881,Invalid,USA,Florida,"Pensacola Bay, Escambia County",Bathing,M,18.0,,,Shark involvement prior to death unconfirmed,swimming,other shark
1879-07-03,1879,Unprovoked,USA,California,"Los Angeles, Los Angeles County",Bathing,M,,N,,,swimming,unknown
1863-09-13,1863,Unprovoked,USA,South Carolina,"Stono Inlet, near Charleston, Charleston County",Bathing,M,,N,,,swimming,unknown
,1852,Unprovoked,NEW ZEALAND,North Island,Wellington Harbor,Swimming,M,,Y,,Said to involve a 6 m to 7.3 m [20' to 24'] shark,swimming,other shark
1849-12-01,1849,Unprovoked,AUSTRALIA,New South Wales,"Woolloomooloo, Sydney Harbor (Estuary)",Bathing,M,,Y,Afternoon,,swimming,unknown
1849-09-19,1849,Unprovoked,AUSTRALIA,Victoria,Warrnambool,Swimming,M,,Y,,,swimming,unknown
1845-07-31,1845,Unprovoked,USA,Florida,"Pensacola Bay, Escambia County",Fell overboard,M,,Y,,,watercraft,unknown
1845-01-01,1845,Unprovoked,SIERRA LEONE,,,,M,,Y,,,other,unknown
1844-05-24,1844,Unprovoked,Coast of AFRICA,Island of St. Thomas,,Fell overboard,M,,Y,,,watercraft,unknown
1842-01-01,1842,Unprovoked,INDIA,Tamil Nadu,Chennai (formerly Madras),Washed off catamaran in the surf,M,,Y,,,surfing,unknown
1826-12-01,1826,Unprovoked,BRAZIL,Paraiba,Paraiba,,M,,N,,,other,unknown
1815-10-01,1815,Unprovoked,TOBAGO,,Scarborough Bay,Bathing,M,,Y,,,swimming,unknown
1804-02-26,1804,Watercraft,AUSTRALIA,New South Wales,"Georges Head, off Port Jackson",,,,N,,,other,unknown
2023-07-14,2023,Unprovoked,USA,Florida,New Smyrna Beach,Surfing,M,21.0,N,15h00,,surfing,unknown
2023-05-24,2023,Questionable,BAHAMAS,Lucayan Lucayan Archipelago,Athol Island,Jumped overboard,M,18.0,Y,Night,Shark involvement not confirmes,watercraft,other shark
2023-05-19,2023,Provoked,USA,Florida,"Flagship Drive, Summerland Key, Monroe County",Fishing,M,35.0,N,20h00,,fishing,unknown
2022-12-08,2022,Unprovoked,USA,Hawaii,"Keawakapu Point, Kehei, Maui",Snorkeling,F,60.0,Y,12h00,Tiger shark,other,tiger shark
2022-10-25,2022,Unprovoked,USA,Hawaii,Kauai,Snorkeling,M,51.0,N,Afternoon,Tiger shark?,other,tiger shark
2022-07-01,2022,Unprovoked,EGYPT,"Hurghada, Red Sea Governorate",Sahl Hasheesh,Snorkeling,F,,Y,,Oceaniic whitetip shark/tiger shark,other,other shark
2022-02-08,2022,,COSTA RICA,Guanacoste,Playa Del Coco,Diving,F,50.0,,,"Bull shark, 3m",diving,bull shark
2021-07-27,2021,Unprovoked,USA,Georgia,"Tybee Island, Chatham County",Surfing,M,58.0,N,,small blacktip shark,surfing,other shark
2021-04-02,2021,Unprovoked,USA,Florida,"Key Biscayne, Miami-Dade County",Swimming,M,36.0,N,,,swimming,unknown
2021-03-25,2021,Unprovoked,USA,Florida,"Fort Lauderdale, Broward County",Swimming,M,7.0,N,,,swimming,unknown
2021-03-02,2021,Unprovoked,NEW CALEDONIA,Loyalty Islands,Ouvéa,Spearfishing,M,16.0,N,Afternoon,Tiger shark,fishing,tiger shark
2021-01-13,2021,Unprovoked,AUSTRALIA,Western Australia,Blackwall Reach,Swimming,M,54.0,N,07h58,"Bull shark, 6.5 to 10 '",swimming,bull shark
2021-01-03,2021,Unprovoked,USA,Florida,"Cocoa Beach, Brevard  County",Surfing,M,19.0,N,10h30,,surfing,unknown
2020-09-21,2020,,USA,Hawaii,"Charley Young Beach, Maui",Swimming,F,61.0,N,11h00,Injuries not caused by a shark,swimming,other shark
2020-09-06,2020,Unprovoked,USA,Hawaii,Puako,Snorkeling,F,70.0,N,16h30,8' shark,other,other shark
2020-06-16,2020,Unprovoked,SOUTH AFRICA,KwaZulu-Natal,Umhlanga Rocks,Surf skiing,F,,N,14h00,,surfing,unknown
2020-05-01,2020,Unprovoked,USA,California,"Summerland, Santa Barbara County",Swimming,F,57.0,N,14h30,5' to 6' shark,swimming,other shark
2020-04-06,2020,Unprovoked,AUSTRALIA,Queensland,North West Island,Swimming,M,23.0,Y,17h30,,swimming,unknown
2020-01-16,2020,Unprovoked,NEW ZEALAND,Southland,Oreti Beach,Surfing,F,13.0,N,20h30,Broadnose seven gill shark?,surfing,other shark
2020-01-03,2020,Unprovoked,NEW CALEDONIA,,Calana,,M,12.0,N,Afternoon,,other,unknown
2019-12-03,2019,Unprovoked,USA,Hawaii,"Cove Park, Kihei, Maui",Stand-Up Paddleboarding,M,57.0,N,10h00,10'-12' tiger shark,watercraft,other shark
2019-08-21,2019,Unprovoked,USA,Florida,"Fort Lauderdale, Broward County",Wading,M,11.0,N,09h00,,swimming,unknown
2019-05-01,2019,Unprovoked,USA,Florida,"Off Boca Grande, Lee County",Fishing,M,,N,18h45,,fishing,unknown
2019-03-26,2019,Watercraft,USA,Hawaii,Waikoloa area,Paddling an outrigger canoe,M,74.0,N,10h00,12' shark,other,other shark
2019-02-04,2019,Unprovoked,USA,Hawaii,"Hanalei Bay, Kauai",Surfing,M,,N,13h40,Tiger shark,surfing,tiger shark
2018-08-28,2018,Unprovoked,BAHAMAS,,,Diving,M,,N,,Lemon shark,diving,other shark
2018-07-14,2018,Provoked,USA,California,"Trinidad Beach, Huboldt County",Wading,F,58.0,N,14h11,"Salmon shark, juvenile",swimming,other shark
2017-10-28,2017,Unprovoked,AUSTRALIA,New South Wales,Birubi Point,Surfing,M,31.0,N,09h00,"Wobbegong shark, 1 m",surfing,other shark
2017-10-05,2017,Unprovoked,USA,Hawaii,"Kama‘ole Beach Park, Maui",Snorkeling,F,40.0,N,12h30,8' shark,other,other shark
2017-09-15,2017,,SAMOA,Upolu Island,Nofoali’i,Fishing,M,,N,Night,,fishing,unknown
2016-08-27,2016,Unprovoked,REUNION,,Boucan Canot,Surfing,M,20.0,N,17h00,"Bull shark, 3.5 m",surfing,bull shark
2016-07-29,2016,Unprovoked,SPAIN,Alicante Province,Arenales del Sol,Swimming,M,40.0,N,11h30,Blue shark,swimming,other shark
2016-07-28,2016,Watercraft,AUSTRALIA,Western Australia,Near Albany,,M,,N,,White shark,other,white shark
2016-05-29,2016,Unprovoked,USA,California,"Corona Del Mar, Newport, Orange County",Swimming,F,52.0,N,16h00,,swimming,unknown
2015-10-05,2015,Unprovoked,USA,Texas,Galveston,Wading,M,13.0,N,10h00,4' to 5' shark,swimming,other shark
2015-07-27,2015,,AUSTRALIA,Victoria,Tyrendarra Beach,Surfing,M,40.0,,,,surfing,unknown
2015-07-22,2015,Unprovoked,REUNION,,St. Leu,Surfing,M,45.0,N,,"Bull shark, 2m",surfing,bull shark
2015-06-24,2015,Unprovoked,AUSTRALIA,New South Wales,"Belongil Beach, Byron Bay",Surf skiing,M,71.0,N,11h00,"White shark, 3 m",surfing,white shark
2014-12-28,2014,Invalid,SOUTH AFRICA,KwaZulu-Natal,Durban,Swimming,,,,Morning,Shark involvement not confirmed & highly unlikely,swimming,other shark
2014-10-22,2014,Unprovoked,USA,Hawaii,"Kihei, Maui",Stand-Up Paddleboarding,F,,N,10h00,Tiger shark,watercraft,tiger shark
2014-07-20,2014,Unprovoked,SPAIN,Canary Islands,"Teresita, Santa Cruz, Tenerife",Wading,,,N,,Angel shark,swimming,other shark
2014-07-13,2014,Invalid,BAHAMAS,West End,Tiger Beach,Shark diving,M,63.0,,Night,Shark involvement not confirmed,diving,other shark
2014-04-15,2014,Unprovoked,USA,Florida,"New Smyrna Beach, Volusia County",Wading,M,25.0,N,09h57,,swimming,unknown
2014-04-03,2014,Unprovoked,AUSTRALIA,New South Wales,Tathra,Swimming,F,63.0,Y,08h20,3 m to 4 m white shark,swimming,other shark
2013-11-07,2013,Unprovoked,USA,New Jersey,"Bay Head, Ocean County",Body boarding,M,16.0,N,Afternoon,,watercraft,unknown
2013-10-31,2013,Unprovoked,USA,Hawaii,"Kanaha Beach, Maui",Kiteboarding,M,46.0,N,15h19,Tiger shark,watercraft,tiger shark
2013-09-07,2013,Provoked,USA,Florida,"New Smyrna Beach,  Volusia County",Surfing,M,43.0,N,16h00,3' shark,surfing,other shark
2013-07-31,2013,Unprovoked,USA,Hawaii,"Ulua Beach, Maui",Snorkeling,F,56.0,N,08h45,,other,unknown
2013-06-30,2013,Unprovoked,TAIWAN,Taitung,,Fishing,M,,N,,,fishing,unknown
2013-06-25,2013,Watercraft,USA,California,"Pacific State , San Mateo County",Kayaking / Fishing,M,,N,15h30,White shark,fishing,white shark
2013-02-09,2013,Unprovoked,FRENCH POLYNESIA,Society Islands,"Tapu, a dive site on the outer reefs of Bora Bora",Scuba diving,M,48.0,N,09h00 - 09h30,Lemon shark,diving,other shark
2012-06-20,2012,Unprovoked,AUSTRALIA,Western Australia,"Mullaloo Beach, Perth",Surf skiing,M,62.0,N,07h15,3 m shark,surfing,other shark
2011-11-12,2011,Unprovoked,BRAZIL,Pernambuco,"Punta Del Chifre Beach, Olinda",Surfing,M,35.0,N,,,surfing,unknown
2011-07-25,2011,Unprovoked,USA,New Jersey,"Egg Harbor, Atlantic County",Wade Fishing,M,,N,Night,,fishing,unknown
2011-06-28,2011,Unprovoked,SOUTH AFRICA,KwaZulu-Natal,Aliwal Shoal,Scuba diving,M,22.0,N,12h00,"Bull shark, 3m female",diving,bull shark
2011-05-13,2011,Unprovoked,USA,Florida,"Ponte Vedra Beach, St Johns County",Body surfing,M,86.0,N,15h30,,surfing,unknown
2011-05-13,2011,Unprovoked,USA,Florida,"Ormond Beach, Volusia County",Surfing,M,37.0,N,06h30,,surfing,unknown
2011-01-15,2011,Unprovoked,SOUTH AFRICA,Eastern Cape Province,"Second Beach, Port St. John's",Surfing,M,16.0,Y,12h30,,surfing,unknown
2010-11-15,2010,Unprovoked,DOMINICAN REPUBLIC,,Boca Chica,Diving,M,21.0,Y,Morning,,diving,unknown
2010-10-28,2010,Unprovoked,AUSTRALIA,Western Australia,Cheynes Beach,Spearfishing,M,,N,,,fishing,unknown
2010-07-03,2010,Provoked,USA,New York,Off Long Island,Fishing,M,20.0,N,12h30,"Blue shark, 7'",fishing,other shark
2010-05-03,2010,Unprovoked,MADAGASCAR,Antsiranana Province,"Ambatolaoka, Nosy Be Island",Scuba diving,M,59.0,N,09h30,,diving,unknown
2010-02-16,2010,Unprovoked,SOUTH AFRICA,Eastern Cape Province,Yellow Sands Point,Surfing,M,,N,11h00,3 m shark,surfing,other shark
2009-12-22,2009,Unprovoked,MOZAMBIQUE,Maputo Province,Ponta do Ouro,Swimming,M,27.0,N,16h30,"Zambesi shark, 2m",swimming,other shark
2009-12-16,2009,Unprovoked,NEW ZEALAND,South Island,Clark Island,Swimming to shore from capsized kayak,M,24.0,Y,,"White shark, 2.8 to 3 m",swimming,white shark
2009-10-30,2009,Watercraft,AUSTRALIA,Victoria,Portland,Kayaking,M,27.0,N,Morning,"White shark, 4m",watercraft,white shark
2009-10-19,2009,Unprovoked,USA,Hawaii,"Kalama Park, Maui",Surfing,M,54.0,N,06h00,6' to 8' shark,surfing,other shark
2009-07-22,2009,Unprovoked,USA,Florida,"Intracoastal Waterway,      St. Petersburg",Swimming,F,19.0,N,15h00,,swimming,unknown
2009-03-17,2009,Unprovoked,MALAYSIA,Strait of Malacca,Pulau Payar Island,Feeding fish,F,,N,,Blacktip reef shark pup,fishing,other shark
2009-03-17,2009,Unprovoked,USA,Hawaii,Alenuihaha Channel,Swimming,M,61.0,N,20h00,Thought to involve a cookiecutter shark,swimming,other shark
2009-01-23,2009,Invalid,BRAZIL,Maranhão,Olho d'Água,Swimming,M,17.0,,,Invalid,swimming,unknown
2008-10-12,2008,Provoked,AUSTRALIA,Northern Territory,Darwin,Fishing,M,50.0,N,,"reef shark, 1.8m",fishing,other shark
2008-09-28,2008,Unprovoked,USA,Florida,Bethune Beach,Surfing,M,40.0,N,11h00,+3' shark,surfing,other shark
2008-08-24,2008,Unprovoked,USA,Florida,"New Smyrna Beach, Volusia County","Swimming, towing surfboard",M,20.0,N,15h00,,surfing,unknown
2008-08-12,2008,Unprovoked,USA,Florida,"New Smyrna Beach, Volusia County",Wading,F,13.0,N,12h05,,swimming,unknown
2008-04-20,2008,Unprovoked,AUSTRALIA,New South Wales,Crescent Head,,M,,,,"Tiger shark, 2.3m",other,tiger shark
2011-11-01,2007,Invalid,MEXICO,Baja California,Guadalupe Island,Shark diving,M,,,,Invalid,diving,unknown
2007-05-08,2007,Invalid,AUSTRALIA,New South Wales,Kingscliff Beach,Swimming,M,45.0,,12h15,Shark involvement prior to death was not confirmed,swimming,other shark
2007-03-31,2007,Unprovoked,USA,Florida,"Normandy Beach, Hutchinson Island,  St. Lucie County",Surfing,M,27.0,N,14h20,3' shark,surfing,other shark
2006-10-01,2006,Unprovoked,GULF OF ADEN,Between Somalia & Yemen,,Murder,,,Y,,,other,unknown
2006-08-27,2006,Unprovoked,REUNION,Saint-Gilles-les-Bains,"Les Aigrettes, near Boucan-Canot",Body boarding,M,27.0,N,18h00,,watercraft,unknown
2006-07-28,2006,Unprovoked,SOUTH AFRICA,Western Cape Province,Fish Hoek,Surf-skiing,M,19.0,N,16h30,"White shark, 3m to 4m",surfing,white shark
2006-06-07,2006,Unprovoked,USA,South Carolina,"Coligny Beach, Hilton Head, Beaufort County",Playing,F,7.0,N,13h45,3' to 4' shark,other,other shark
2006-04-09,2006,Unprovoked,SOUTH AFRICA,Eastern Cape Province,St. Francis Bay,Body boarding,M,15.0,N,17h30,"Raggedtooth shark, 2.5 m to 3 m",watercraft,other shark
2006-01-18,2006,Unprovoked,USA,California,"Santa Cruz, Santa Cruz County",Night Surfing,M,,N,22h30,,surfing,unknown
2005-10-01,2005,Unprovoked,SOUTH AFRICA,Western Cape Province,"Sunny Cove, Fish Hoek",Surf-skiing,M,52.0,N,15h00,White shark,surfing,white shark
2005-08-24,2005,Unprovoked,USA,California,"Scripps, LaJolla, San Diego County",Surfing,M,37.0,N,11h00,juvenile white shark,surfing,other shark
2005-07-13,2005,Unprovoked,USA,Texas,"Port Bolivar, Galveston County",Holding onto an inflatable boat,F,14.0,N,13h00,[4' to 5'],watercraft,other shark
2005-04-16,2005,Unprovoked,AUSTRALIA,Northern Territory,Bremer Island,Spearfishing,M,20.0,N,,2 m [6.75'] copper shark,fishing,other shark
2005-02-16,2005,Unprovoked,USA,Hawaii,"Rocky Point, north shore of O'ahu",Surfing,M,,N,14h30,"Tiger shark, 2.4 m [8']",surfing,tiger shark
2004-12-26,2004,Invalid,SRI LANKA,Eastern Province,Pasikudha,"Swept out to sea by the tsunami, she clung  to a log for 24 hours",F,11.0,,,No shark involvement,other,other shark
2004-08-03,2004,Unprovoked,AUSTRALIA,New South Wales,Byron Bay,Spearfishing,M,30.0,N,14h00,,fishing,unknown
2004-05-04,2004,Unprovoked,USA,Texas,Channel between South Padre Island & Padre Island National Seashore,Tandem surfing,M,28.0,N,16h30,"Mako shark, 1.8 m [6']",surfing,other shark
2004-03-31,2004,Unprovoked,USA,Florida,"Stuart Rocks, Martin County",Surfing,M,20.0,N,09h00,1.2 m [4'] bull shark,surfing,other shark
2004-01-03,2004,Invalid,NEW ZEALAND,North Island,"Whiritoa, Eastern Cormandel",Kayaking (returning from spearfishing),M,,,Afternoon,Invalid,fishing,unknown
2003-06-01,2003,Invalid,USA,South Carolina,"Pawleys Island, Georgetown County",Swimming,F,22.0,,,Shark involvement not confirmed,swimming,other shark
2003-04-18,2003,Unprovoked,USA,Florida,"North Beach, Patrick AFB, Brevard County",Surfing,M,12.0,N,08h50,Unidentified species,surfing,unknown
2002-12-20,2002,Invalid,AUSTRALIA,Queensland,Golden Beach,Swimming,M,11.0,,,"Shark involvement not confirmed, injury may be due to a stingray",swimming,other shark
2002-03-15,2002,Unprovoked,USA,Florida,"Deerfield Beach (near Boca Raton), Broward County",Snorkeling,M,39.0,N,Morning,"Nurse shark, 1m",other,other shark
2001-09-07,2001,Unprovoked,USA,Florida,"Key Biscayne, Dade County",Walking in shallows,M,13.0,N,18h40,,other,unknown
2001-08-18,2001,Unprovoked,USA,Florida,"New Smyrna Beach, Volusia County",Surfing,M,19.0,N,12h05,"3' shark, possibly  a blacktip or spinner shark",surfing,other shark
2001-01-06,2001,Watercraft,NEW ZEALAND,North Island,Sandy Bay/Whananaki,Kayaking,M,,N,,White shark,watercraft,white shark
2000-03-24,2000,Unprovoked,USA,Florida,"Floridana Beach, Brevard County",Surfing,M,37.0,N,14h00,1.2 m [4'] shark,surfing,other shark
1999-11-13,1999,Unprovoked,SOUTH AFRICA,KwaZulu-Natal,Umtentweni,Surfing,M,35.0,N,,"White shark, 3 m [10']",surfing,white shark
1999-09-29,1999,Unprovoked,USA,Florida,"South side of Ponce de Leon Inlet, Volusia County",Wading to shore after surfing,M,22.0,N,18h45,,surfing,unknown
1999-08-05,1999,Unprovoked,BAHAMAS,Abaco Islands,Grand Cay,Spearfishing & holding catch,M,35.0,N,17h00,2.7 m [9']  bull shark or Caribbean reef shark,fishing,other shark
1999-07-29,1999,Unprovoked,SOUTH AFRICA,Western Cape Province,Kogebaai,Surfing,M,42.0,N,14h00,"White shark, 3 m to 5 m [10' to 16.5']",surfing,white shark
1999-06-19,1999,Unprovoked,USA,Florida,"11 miles off Dog Island in the Gulf of Mexico, Franklin County",Adrift in a life jacket,M,20.0,N,,1.2 m [4'] shark,other,other shark
1998-12-22,1998,Unprovoked,AUSTRALIA,South Australia,Middleton Beach,Standing,F,21.0,N,15h30,,swimming,unknown
1998-11-05,1998,Unprovoked,USA,Oregon,Winchester Bay,Surfing,M,32.0,N,,"White shark, 5 m  to 6 m [16.5' to 20']",surfing,white shark
1998-09-16,1998,Unprovoked,SOUTH AFRICA,Eastern Cape Province,Kowie River,Fishing / washing bait off hands,M,,N,Dusk,,fishing,unknown
1998-05-30,1998,Unprovoked,SOUTH AFRICA,Eastern Cape Province,Pollock Beach,Surfing,M,17.0,N,,,surfing,unknown
1998-03-31,1998,Unprovoked,USA,Florida,"Jensen Beach Park, Martin County",Swimming,M,40.0,N,15h30,,swimming,unknown
1998-03-08,1998,Unprovoked,USA,Florida,"Loggerhead Park, Juno Beach, Palm Beach County",Swimming or paddle boarding,M,32.0,N,Morning,5' spinner shark,swimming,other shark
1997-09-06,1997,Unprovoked,USA,Florida,"New Smyrna Beach, Volusia County",Surfing,M,20.0,N,15h20,,surfing,unknown
1996-10-05,1996,Unprovoked,USA,California,"Dillon Beach, Marin County",Surfing,M,22.0,N,13h00,5.5 m to 6 m [18' to 20'] white shark,surfing,other shark
1995-01-01,1995,Unprovoked,USA,South Carolina,"Pawleys Island, Georgetown County",,M,,,,,other,unknown
1994-07-24,1994,Unprovoked,BRAZIL,Pernambuco,"Boa Viagem, Recife",Surfing,M,15.0,N,,,surfing,unknown
1994-01-31,1994,Unprovoked,BRAZIL,Pernambuco,Piedade,Swimming,M,,N,,,swimming,unknown
1993-08-19,1993,Unprovoked,USA,Hawaii,"Paukukalo, Maui","Surfing, paddling seawards",M,,N,07h05,,surfing,unknown
1993-06-30,1993,Unprovoked,BRAZIL,Pernambuco,"Boa Viagem, Recife",Swimming,M,,Y,,,swimming,unknown
1993-06-11,1993,Unprovoked,MEXICO,Quintana Roo,"Santa Rosa Shallows, Cozumel",Scuba diving,F,42.0,Y,19h30,,diving,unknown
,1993,Unprovoked,SOMALIA,Banaadir Region,Mogadishu,,,,Y,,,other,unknown
1992-10-01,1992,Unprovoked,AUSTRALIA,Queensland,"North Point Beach, Moreton Island",Surfing,M,28.0,Y,14h30,4.2 m white shark,surfing,other shark
1992-05-31,1992,Invalid,USA,North Carolina,Wreck of the U-352,Scuba diving,M,45.0,,,Shark involvement prior to death was not confirmed,diving,other shark
1992-03-28,1992,Unprovoked,USA,Hawaii,"Cannons, at Ha'ena on the north shore of Kaua'i Island","Surfing, paddling seawards",F,36.0,N,>06h45,Tiger shark,surfing,tiger shark
1992-03-10,1992,Unprovoked,AUSTRALIA,Victoria,Point Lonsdale,Surfing,M,17.0,N,,"Bronze whaler shark, 3 m",surfing,other shark
1991-05-26,1991,Unprovoked,USA,Hawaii,"Ma'ili Beach, O'ahu",Sitting on surfboard,M,23.0,N,16h45,2.4 m [8'] shark,surfing,other shark
1991-01-09,1991,Unprovoked,AUSTRALIA,Western Australia,Scarborough,Surf-skiing,M,,N,,4 m shark,surfing,other shark
1990-04-14,1990,Unprovoked,SOUTH AFRICA,Eastern Cape Province,Cape Recife,Lying on surfboard & paddling,M,23.0,N,14h00,"2.3 m [7.5'] white shark, identified by M. Smale",surfing,other shark
1990-04-09,1990,Unprovoked,AUSTRALIA,Queensland,Greenmount Beach,Surfing,M,31.0,N,05h40,"Tiger shark, 3 m",surfing,tiger shark
1989-11-18,1989,Unprovoked,SOUTH AFRICA,Western Cape Province,Melkbosstrand,Free diving & spearfishing,M,29.0,Y,12h05,White shark,fishing,white shark
1989-08-09,1989,Unprovoked,BAHAMAS,Great Exuma Island,Highborn Cay,Spearfishing,F,31.0,N,,,fishing,unknown
1988-12-15,1988,Unprovoked,CHILE,Valpariso Province,Valpariso,Skindiving,M,,Y,,16' white shark,diving,other shark
1988-07-17,1988,Unprovoked,BAHAMAS,,,Diving,M,35.0,N,,1.5 m [5'] Caribbean reef shark,diving,other shark
1988-07-04,1988,Unprovoked,USA,Florida,"New Smyrna Beach, Volusia County",Boogie boarding,M,37.0,N,Afternoon,,watercraft,unknown
1987-10-06,1987,Sea Disaster,DOMINICAN REPUBLIC,Between DR and Puerto Rico,Mona Passage,"Vessel caught fire & capsized, survivors in the water",,,Y,,40 to 50 sharks attacked survivors in the water,other,other shark
1986-07-01,1986,Unprovoked,SOUTH AFRICA,KwaZulu-Natal,LaMercy,Spearfishing,M,26.0,N,17h15,1.2 m [4'] dusky shark,fishing,other shark
1986-02-17,1986,Unprovoked,SOUTH AFRICA,Eastern Cape Province,Cape Recife,Surfing,M,,N,18h00,,surfing,unknown
1986-02-06,1986,Unprovoked,SOUTH AFRICA,Western Cape Province,Arniston,Spearfishing,M,29.0,N,13h30,"Raggedtooth shark, 2 m [6.75']",fishing,other shark
1985-01-04,1985,Unprovoked,SOUTH AFRICA,Western Cape Province,"Buffels Bay, False Bay",Spearfishing,M,34.0,N,11h30,3.5 m [11.5'] white shark,fishing,other shark
1984-03-17,1984,Invalid,SOMALIA,,,Murder,M,,,,Shark involvement prior to death was not confirmed,other,other shark
1984-03-14,1984,Unprovoked,SOUTH AFRICA,KwaZulu-Natal,Amanzimtoti,Surfing,M,,N,17h30,,surfing,unknown
1983-11-10,1983,Unprovoked,USA,Florida,"Melbourne Beach, Brevard County",Surfing,M,15.0,N,,Tiger shark,surfing,tiger shark
1983-02-20,1983,Unprovoked,SOUTH AFRICA,KwaZulu-Natal,Mtunzini,Paddleskiing,M,16.0,N,12h30,3 m [10'] shark,watercraft,other shark
,1983,Unprovoked,,English Channel,,Swimming,M,,N,,,swimming,unknown
1982-09-30,1982,Unprovoked,SOUTH AFRICA,Eastern Cape Province,"Nahoon, East London",Surfing,M,16.0,N,14h50,Believed to involve a 2.8 m [9'3] white shark,surfing,other shark
1981-09-27,1981,Unprovoked,USA,Florida,"Melbourne Beach, Brevard County",Surfing,M,,N,,,surfing,unknown
1981-07-01,1981,Unprovoked,SOUTH AFRICA,KwaZulu-Natal,Clansthal,Catching sardines,M,,N,,gray shark,other,other shark
1980-12-26,1980,Invalid,SOUTH AFRICA,Eastern Cape Province,Port Elizabeth,,M,,,,Shark involvement prior to death was not confirmed,other,other shark
1978-09-16,1978,Unprovoked,ITALY,Tyrrhenian Sea,Capo d'Anzio,Diving,M,,N,11h00,"White shark, 5 m [16.5']",diving,white shark
1976-09-12,1976,Unprovoked,USA,Florida,"Jacksonville, Duval County",Swimming,M,16.0,Y,,,swimming,unknown
1975-11-19,1975,Unprovoked,SOUTH AFRICA,KwaZulu-Natal,"South Beach, Durban",Standing,M,33.0,N,10h00,Juvenile dusky shark,swimming,other shark
1974-09-02,1974,Unprovoked,USA,California,"Franklin Point, San Mateo County",Scuba diving (but on surface),M,41.0,N,17h30,"White shark, 5 m to 6 m [16.5 to 20']",surfing,white shark
1973-12-01,1973,Unprovoked,MEXICO,Guerrero,Acapulco Bay,Swimming alongside yacht Mexico Fiesta,M,,Y,Late afternoon,,swimming,unknown
1972-04-01,1972,Unprovoked,AUSTRALIA,Queensland,Wellington Point,,F,,N,,,other,unknown
1971-09-25,1971,Unprovoked,USA,North Carolina,"Emerald Isle, Carteret County",Surfing,,17.0,N,,,surfing,unknown
1970-02-05,1970,Unprovoked,,,,Wading,F,8.0,N,,Carpet shark,swimming,other shark
1970-01-09,1970,Unprovoked,ENGLAND,Devon,Teignmouth,Attempted to return injured shark to the sea,M,,N,,8' blue shark,other,other shark
1967-10-17,1967,Unprovoked,USA,Florida,"McArthur Beach, Singer Island, Palm Beach Shores",Standing on sandbar,M,19.0,N,16h30,small blacktip shark,swimming,other shark
1967-08-19,1967,Unprovoked,AUSTRALIA,Western Australia,Jurien Bay,"Spearfishing, dived to pick up a float line",M,23.0,Y,11h00,White shark,fishing,white shark
1967-07-01,1967,Invalid,USA,South Carolina,,Surfing,M,18.0,,16h30,Questionable incident,surfing,unknown
1967-03-12,1967,Provoked,AUSTRALIA,Victoria,Geelong,Spearfishing,M,36.0,N,15h00,Grey nurse shark,fishing,other shark
1967-01-21,1967,Unprovoked,MOZAMBIQUE,Bay of Maputo,Xefina Island,Swimming in the channel,M,31.0,N,,,swimming,unknown
1966-12-26,1966,Unprovoked,SINGAPORE,,Singapore,Wading,M,39.0,N,Afternoon,,swimming,unknown
1966-06-22,1966,Provoked,USA,New Jersey,"Reeds Bay, Brigantine, Atlantic County",Clamming,M,15.0,N,16h00,"Local authorities speculated that the water was too cold for sharks, but a 2.1 m [7'], 200-lb pregnant sandbar shark was caught next day",other,other shark
1966-01-05,1966,Unprovoked,USA,Florida,"Hollywood, Broward County",Swimming,M,35.0,N,16h00,Hammerhead shark,swimming,other shark
1965-05-01,1965,Unprovoked,MEXICO,Veracruz,Mocambo,Swimming,M,35.0,N,,,swimming,unknown
1965-03-23,1965,Invalid,USA,Puerto Rico,60 miles offshore north of San Juan,Aircraft exploded,M,,,11h30,Shark involvement prior to death was not confirmed,other,other shark
,1965,Provoked,USA,Florida,"Between Palm  & Salerno Inlets, Martin County",Collecting marine specimens,M,,N,,"Nurse shark, 0.94 m to 1.2 m [3' to 4']",other,other shark
1964-11-18,1964,Unprovoked,AUSTRALIA,Queensland,"Fingal Beach, near Tweed Heads",Swimming out to rescue swimmers in difficulty,M,29.0,Y,13h30,,swimming,unknown
1964-08-22,1964,Invalid,USA,Florida,5 miles south of Palm Beach,Spearfishing / free diving,M,18.0,,11h30,Invalid,fishing,unknown
1963-12-25,1963,Unprovoked,SOUTH AFRICA,Eastern Cape Province,Gonubie River Mouth,Swimming,M,18.0,Y,15h45,,swimming,unknown
1963-12-21,1963,Provoked,AUSTRALIA,New South Wales,"Woolgoolga, Coffs Harbour",Fishing,M,,N,,"Wobbegong shark, 3'",fishing,other shark
1963-09-29,1963,Unprovoked,CHILE,,"El Panul, 12km south of Coquimbo",Spearfishing / free diving,M,,Y,11h00,"White shark, 4 m [13'] rk",fishing,white shark
1963-06-01,1963,Unprovoked,GREECE,Thessaly,near Trikerion Island,Swimming,F,42.0,Y,16h30,"White shark, 3 m",swimming,white shark
1962-12-09,1962,Unprovoked,AUSTRALIA,South Australia,Carrickalinga Head,Spearfishing,M,16.0,Y,14h30,"White shark, 4.3 m [14'] (or bronze whaler)",fishing,white shark
1962-09-30,1962,Unprovoked,BRITISH WEST INDIES,Grand Turk Island,Long Cay,Spearfishing,M,24.0,N,14h30,"Blacktip shark, C. maculipinnis. 1.9 m to 2.1 m [6.5' to 7']",fishing,other shark
1962-02-04,1962,Unprovoked,AUSTRALIA,Queensland,Greenmount Beach,Swimming,M,35.0,N,14h30,60 cm  shark,swimming,other shark
1961-10-17,1961,Unprovoked,PHILIPPINES,Western Luzon Island,Manila Bay,Gathering shells,M,,N,,,other,unknown
1961-08-20,1961,Unprovoked,USA,California,"Portuguese Beach at mouth of Salmon Creek, Sonoma County",Swimming,M,16.0,N,09h30 / 15h30,"White shark, 4 m [13']",swimming,white shark
1961-05-07,1961,Provoked,AUSTRALIA,Western Australia,"Quinn’s Rocks, south of Yanchep",Spearfishing,M,,N,,,fishing,unknown
1961-01-01,1961,Sea Disaster,USA,Hawaii,Maui,Light aircraft ditched at sea,,,Y,,,other,unknown
1960-12-20,1960,Unprovoked,AUSTRALIA,Queensland,"College’s Crossing, 54 miles above mouth of the Brisbane River","Fishing, when line became snagged on rock & he dived into water to free it",M,33.0,N,09h00,"Grey nurse shark, 1m",fishing,other shark
1960-11-01,1960,Provoked,NEW GUINEA,Western District,Toro Passage,,M,,N,,1.4 m [4'6] blacktip shark,other,other shark
1960-03-31,1960,Unprovoked,USA,Florida,"Off Boca Raton Hotel & Club, Boca Raton, Palm Beach County",Treading water,M,42.0,N,12h00,"1.2 m [4'], possibly  larger shark",swimming,other shark
1960-01-26,1960,Sea Disaster,,"Between Timor & Darwin, Australia",,Portuguese Airliner with 9 people aboard went down.,,,N,,,watercraft,unknown
1959-12-19,1959,Unprovoked,AUSTRALIA,Queensland,"Off Wynnum in Moreton Bay, near Brisbane",Dived from dinghy to retrieve oar in heavy seas,M,29.0,Y,06h00,,diving,unknown
1959-11-12,1959,Provoked,AUSTRALIA,South Australia,Near Port Vincent,Shark fishing,,,N,,6 m [20'] shark,fishing,other shark
,1959,Boat,NORTH ATLANTIC OCEAN,In the Gulf Stream,Between Bimini & Miami,,,,N,,"Oceanic whitetip shark,1.8 m [6']",other,other shark
1958-01-09,1958,Invalid,JAPAN,Ibaraki Prefecture,Mito,,M,50.0,,,Shark involvement prior to death was not confirmed,other,other shark
,1958,Unprovoked,SOUTH AFRICA,KwaZulu-Natal,MaKakatana River,"Fishing, walking in river to cast",M,,Y,,,fishing,unknown
1956-09-13,1956,Unprovoked,,Near the Andaman & Nicobar Islands,,Climbing back on ship,M,,Y,P.M.,Blue shark,other,other shark
1955-02-01,1955,Watercraft,AUSTRALIA,New South Wales,Coff’s Harbor,Rowing toward snapper grounds,,,N,,4 m [13'] shark x 6,other,other shark
1954-08-10,1954,Unprovoked,USA,Louisiana,Lake Pontchartrain,Wading,F,27.0,N,21h00,,swimming,unknown
1954-05-01,1954,Unprovoked,PAPUA NEW GUINEA,Madang Province,Near Madang Town,,,,N,,,other,unknown
1953-02-18,1953,Provoked,USA,Hawaii,"Barber’s Point, O'ahu",Bitten while cutting shark from net,M,,N,,,other,unknown
1950-01-01,1950,Unprovoked,SRI LANKA,Eastern Province,Heda Oya Estuary,Shark fishing,M,,N,,Possibly a lemon shark,fishing,other shark
1949-12-01,1949,Sea Disaster,,Caribbean Sea,Between  Cuba  & Costa Rica,"Sea Disaster, sinking of the motorship Wingate",M,,Y,,Shark involvement not confirmed,other,other shark
1947-01-05,1947,Unprovoked,SOUTH AFRICA,KwaZulu-Natal,"Country Club Beach, Durban",Treading water,M,18.0,N,15h50,>1.6 m shark,swimming,other shark
1946-03-20,1946,Watercraft,AUSTRALIA,South Australia,Grange,Fishing,M,28.0,N,19h00,,fishing,unknown
1945-09-19,1945,Sea Disaster,OKINAWA,,,American minesweeper USS YMS-472 foundered in a typhoon - swimming to shore,M,20.0,N,,,swimming,unknown
1944-10-26,1944,Sea Disaster,PHILIPPINES,,,"USS Gambier Bay CVE-73  shelled & sunk  at 09h57 on 10/24/1944, by Japanes fleet enroute to attack the Allied landing force at Leyte.",M,,Y,,,other,unknown
1944-01-04,1944,Unprovoked,SOUTH AFRICA,KwaZulu-Natal,"North Beach, Durban",Swimming,M,26.0,Y,17h50,,swimming,unknown
,1944,Sea Disaster,SOUTH PACIFIC OCEAN,,,Adrift on raft,M,,Y,,,other,unknown
1943-05-14,1943,Sea Disaster,AUSTRALIA,Queensland,Off Brisbane,Hospital Ship Centaur torpedoed & sunk by the Japanese submarine I-177,M,,Y,After 04h00,,other,unknown
1942-11-28,1942,Sea Disaster,SOUTH AFRICA,KwaZulu-Natal,50 km off St. Lucia,U-177 torpedoed & sank the troopship Nova Scotia,M,,Y,09h30,"1.8 m to 2.4 m [6' to 8'] sharks, most were oceanic whitetip sharks",other,other shark
1941-12-07,1941,Sea Disaster,SOUTH ATLANTIC OCEAN,,,Torpedoed & burning British  light cruiser with a crew of 450 men,,,Y,,"Reportedly: oceanic whitetip sharks, blue sharks, tiger sharks & bull sharks",other,other shark
1941-09-25,1941,Unprovoked,CARIBBEAN SEA,,125 nm north of Aruba,SS Ethel Skakel foundered in Central America Hurricane of 1941,M,,Y,Night,,other,unknown
1940-12-10,1940,Provoked,AUSTRALIA,Northern Territory,Darwin,Collecting fish in military trap when bitten by captured shark that had been shot by soldiers with Garten,M,,N,,,fishing,unknown
1939-11-02,1939,Unprovoked,SAMOA,,,Fishing,M,,Y,,,fishing,unknown
1939-05-03,1939,Unprovoked,USA,Virginia,"At sea, several hundred miles south east of Cape Henry, Virginia",Washed off freighter Huncliff by a freak wave,M,,Y,,,other,unknown
1938-06-08,1938,Unprovoked,AUSTRALIA,New South Wales,Manly,Hardhat diving,M,,N,,6' shark,diving,other shark
1934-08-26,1934,Invalid,ITALY / CROATIA,,Kralievica,Swimming,F,,,,Invalid,swimming,unknown
1934-07-11,1934,Watercraft,AUSTRALIA,New South Wales,Cronulla,Fishing,,,N,,"Blue pointer, 11'",fishing,other shark
1934-06-20,1934,Unprovoked,USA,Florida,"Melbourne, Brevard County",Standing,M,8.0,Y,,,swimming,unknown
1933-08-26,1933,Unprovoked,USA,Connecticut,Mystic River,Swimming,F,,N,,,swimming,unknown
1928-01-27,1928,Unprovoked,AUSTRALIA,Torres Strait,Deliverance Island,Retrieving meat from a cage in the water,M,78.0,Y,,,other,unknown
1927-11-03,1927,Sea Disaster,AUSTRALIA,New South Wales,"Bradleys Head, Sydney",The steamer Tahiti collided with the ferry Greycliffe,,,Y,,,other,unknown
1926-01-01,1926,Unprovoked,AUSTRALIA,Victoria,,,M,,N,,,other,unknown
1922-05-06,1922,Unprovoked,SOUTH AFRICA,Western Cape Province,"Simon’s Town, False Bay",Swimming,M,18.0,N,A.M.,"White shark, 12', identity confirmed by tooth fragment, witness and photograph of captured shark",swimming,white shark
1920-06-29,1920,Unprovoked,USA,Florida,"Englewood Beach, Charlotte County",Swimming,M,13.0,N,18h30,,swimming,unknown
1919-08-10,1919,Unprovoked,USA,Florida,"Gadsden Point, Tampa Bay",Swimming,M,,N,Afternoon,,swimming,unknown
1915-03-29,1915,Unprovoked,AUSTRALIA,Torres Strait,Near Thursday Island,Skin diving for trepang but at surface next to the boat,M,,N,,3 m [10'] shark,surfing,other shark
1914-06-13,1914,Watercraft,MONTENEGRO,Adriatic Sea,Between St. Stjepan and Budva,Fishing boat,M,,N,07h00,,fishing,unknown
1913-08-26,1913,Invalid,ITALY,Trieste,,,,,,,Shark involvement prior to death unconfirmed,other,other shark
1911-07-31,1911,Unprovoked,SPAIN,Málaga,Ceuta,Bathing,M,,Y,,,swimming,unknown
1911-07-16,1911,Provoked,USA,Delaware,Delaware Lightship,Fishing,M,,N,,,fishing,unknown
1911-05-01,1911,Provoked,USA,Texas,"Rockport, Aransas County",Fishing,M,,N,,5' shark,fishing,other shark
1907-07-01,1907,Unprovoked,USA,South Carolina,Small creek near Coles Island,Floating in creek,M,,N,,1.5 m [5'] shark,other,other shark
1907-03-26,1907,Unprovoked,USA,Florida,"Garden Key, Charlotte County","Fishing,  tarpon being chased by shark  leapt across his skiff, breaking it in half & Larkin became tangled in the net",M,,Y,,,fishing,unknown
1906-08-20,1906,Unprovoked,YEMEN,Aden,,Diving around anchored liner,M,,N,,,diving,unknown
1905-07-29,1905,Unprovoked,USA,North Carolina,"Davis Shore, east of Beaufor, Carteret Countyt",Wading,M,16.0,Y,Afternoon,,swimming,unknown
1905-07-10,1905,Unprovoked,INDONESIA,Nusa Tenggara,Off Rakit Island,Jumped or fell overboard,M,,Y,,,watercraft,unknown
1905-05-22,1905,Unprovoked,USA,Florida,"Pablo Beach, Jacksonville, Duval County",Swimming,M,,N,,,swimming,unknown
1901-01-30,1901,Unprovoked,AUSTRALIA,Queensland,Brisbane,Bathing,M,,Y,,,swimming,unknown
1899-01-01,1899,Watercraft,USA,Florida,St. John's River,Rowing,M,,N,,,other,unknown
1898-09-19,1898,Unprovoked,,,,Diving,M,,N,,,diving,unknown
1897-07-21,1897,Unprovoked,SOUTH AFRICA,KwaZulu-Natal,"Back Beach, Durban",Wading after stray fish from seine netter’s catch,M,,Y,Morning,,swimming,unknown
1894-08-21,1894,Unprovoked,USA,New York,"Woolsey's Point, East River",Swimming,F,,,,"Shovelnose shark, 5'",swimming,other shark
1893-10-20,1893,Unprovoked,INDIA,Bay of Bengal,Madras Harbor,Murder,M,,Y,,,other,unknown
1878-02-02,1878,Sea Disaster,BRAZIL,,,Washed off raft,M,,Y,,,other,unknown
1872-02-26,1872,Sea Disaster,AUSTRALIA,Queensland,Bramble Reef,Wreck of the 150-ton brig Maria,,,Y,,,other,unknown
1871-08-01,1871,Provoked,USA,New York,Long Island,Shark fishing,M,,N,,,fishing,unknown
1868-01-17,1868,Sea Disaster,VIETNAM,,Cohong,A junk foundered,M,,Y,,,other,unknown
1863-02-05,1863,Invalid,SOUTH AFRICA,KwaZulu-Natal,"Back Beach, Durban","Swimming, caught in strong backwash & disappeared",M,26.0,,,Shark involvement prior to death unconfirmed,swimming,other shark
,1862,Unprovoked,USA,Hawaii,Puna,,F,,N,,,other,unknown
1860-03-27,1860,Sea Disaster,COOK ISLANDS,Mangaia Island,,43-ton schooner Irene capsized & sank,M,,Y,,,other,unknown
1858-08-17,1858,Invalid,USA,New York,"Staten Island, Richmond County",Swimming,M,,,,Shark involvement prior to death unconfirmed,swimming,other shark
1840-04-09,1840,Unprovoked,WEST INDIES,,,Swimming,M,,Y,,,swimming,unknown
,1555,Unprovoked,,,,Swimming,M,,,,,swimming,unknown
2023-07-30,2023,Unprovoked,USA,Florida,"Anna Maria Island, Manatee County",Spearfishing,M,22.0,N,15h30,,fishing,unknown
2023-05-28,2023,Unprovoked,NEW CALEDONIA,Poum,Twagne,Spearfishing,M,42.0,Y,11h00,,fishing,unknown
2023-05-24,2023,Unprovoked,TURKS and CaICOS,Providenciales Island,Grace Bay Beach,Snorkeling,F,22.0,N,15h00,Caribbean reef shark,other,other shark
2022-09-22,2022,Unprovoked,USA,Florida,"Marathon, Monroe County",Spearfishing,M,26.0,N,,Bu.ll,fishing,other shark
2022-04-17,2022,Unprovoked,USA,Florida,"Whale Harbor, Islamorada, Monroe County",,M,56.0,N,16h00,,other,unknown
2022-03-13,2022,Unprovoked,USA,Florida,"New Smyrna Beach, Volusia County",Surfing,M,20.0,N,15h00,,surfing,unknown
2022-01-04,2022,Unprovoked,AUSTRALIA,New South Wales,"Hyams Beach, Jervis Bay",,F,42.0,N,06h30,,other,unknown
,2021,Unprovoked,AUSTRALIA,Queensland,Yarrabah,Spearfishing,M,24.0,N,10h30,Bull shark,fishing,bull shark
2021-07-26,2021,Unprovoked,USA,New York,"Jones Beach, Nassau County",Swimming,M,,N,11h00,A small shark,swimming,other shark
2021-07-10,2021,Unprovoked,BRAZIL,Pernambuco,Piedade,Wading,M,51.0,Y,13h50,,swimming,unknown
2021-01-13,2021,Unprovoked,BRAZIL,Pernambuco,Cacimba do Padre Beach,Surfing,M,52.0,N,,,surfing,unknown
2020-09-20,2020,Unprovoked,USA,Florida,"Sombero Key Light, Monroe County",Snorkeling,M,30.0,N,10h30,Bull shark,other,bull shark
2020-09-08,2020,,USA,Florida,Canaveral National Seashore,Surf fishing,M,54.0,N,,4' to 5' shark,surfing,other shark
2020-03-22,2020,Unprovoked,USA,Florida,"New Smyrna Beach, Volusia County",Surfing,M,,N,12h20,,surfing,unknown
2020-02-05,2020,Unprovoked,USA,Maui,Wailea,Stand-Up Paddle boarding,M,,N,09h40,Tiger shark,watercraft,tiger shark
2019-06-26,2019,Unprovoked,BAHAMAS,Lucayan Archipelago,Rose Island,Snorkeling,F,21.0,Y,14h00,,other,unknown
2019-05-29,2019,Unprovoked,NEW CALEDONIA,Bélep Islands,Cook Reef,Fishing,M,43.0,Y,,,fishing,unknown
2018-12-09,2018,Unprovoked,AUSTRALIA,New South Wales,Nambucca,Surfing,M,36.0,N,07h15,,surfing,unknown
2018-09-07,2018,Unprovoked,USA,Florida,"Fort Pierce, St. Lucie County",Surfing,M,,N,09h29,,surfing,unknown
2018-02-24,2018,Unprovoked,SOUTH AFRICA,KwaZulu-Natal,Durban,Scuba Diving,M,38.0,N,,Blacktip shark,diving,other shark
2018-01-05,2018,Unprovoked,AUSTRALIA,Western Australia,"South Point, Gracetown",Surfing,M,,N,,Wobbegong shark?,surfing,other shark
2017-12-30,2017,Unprovoked,USA,California,"Drakes Estero, Point Reyes, Marin County",Surfing,F,35.0,N,12h00,,surfing,unknown
2017-12-09,2017,Unprovoked,BAHAMAS,,,Snorkeling,F,25.0,N,,Nurse shark. 5',other,other shark
2017-11-13,2017,Unprovoked,,,,Surfing,M,24.0,N,,,surfing,unknown
2017-11-13,2017,Unprovoked,AUSTRALIA,New South Wales,Avoca Beach,Surfing,M,25.0,N,16h00,2 m shark,surfing,other shark
2017-09-15,2017,Invalid,SOUTH AFRICA,Western Cape Province,Hawston,Scuba Diving,M,25.0,,Afternoon,,diving,unknown
2017-08-26,2017,Watercraft,NEW ZEALAND,North Island,Off Tutukaka,Canoeing,M,,N,,,other,unknown
2017-07-31,2017,Unprovoked,USA,Florida,"Jacksonvlle, Duval County",Skimboarding,M,15.0,N,18h30,,watercraft,unknown
2017-06-19,2017,Unprovoked,USA,Florida,"Singer Island, Palm Beach County",Surfing,M,,N,Morning,,surfing,unknown
2017-06-11,2017,Unprovoked,AUSTRALIA,Western Australia,"Point Casuarina, Bunbury",Body boarding,M,48.0,N,08h30,"White shark, 4 m",watercraft,white shark
2017-05-06,2017,Provoked,AUSTRALIA,Queensland,Weipa,Attempting to lasso a shark,M,29.0,N,,9' shark,other,other shark
2016-10-30,2016,Unprovoked,USA,Florida,"Mayport Naval Station Beach, Duval County",Surfing,M,41.0,N,Afternoon,,surfing,unknown
2016-10-15,2016,Unprovoked,AUSTRALIA,Queensland,"Kings Beach, Caloundra",Surfing,M,,N,18h00,,surfing,unknown
2016-09-07,2016,Unprovoked,USA,Hawaii,"Makaha, Oahu",Swimming,F,51.0,N,14h30,"Tiger shark, 10'",swimming,tiger shark
2016-06-05,2016,Unprovoked,USA,Florida,"Flagler Beach, Flagler County",Swimming,M,64.0,N,08h30,,swimming,unknown
2016-06-02,2016,Unprovoked,AUSTRALIA,New South Wales,Kingscliff,Spearfishing,M,,,,Bronze whaler sharks x 3,fishing,other shark
2016-03-28,2016,Unprovoked,USA,Florida,"Fort Myers Beach, Lee County",,M,,,,Shark involvement not confirmed,other,other shark
2015-10-05,2015,Unprovoked,USA,Florida,"Pepper Park Beach, St. Lucie County",Body boarding,M,22.0,N,13h00,,watercraft,unknown
2015-07-26,2015,Unprovoked,USA,Florida,"Daytona Beach, Volusia County",Surfing,M,25.0,N,19h00,"Blacktip or spinner shark, 4'",surfing,other shark
2014-10-05,2014,Unprovoked,USA,Florida,"New Smyrna Beach, Volusia County",Surfing,M,29.0,N,11h30,Blacktip shark,surfing,other shark
2014-06-18,2014,Unprovoked,AUSTRALIA,South Australia,"Middleton Point, Fleurieu Peninsula",Surfing,M,,N,17h01,,surfing,unknown
2013-11-07,2013,Unprovoked,USA,Florida,"Floridana Beach, Brevard County",Surfing,M,,N,,,surfing,unknown
2013-09-12,2013,Unprovoked,USA,Florida,"New Smyrna Beach,  Volusia County",Surfing,F,13.0,N,13h00,3' shark,surfing,other shark
2013-08-29,2013,Invalid,USA,California,Catalina Channel,Marathon swimming,F,47.0,,,No shark involvement,swimming,other shark
2013-08-05,2013,Unprovoked,USA,Florida,"Sanibel Island, Lee County",Fishing,M,17.0,N,15h00,"Bull shark, 6' to 8'",fishing,bull shark
2013-07-29,2013,Unprovoked,MEXICO,Quintana Roo,,Wading,F,,N,11h00,,swimming,unknown
2013-07-02,2013,Unprovoked,AUSTRALIA,Victoria,"Flinders, Mornington Penisula",Body surfing,M,29.0,N,,,surfing,unknown
2013-05-23,2013,Unprovoked,BRAZIL,Pernambuco,Coral Cove Beach,,M,41.0,Y,,,other,unknown
2013-01-26,2013,Watercraft,AUSTRALIA,Victoria,Cape Nelson,Fishing,M,,N,,"White shark, 5m",fishing,white shark
2012-12-02,2012,Unprovoked,AUSTRALIA,New South Wales,Green Island,Spearfishing,M,31.0,N,16h45,Sandtiger shark,fishing,other shark
2012-10-18,2012,Unprovoked,USA,Hawaii,"Kanaha Beach, Maui",Paddle boarding,M,55.0,N,07h30,6' to 8' shark,watercraft,other shark
2012-09-09,2012,Unprovoked,USA,Florida,"New Smyrna Beach, Volusia County",Surfing,,19.0,N,14h20,,surfing,unknown
2012-09-06,2012,Unprovoked,USA,Florida,"St. Augustine Beach, St. John's County",Surfing,M,37.0,N,11h30,,surfing,unknown
2012-09-02,2012,Provoked,USA,Hawaii,"Spreckelsville, Maui",Spearfishing,,,N,12h00,"Tiger shark, 10' to 12'",fishing,tiger shark
2012-05-06,2012,Unprovoked,USA,California,Off Catalina Island,Paddle boarding,F,15.0,N,07h20,White shark,watercraft,white shark
2012-02-25,2012,Unprovoked,AUSTRALIA,New South Wales,Broughton Island,Fishing,M,,N,16h00,Grey nurse shark,fishing,other shark
2011-12-07,2011,Unprovoked,AUSTRALIA,New South Wales,Maroubra,Surfing,M,14.0,N,,Wobbegong shark,surfing,other shark
2011-02-18,2011,Unprovoked,REUNION,Saint Gilles,Trois-Roches,Surfing,M,32.0,N,18h30,,surfing,unknown
2010-01-09,2010,Unprovoked,VIETNAM,Binh Dinh Province,Quy Nhon,,M,,N,17h00,,other,unknown
2010-01-09,2010,Unprovoked,VIETNAM,Binh Dinh Province,Quy Nhon,Bathing,M,,N,06h45,,swimming,unknown
2009-09-18,2009,Unprovoked,VIETNAM,,,,M,,N,,,other,unknown
2009-07-31,2009,Unprovoked,BAHAMAS,Abaco Islands,Spanish Cay,Spearfishing,M,14.0,N,,Bull shark,fishing,bull shark
2009-03-21,2009,Unprovoked,SOUTH AFRICA,Eastern Cape Province,"Second Beach, Port St. John's",Surfing,M,16.0,Y,Afternoon,,surfing,unknown
2009-03-18,2009,Unprovoked,USA,Florida,"Ponce Inlet, Volusia County",Surfing,F,17.0,N,17h30,3' to 4' shark,surfing,other shark
2009-02-18,2009,Unprovoked,AUSTRALIA,New South Wales,"Shelly Beach, near Port Macquarie",Surfing,M,,N,17h00,,surfing,unknown
2008-09-14,2008,Unprovoked,USA,Florida,"Ormond-by-the-Sea, Volusia County",Swimming,M,32.0,N,12h00,2' to 3' juvenile shark,swimming,other shark
2008-08-28,2008,Unprovoked,USA,Florida,"New Smyrna Beach, Volusia County",Surfing,M,19.0,N,12h00,,surfing,unknown
2008-06-26,2008,Unprovoked,SOUTH AFRICA,Western Cape Province,Struis Bay,Spearfishing (free diving),M,,N,,"White shark, 4.5m",fishing,white shark
2008-04-28,2008,Unprovoked,MEXICO,Guerro,Troncones Beach,Surfing,M,24.0,Y,Afternoon,Tiger shark,surfing,tiger shark
2007-08-11,2007,Unprovoked,USA,Florida,"Ponce Inlet,  New Smyrna Beach, Volusia County",Walking out of the water after surfing,M,19.0,N,18h00,,surfing,unknown
2007-04-13,2007,Watercraft,USA,Florida,"Florida Keys, Monroe County",Fishing,,,N,,"Bull shark, 10'",fishing,bull shark
2007-02-01,2007,Unprovoked,NEW CALEDONIA,Loyalty Islands,Ouvéa,Spearfishing,M,,N,,,fishing,unknown
2006-09-02,2006,Unprovoked,USA,Florida,"New Smyrna Beach, Volusia County",Swimming,M,,N,17h55,,swimming,unknown
2006-04-23,2006,Invalid,USA,Florida,"Alligator Reef off Islamorada, Monroe County",,M,,,,Invalid,other,unknown
2006-03-28,2006,Unprovoked,Sierra Leone,Western Area,"Lumely Beach, Freetown",Fishing,M,,Y,,"3 m, 600-kg shark",fishing,other shark
2005-11-29,2005,Unprovoked,USA,Florida,"Cape San Blas, Gulf County",Surfing,M,,N,,,surfing,unknown
2005-08-19,2005,Unprovoked,USA,Texas,Crystal Beach (east of Galveston),Walking,M,12.0,N,20h00,,other,unknown
2005-08-12,2005,Unprovoked,USA,North Carolina,"Carolina Beach off Texas Avenue, New Hanover County",Surfing,M,16.0,N,11h30,1.8 m [6'] shark,surfing,other shark
2005-04-13,2005,Unprovoked,USA,Florida,"Crescent Beach, Sarasota County",Wading,F,70.0,N,,1.8 m [6'] blacktip shark,swimming,other shark
2004-09-04,2004,Unprovoked,USA,South Carolina,"North of Apache Pier, Myrtle Beach, Horry County",Jumping,F,17.0,N,15h40,2.4 m [8'] shark,other,other shark
2004-03-22,2004,Unprovoked,NEW ZEALAND,North Island,Te Arai Point,Spearfishing,M,,N,12h30,Bronze whaler shark,fishing,other shark
2004-01-25,2004,Unprovoked,AUSTRALIA,Western Australia,Binningup,Scuba diving,M,46.0,N,11h05,4 m to 5 m [13' to 16.5'] white shark,diving,other shark
2004-01-15,2004,Watercraft,SOUTH AFRICA,KwaZulu-Natal,Ballito,Surf skiing,M,,N,,"Mako shark, 3 m to 4 m [10' to 13']",surfing,other shark
2003-12-13,2003,Unprovoked,USA,Florida,"Melbourne Beach, Brevard County",Swimming,M,13.0,N,13h15,,swimming,unknown
2003-10-27,2003,Unprovoked,USA,Florida,"New Smyrna Beach, Volusia County",Surfing,M,46.0,N,12h20,,surfing,unknown
2003-10-05,2003,Unprovoked,USA,Florida,"Ocean Reef Park, Singer Island, Palm Beach County",Surfing,F,,N,15h00,,surfing,unknown
2003-07-26,2003,Unprovoked,AUSTRALIA,Northern Territory,Nhulunbuy,Surf skiing,M,37.0,N,,,surfing,unknown
,2003,Unprovoked,FRENCH POLYNESIA,Society Islands,Moorea,Spearfishing,M,,N,,,fishing,unknown
2003-02-15,2003,Unprovoked,USA,Florida,"Jupiter, Palm Beach County",Swimming,M,54.0,N,12h10,Species unidentified,swimming,other shark
2002-06-10,2002,Unprovoked,USA,Florida,"St Augustine Beach, St Johns County",Surfing,M,28.0,N,13h00,0.9 m to 1.2 m [3' to 4'] shark; Tooth fragment recovered from hand,surfing,other shark
2002-05-22,2002,Provoked,USA,Florida,"a pier at the end of Caxambas Drive, Marco Island","Fishing, removing the shark from his line",M,55.0,N,17h15,3' blacktip shark,fishing,other shark
2001-12-21,2001,Invalid,AUSTRALIA,Western Australia,"Honeycombs, 250 km south of Perth",Surfing,M,36.0,N,Morning,,surfing,unknown
2001-09-15,2001,Unprovoked,USA,North Carolina,"North Topsail Beach, Onslow County",Surfing,M,16.0,N,13h45,,surfing,unknown
2001-06-12,2001,Unprovoked,USA,Texas,Padre Island National Seashore,Swimming,M,14.0,N,,1.5 m [5'] shark,swimming,other shark
2001-03-23,2001,Unprovoked,USA,Hawaii,"Sandy Beach, Oahu",Body-boarding,M,,N,14h40,,watercraft,unknown
2000-06-09,2000,Unprovoked,USA,Alabama,"Gulf Shores, Baldwin County",Swimming,M,55.0,N,06h45,Bull shark?,swimming,bull shark
1998-10-04,1998,Unprovoked,BRAZIL,Pernambuco,"Boa Viagem Beach, Recife",Surfing,M,17.0,N,,,surfing,unknown
1998-04-26,1998,Unprovoked,MOZAMBIQUE,Gaza,"Bilene Bay, 180 km north of Maputo",Towing rubber dinghy,F,35.0,Y,15h05,3 m [10'] shark,other,other shark
1998-02-23,1998,Unprovoked,USA,Florida,"Jensen Beach, Martin County",Swimming,M,,N,09h35,Spinner shark,swimming,other shark
1995-11-25,1995,Invalid,USA,Hawaii,"Ha'ena, Kaua'i",,M,,,,Shark involvement not confirmed,other,other shark
1995-08-19,1995,Unprovoked,TONGA,Vava’u,Near Tapana Island,Fishing,M,18.0,N,15h00,small shark,fishing,other shark
1995-07-28,1995,Unprovoked,USA,Florida,"New Smyrna Beach, Volusia County",Surfing,M,,N,14h45,,surfing,unknown
1995-01-01,1995,Invalid,SOUTH AFRICA,,,Diving,M,33.0,,,Shark involvement not confirmed,diving,other shark
1994-12-30,1994,Unprovoked,SOUTH AFRICA,Western Cape Province,Mossel Bay,Body boarding,M,26.0,N,16h00,5.5 m [18'] white shark,watercraft,other shark
1994-07-09,1994,Unprovoked,SOUTH AFRICA,Eastern Cape Province,"Nahoon Beach, East London",Surfing,M,22.0,Y,13h26,4 m [13'] white shark,surfing,other shark
1994-07-08,1994,Unprovoked,USA,Florida,"New Smyrna Beach, Volusia County",Surfing,M,15.0,N,15h00,small shark,surfing,other shark
1993-10-26,1993,Unprovoked,USA,Florida,"Treasure Shores Beach, Indian River County",Swimming,F,26.0,N,10h00,3 m [10'] bull shark,swimming,other shark
1992-12-28,1992,Unprovoked,USA,Hawaii,"Honomuni, Moloka'i","Standing in waist-deep water, helping his father tend a gill net containing dead fish",M,10.0,N,A.M.,"Tiger shark, 2.4 m [8']",swimming,tiger shark
1991-07-17,1991,Questionable,USA,,,Fishing,M,70.0,N,,Shark involvement unconfirmed,fishing,other shark
1991-07-01,1991,Unprovoked,REUNION,L'Etang-Salé,"Ravine des Sables, Saint Leu",Surfing,M,30.0,N,17h30,"Tiger shark, 3 to 4 m [10' to 13']",surfing,tiger shark
1990-07-22,1990,Unprovoked,USA,Texas,"Mustang Island State Park, Nueces County",Wading,F,53.0,N,Evening,,swimming,unknown
1989-12-02,1989,Invalid,AUSTRALIA,Queensland,Fraser Island,Swimming,M,27.0,,,Shark involvement prior to death was not confirmed,swimming,other shark
1989-04-09,1989,Watercraft,USA,California,"Monterey Bay, Monterey County",,,,N,10h35,5 m to 7 m white shark,other,other shark
1989-01-20,1989,Unprovoked,USA,Hawaii,"Waialua Beach, Moloka'i",Body boarding,M,10.0,N,,1.8 m to 2.4 m [6' to 8'] hammerhead shark,watercraft,other shark
1987-04-01,1987,Unprovoked,VANUATU,Malampa Province,Vao Island,Swimming,M,8.0,Y,12h00,4.3 m shark,swimming,other shark
1987-03-30,1987,Unprovoked,AUSTRALIA,Western Australia,Fourth Beach / Twilgth Beach,Surfing,M,18.0,N,,"Bronze whaler shark, 2 m to 3 m",surfing,other shark
1985-12-10,1985,Unprovoked,USA,North Carolina,New Hanover County,,M,,N,,Sandtiger shark,other,other shark
1985-07-21,1985,Watercraft,USA,California,"Off Shelter Cover (between Fort Bragg & Eureka), Humboldt County",Bottom fishing for lingcod & had hooked a fish,,,N,,5 m to 6 m [16.5' to 20'] white shark,fishing,other shark
1985-07-19,1985,Unprovoked,USA,South Carolina,"Folly Beach, Charleston County",Playing in knee-deep water,F,10.0,N,,"Tiger shark, 2.4 m to 2.7 m [8' to 9']",other,tiger shark
,1985,Unprovoked,ITALY,Sicily,Punta Secca,Snorkeling,M,13.0,N,16h00,3 m to 3.6 m  [10' to 11'9] white shark,other,other shark
1985-01-01,1985,Provoked,SOUTH AFRICA,KwaZulu-Natal,Salt Rock,Spearfishing,M,20.0,N,11h00,1.5 m [5'] dusky shark,fishing,other shark
1985-01-01,1985,Unprovoked,IRAN,,"Ramin, near Ahvaz",Fishing,M,,Y,,Bull shark,fishing,bull shark
1984-09-15,1984,Unprovoked,USA,California,"Pigeon Point, San Mateo County",Skindiving,M,28.0,Y,08h30,4.5 m to 5 m white shark,diving,other shark
1983-04-12,1983,Unprovoked,SOUTH AFRICA,Eastern Cape Province,Bonza Bay,Fishing,M,27.0,N,19h30,"Raggedtooth shark, 1.5 m [5'] (tooth fragment recovered)",fishing,other shark
1982-08-29,1982,Invalid,USA,California,"Morro Rock, Morro Bay, San Obispo County",Surfing,M,17.0,,10h20,Questionable incident; reported as shark attack but thought to involve a pinniped instead,surfing,other shark
1981-12-19,1981,Unprovoked,USA,California,"South Moss Beach, Spanish Bay, Monterey Peninsula",Surfing,M,24.0,Y,Evening,7 m [23'] white shark,surfing,other shark
1981-01-30,1981,Unprovoked,USA,Florida,20 miles from Mayport,Commercial spearfishing,M,25.0,N,,Tiger shark,fishing,tiger shark
1978-12-29,1978,Unprovoked,AUSTRALIA,Queensland,Bribie Island,,M,,N,,,other,unknown
1976-12-18,1976,Unprovoked,USA,California,"San Miguel Island, Santa Barbara County","Diving for abalone (Hookah, submerged)",M,29.0,N,09h00,"White shark, 5.5 m [18']",diving,white shark
1976-01-12,1976,Unprovoked,AUSTRALIA,Queensland,Harvey Bay,,F,,N,,,other,unknown
1974-08-16,1974,Unprovoked,HONG KONG,Mirs Bay,,Freedom swimming,M,,Y,,,swimming,unknown
1972-12-01,1972,Unprovoked,REUNION,Saint-Philippe,Basse Vallée,Spearfishing,,,Y,,,fishing,unknown
1972-10-14,1972,Unprovoked,USA,Florida,"New Smyrna Beach, Volusia County",Surfing,M,17.0,N,,,surfing,unknown
1967-10-26,1967,Unprovoked,MEXICO,Veracruz,Veracruz,Swimming,,,Y,,,swimming,unknown
1967-09-07,1967,Unprovoked,USA,Florida,"Key West, Monroe County",Spearfishing,,,N,14h30,,fishing,unknown
1967-08-01,1967,Unprovoked,SENEGAL,Cap Vert Peninsula,Hann,Beach seine netting,M,,N,04h00,1.8 m shark,other,other shark
1967-05-09,1967,Provoked,AUSTRALIA,,Aquarium,Feeding a shark,M,22.0,N,Afternoon,Grey nurse shark,other,other shark
1967-03-20,1967,Provoked,NEW ZEALAND,North Island,Leigh,Freediving,M,21.0,N,Afternoon,,diving,unknown
1966-08-01,1966,Unprovoked,USA,Florida,"Municipal Bathing area, Riviera Beach, Palm Beach County",Wading,M,8.0,N,15h00,Spinner or blacktip sharks,swimming,other shark
1965-08-30,1965,Invalid,PHILIPPINES,,"Grounded off Scarborough Shoals, 150 miles northwest of Manila in the South China Sea","Arsinoe, a French tanker",M,,,,Shark involvement not confirmed,other,other shark
1965-02-14,1965,Unprovoked,SOUTH AFRICA,KwaZulu-Natal,Amatikulu,Treading water,M,25.0,N,15h00 or 15h45,"1.8 m [6'], 136-kg [300-lb] shark",swimming,other shark
1965-01-10,1965,Unprovoked,AUSTRALIA,Victoria,"East of Station Pier, Port Melbourne",Swimming,M,,N,,1.5 m [5'] shark,swimming,other shark
1964-11-13,1964,Provoked,AUSTRALIA,New South Wales,"North Solitary Island, 8 miles from Wolli","Filming underwater, carrying powerhead",M,25.0,N,,"White shark, 2.7 m [9'1], 750-lb",other,white shark
1964-08-21,1964,Unprovoked,USA,Florida,"Panama City, Bay County",Swimming,M,,N,11h30,3' shark,swimming,other shark
1964-07-15,1964,Invalid,USA,Connecticut,"3 days out of Old Saybrook, Connecticut, 37.04'N, 67.57'W, Southern fringe of Gulf Stream","Yacht Gooney Bird foundered, 4 survivors on raft",,,,,Invalid,other,unknown
1964-01-06,1964,Unprovoked,PAPUA NEW GUINEA,New Britain,,Fishing,M,,Y,,Tiger shark,fishing,tiger shark
1964-01-01,1964,Unprovoked,SOUTH AFRICA,Western Cape Province,Mossel Bay,Diving for sinkers,M,,N,19h00 / 20h00,2.1 m to 2.4 m  [7' to 8'] shark,diving,other shark
1963-11-28,1963,Unprovoked,FIJI,Lau Province,"Dravuwalu, Totoya Island",Fishing,F,21.0,N,11h00,>1.2 m [4'] tiger shark,fishing,other shark
1963-04-20,1963,Unprovoked,USA,US Virgin Islands,"St. Thomas, Magens Bay",Swimming,M,25.0,Y,13h50,"Hand found in gut of 2.9 m to 3.3 m [9'7 to 10'11] Galapagos shark, C. galapagensis",swimming,other shark
1962-08-29,1962,Provoked,USA,California,"Solana Beach, San Diego County",Diving for abalone,M,39.0,N,08h30,"Horn shar,k Heterodontus francisci, 1.2 m [4']",diving,other shark
1961-12-27,1961,Provoked,AUSTRALIA,Western Australia,"North of main swimming area in Waterman's Bay Beach, Perth",Spearfishing,M,23.0,N,07h00,"Grey nurse shark, 2.4 m [8']",fishing,other shark
1961-05-17,1961,Unprovoked,NEW BRITAIN,East New Britain Province,Kokopo,Collecting dynamited fish,M,,N,,,fishing,unknown
1961-03-14,1961,Provoked,AUSTRALIA,Western Australia,Shark Bay,Fishing from dinghy,F,,N,,,fishing,unknown
1961-01-02,1961,Watercraft,AUSTRALIA,Tasmania,Off Tasman Island,Ocean racing,,,N,,,other,unknown
1960-06-24,1960,Unprovoked,USA,Florida,"2 miles east of Dania Beach, Broward County",Scuba diving,M,39.0,N,11h00,"Mako shark, 1.8 m to 2.1 m [6' to 7']  with hook & wire leader caught in mouth",diving,other shark
1960-06-05,1960,Unprovoked,PHILIPPINES,Corregidor Island,,"Diving for shells, saw shark circling wife near the surface, intercepted shark & it pulled him beneath the water",M,58.0,Y,Morning,,surfing,unknown
1960-04-03,1960,Unprovoked,AUSTRALIA,New South Wales,Off Broughton Island near Port Stephens,"Speared a grouper, saw shark but it came for him instead of the fish so he fired spear into shark’s mouth. Then shark took grouper but unable to swallow because of the spear in its mouth.",M,,N,12h00,"Bronze whaler shark, 3.7 m [12'] identified by G.P. Whitley based on description",fishing,other shark
1959-12-07,1959,Invalid,AUSTRALIA,South Australia,Laura Bay,Spearfishing,M,,,,Invalid,fishing,unknown
1959-09-27,1959,Invalid,BERMUDA,Hamilton,Astwood's Cove,,F,29.0,,,Shark involvement prior to death was not confirmed,other,other shark
1959-09-26,1959,Sea Disaster,USA,Florida,"Off Port Everglades, Broward County","Adrift, hanging onto cushion, after his 17' skiff ran out of gas & capsized 3 miles from shore",M,30.0,N,17h00,"A hammerhead shark, then 8 to 10 other sharks were said to be  involved",watercraft,other shark
1959-02-16,1959,Provoked,PAPUA NEW GUINEA,Kikori River mouth,"Ururumba, mouth of Kikori River 7.45S, 144.40E",Fishing,M,,N,,3.7 m [12'] shark,fishing,other shark
1958-10-01,1958,Provoked,MEXICO,Guerrrero,Acapulco,Slapped shark on tail as it swam by,M,,N,,,other,unknown
1958-06-24,1958,Unprovoked,USA,Florida,"Turtle Beach, Siesta Key, Sarasota County",Walking,M,17.0,N,17h10,Tiger shark?,other,tiger shark
1957-10-24,1957,Unprovoked,SOLOMON ISLANDS,Honiara,Honiara,,M,22.0,Y,17h30,,other,unknown
1957-09-02,1957,Unprovoked,MARSHALL ISLANDS,Eniwetok Atoll,Parry Island,,M,,N,,Identified as carcharinid shark (based on its behavior) by Dr. D.P. L. Schultz; mako shark according to Huges,other,other shark
1956-01-01,1956,Unprovoked,PAPUA NEW GUINEA,Madang Province,"Singour, 60 miles south of Madang",Diving,M,,N,,,diving,unknown
1956-01-01,1956,Sea Disaster,,Between Comores & Madagascar,Geyser Bank,Shipwreck,M,,Y,,,other,unknown
1956-01-01,1956,Unprovoked,PAPUA NEW GUINEA,New Ireland Province,Enuk Island,,M,,Y,,,other,unknown
1955-07-07,1955,Unprovoked,YEMEN,Aden,Telegraph Bay,Swimming,F,,Y,,2.4 m [8']  shark,swimming,other shark
1954-12-29,1954,Unprovoked,AMERICAN SAMOA,Tutuila Island,Near tuna cannery in Pago Pago Harbor,Dived overboard & was swimming near stern of trawler,M,27.0,Y,,,swimming,unknown
1954-06-27,1954,Unprovoked,AUSTRALIA,Queensland,Fitzroy Island,Pearl diving from lugger Whyalla,M,30.0,N,16h30,2.4 m [8']  shark,diving,other shark
1953-03-01,1953,Unprovoked,PAPUA NEW GUINEA,Milne Bay Province,"Off Rossel Island, Louisiade Archipelago",Went over side of boat at trochus ground,M,,Y,,Tiger shark,watercraft,tiger shark
1952-07-27,1952,Sea Disaster,USA,California,"Off Santa Monica, Los Angeles County",Boat exploded,M,,Y,,,watercraft,unknown
1951-10-05,1951,Invalid,NORTH ATLANTIC OCEAN,South Carolina,400 miles off the le,cargo ship Southern Isle sank at 04h00,,,,,Shark involvement prior to death was not confirmed,other,other shark
1951-01-03,1951,Invalid,AUSTRALIA,New South Wales,Hawkesbury River,,M,,,,Shark involvement prior to death was not confirmed,other,other shark
1950-10-04,1950,Unprovoked,AUSTRALIA,Queensland,"Peterson's Beach, Sarina",Fishing,M,25.0,N,Night,4' shark,fishing,other shark
,1950,Unprovoked,NEW CALEDONIA,North Province,Mangalia Reef above Touho,"Helmet diving, collecting trochus shell",M,,N,,,diving,unknown
1949-07-07,1949,Unprovoked,IRAN,Shatt-el-Arab River,,Swimming,M,18.0,N,,,swimming,unknown
1947-10-10,1947,Unprovoked,BRAZIL,Pernambuco,Piedade,Swimming,M,25.0,Y,,,swimming,unknown
1947-04-20,1947,Unprovoked,SOUTH AFRICA,KwaZulu-Natal,"Country Club Beach, Durban",Treading water,M,21.0,N,12h00,"1.5 m, 45-kg shark",swimming,other shark
1944-12-02,1944,Provoked,USA,Florida,3 miles north of the inlet at Palm Beach,Fishing for mackerel,,,N,,"Tiger shark, 4.5 to 5.5 m [14'9 to 18'], 2000-lb",fishing,tiger shark
1944-10-23,1944,Watercraft,AUSTRALIA,Queensland,Tewantin,Fishing,,,N,,,fishing,unknown
1944-05-24,1944,Unprovoked,SAMOA,,,,,,N,,5' shark,other,other shark
1942-11-13,1942,Sea Disaster,SOLOMON ISLANDS / VANUATU,,"North of Guadalcanal, Solomon Islands while enroute to Vanuatu",Explosion & sinking of the USS Juneau after being torpedoed by the submarine  I-85,M,,Y,11h01 -time of ship sinking,,other,unknown
1942-10-12,1942,Sea Disaster,SOLOMON ISLANDS,Makora-Ulawa Province,Cape Esperance (near Savo Islands),"His ship, the US destroyer Duncan DD 485, had been  sunk by crossfire from Japanese warships. He was wearing a kapok lifejacket & using 2 aluminum powder tins for floatation",M,25.0,N,,,other,unknown
1942-01-01,1942,Watercraft,,,,"Days before the surrender of Singapore, the 3 men escaped to Sumatra where they acquired a 17' dinghy. After 125 days at sea they drifted back to Sumatra",M,,N,,,other,unknown
1941-01-01,1941,Unprovoked,IRAN,Khuzestan Province,"Ahvaz, on the Karun River",Slipped off rocks and fell into the water,M,6.0,Y,,,other,unknown
1939-03-24,1939,Unprovoked,PAPUA NEW GUINEA,Central Province,Port Moresby,Dived for a coin,M,,Y,,a large shark,diving,other shark
1938-10-05,1938,Provoked,AUSTRALIA,Queensland,Between Wynnum & St. Helena Island,Fishing,M,18.0,N,Afternoon,"Tiger shark, 6'",fishing,tiger shark
1938-01-01,1938,Unprovoked,SOUTH AFRICA,KwaZulu-Natal,"Bilanhlolo River Mouth, Ramsgate",Swimming,M,,N,,,swimming,unknown
1937-10-24,1937,Unprovoked,AUSTRALIA,New South Wales,Byron Bay,Surf skiing,M,,N,,2.6 m [8.5'] shark,surfing,other shark
1936-07-01,1936,Watercraft,SOUTH AFRICA,Western Cape Province,Cape Point,"Fishing, catching snoek, Thyrsites atun",,,N,,,fishing,unknown
1935-04-08,1935,Unprovoked,USA,California,"Hermosa Beach, Los Angeles County",,M,,N,,,other,unknown
1934-08-05,1934,Unprovoked,USA,Georgia,"Thunderbolt, Chatham County",Swimming,M,11.0,N,,,swimming,unknown
1933-07-07,1933,Unprovoked,USA,California,"San Diego, San Diego County",,M,50.0,N,,Tiger shark,other,tiger shark
1933-05-03,1933,Sea Disaster,CUBA,Havana Province,"Off Jaimanitas Yacht Club, Havana",Swimming to shore from capsized sailboat,M,,Y,,,swimming,unknown
1932-12-11,1932,Unprovoked,AUSTRALIA,Northern Territory,Arnhem Land,,M,,N,,,other,unknown
1931-08-27,1931,Watercraft,USA,New Jersey,"1 mile ESE of Navesink, Monmouth County",Fishing for bluefish,,,N,,,fishing,unknown
1930-01-16,1930,Unprovoked,SOUTH AFRICA,Western Cape Province,"Melkbaai, False Bay",Swimming,M,23.0,N,17h30,"White shark, 4.5 m [14'9], identity confirmed by witness & tooth pattern",swimming,white shark
1928-01-21,1928,Invalid,USA,Florida,,Swimming,,,,Night,Shark involvement not confirmed,swimming,other shark
1924-06-18,1924,Provoked,USA,Florida,"Bayboro, Pinellas County",Removing shark from a net,M,,N,Evening,,other,unknown
1924-01-25,1924,Unprovoked,SOUTH AFRICA,Eastern Cape Province,"St. George’s Strand, Port Elizabeth",Swimming,M,,N,Afternoon,,swimming,unknown
1923-10-17,1923,Watercraft,AUSTRALIA,New South Wales,"Black Head, south of Taree",Fishing,,,N,,a very large shark,fishing,other shark
1917-09-01,1917,Unprovoked,PANAMA,Colon,,Swimming to shore from the Medic,M,,Y,,,swimming,unknown
1916-07-07,1916,Unprovoked,PHILIPPINES,Luzon Island,"Olongapo Harbor, Subic Bay",Bathing,M,,N,,,swimming,unknown
1916-03-19,1916,Unprovoked,AUSTRALIA,New South Wales,Curl Curl,Bathing,M,,N,15h30,,swimming,unknown
1914-10-17,1914,Sea Disaster,SAMOA,Apolima Strait,Opposite Apelima &  Manona,Copra vessel with 19 on board was wrecked in a squall,F,,N,,,watercraft,unknown
1914-03-10,1914,Sea Disaster,GUYANA,Essequibo,Essequibo River Mouth,Boat swamped,M,,Y,,,watercraft,unknown
1914-02-03,1914,Unprovoked,AUSTRALIA,New South Wales,Paramatta River,Canoeing,M,,N,,,other,unknown
1912-03-18,1912,Unprovoked,NEW ZEALAND,North Island,Takapuna,Swimming,M,,N,,,swimming,unknown
1911-05-01,1911,Unprovoked,SOUTH AFRICA,Western Cape Province,Victoria Bay,Swimming,M,,Y,,,swimming,unknown
1908-06-02,1908,Sea Disaster,PAPUA NEW GUINEA,New Britain,Matupi,.,,,Y,,Allegedly a 33-foot shark,other,other shark
1902-08-29,1902,Unprovoked,ITALY,Calabria,Nicotera,Swimming,M,,Y,,,swimming,unknown
1898-04-13,1898,Sea Disaster,FIJI,Muala,,The cutter Francis Adams foundered,M,,N,,,other,unknown
1894-09-12,1894,Unprovoked,USA,Virginia,Norfolk,Bathing,M,,N,,,swimming,unknown
1893-01-01,1893,Unprovoked,EGYPT,Mediterranean Sea,Port Said,,,,,,,other,unknown
1890-10-25,1890,Unprovoked,ATLANTIC OCEAN,,,Thrown overboard,M,,Y,,,watercraft,unknown
,1886,Provoked,USA,New Jersey,"Sandy Hook Bay, Highlands, Monmouth County","Netting menhaden, sharks caught in net",,,N,,,other,unknown
1885-07-26,1885,Sea Disaster,USA,Hawaii,Kau District,Wreck of the schooner Pohoiki,M,,N,,,other,unknown
1882-05-12,1882,Unprovoked,AUSTRALIA,,,Pearl diving,M,,Y,,,diving,unknown
,1880,Invalid,USA,Florida,"Hutchinson Island, Martin County",,M,,,,Invalid,other,unknown
1879-01-01,1879,Unprovoked,USA,Mississippi,River mouth,Floating with life buoy after pilot launch capsized,M,,Y,,Tiger shark,other,tiger shark
1978-06-10,1878,Unprovoked,PHILIPPINES,Misamis Oriental,Cagayan de Oro,,F,,Y,,,other,unknown
1877-01-28,1877,Unprovoked,AUSTRALIA,Victoria,Emerald Hill,Bathing,M,,Y,,,swimming,unknown
1872-11-30,1872,Unprovoked,INDIAN OCEAN?,,,Swimming to avoid capture,M,,Y,,,swimming,unknown
1870-06-01,1870,Unprovoked,INDIA,West Bengal,"Hoogly River, Calcutta",Bathing / standing,M,40.0,N,,,swimming,unknown
1870-05-26,1870,Unprovoked,AUSTRALIA,Queensland,Moreton Island,Fishing,M,13.0,N,,,fishing,unknown
1868-05-13,1868,Unprovoked,INDIA,Hoogly River,Ghat,Standing,M,35.0,Y,Before 10h30,Identified as C. gangeticus by Dr. J. Fayrer,swimming,other shark
1863-03-05,1863,Unprovoked,AUSTRALIA,Victoria,Brighton,Floating on back,M,,N,20h00,,other,unknown
1861-01-15,1861,Unprovoked,AUSTRALIA,Queensland,Cleveland,Bathing,M,,N,,,swimming,unknown
1855-07-28,1855,Unprovoked,,,,Bathing,M,,Y,,,swimming,unknown
1818-05-22,1818,Invalid,NORWAY,,Herøy,,M,,,,Shark involvement prior to death unconfirmed,other,other shark
1808-05-01,1808,Sea Disaster,ANTIGUA,,Falmouth Harbour,,,,,,,other,unknown
1764-01-01,1764,Unprovoked,SPAIN,,Guadalquivir River,Swimming,M,,Y,,,swimming,unknown
1721-06-01,1721,Unprovoked,ITALY,Sardinia,"Ponte della Maddelena,",Swimming,M,,Y,,"White shark, 1600-lb female",swimming,white shark
2023-07-04,2023,Unprovoked,USA,New York,"Quogue Village Beach, Suffolk County",Swimming,M,47.0,N,13h50,,swimming,unknown
2023-04-11,2023,Unprovoked,USA,Florida,"Virginia Key, Monroe County",Windsurfing,M,,N,15h00,,surfing,unknown
2022-11-03,2022,Provoked,USA,Florida,"Cape San Blas, Gulf County",Fishing,M,29.0,N,15h30,,fishing,unknown
2022-06-23,2022,Unprovoked,USA,Florida,"Redington Beach, Pinellas County",,F,,N,,,other,unknown
2021-09-10,2021,,EGYPT,,Sidi Abdel Rahmen,Swimming,M,,,,No shark invovlement,swimming,other shark
2021-03-26,2021,Unprovoked,FRENCH POLYNESIA,Marquesas,Ua Pou,Swimming,M,10.0,N,,,swimming,unknown
2021-01-09,2021,Unprovoked,ST KITTS / NEVIS,The Narrows,Booby Island,Swimming / Kayaking,F,26.0,N,09h00-10h00,,swimming,unknown
2020-07-29,2020,Unprovoked,USA,Florida,Florida Keys,Diving,M,38.0,N,,"Lemon shark, 8'",diving,other shark
2020-03-27,2020,Unprovoked,USA,California,"Pleasure Point, Santa Cruz County",Stand-Up Paddleboarding,M,,N,Evening,,watercraft,unknown
2019-10-04,2019,Unprovoked,USA,Guam,Talofofo Bay,Surfing,M,,N,,Juvenile shark,surfing,other shark
2019-09-07,2019,Unprovoked,AUSTRALIA,Western Australia,"Burns Beach, Perth",Spearfishing,M,,N,09h00,14' white shark,fishing,other shark
2019-07-22,2019,Unprovoked,USA,Rhode Island,"Moonstone Beach, South Kingstown, Washington County",Surfing,M,18.0,N,18h30,Sandtiger shark,surfing,other shark
2019-03-25,2019,Unprovoked,AUSTRALIA,Queensland,Line Reef,Swimming,M,25.0,N,12h30,"Grey reef shark, 4'",swimming,other shark
2019-01-10,2019,Invalid,AUSTRALIA,Queensland,"Catseye Beach, Hamilton Island, Whitsundays",Wading,F,,N,09h30,Reported as shark attacks but injuries caused by toadfish,swimming,other shark
2018-11-03,2018,Unprovoked,EGYPT,,Brothers' Island,Scuba diving,M,,N,,Oceanic whitetip shark,diving,other shark
2018-08-18,2018,Unprovoked,ITALY,"Chieti, Province",Torino di Sangro,Playing,M,24.0,N,,,other,unknown
2018-05-13,2018,Unprovoked,USA,South Carolina,"Hilton Head Island, Beaufort County",Swimming,M,10.0,N,15h00,,swimming,unknown
2018-04-23,2018,Unprovoked,MALDIVES,Alifu Alifu Atoll,Madoogali,Fishing,M,32.0,N,21h50,Tiger shark,fishing,tiger shark
2018-01-13,2018,Unprovoked,AUSTRALIA,New South Wales,Martin Islet,Free diving,M,28.0,N,,"White shark, 3.5 m",diving,white shark
2017-10-01,2017,Invalid,SOUTH AFRICA,Western Cape Province,Dyer Island,Scuba Diving,M,31.0,,,,diving,unknown
2017-08-10,2017,Unprovoked,USA,South Carolina,"Sea Pines Resort, Hilton Head Island, Beaufort County",Swimming,M,13.0,N,13h30,Possibly a juvenile blacktip shark,swimming,other shark
2017-07-09,2017,Unprovoked,USA,Florida,"Haulover Beach, Miami-Dade County",Swimming,M,46.0,N,15h30,"Bull shark, 4' to 5'",swimming,bull shark
2017-07-07,2017,Provoked,MEXICO,Tabasco,"Sánchez Magallanes, Cárdenas",Fishing,M,32.0,N,,"Tiger shark, 100 kg",fishing,tiger shark
2017-06-21,2017,Unprovoked,USA,South Carolina,"South Forest Beach, Hilton Head Island, Beaufort County",Swimming,F,16.0,N,,,swimming,unknown
2017-06-02,2017,Unprovoked,BAHAMAS,New Providence,Athol Island,Snorkeling,F,32.0,N,Shortly before 12h00,Tiger shark,other,tiger shark
2017-04-20,2017,Invalid,USA,South Carolina,Georgetown County,Swimming,M,,,08h50,Shark involvement not confirmed,swimming,other shark
2017-03-11,2017,Unprovoked,PHILIPPINES,Luzon Island,"Villamar, Caoayan",Spearfishing,M,25.0,N,,10' shark,fishing,other shark
2016-07-16,2016,Unprovoked,USA,Florida,"New Smyrna Beach, Volusia County",Surfing,F,9.0,N,1300.0,,surfing,unknown
2016-06-15,2016,Provoked,AUSTRALIA,Western Australia,Coral Bay,Spearfishing,M,19.0,N,,5' shark,fishing,other shark
2016-05-18,2016,Unprovoked,USA,Florida,"Ponte Vedra, St. Johns County",Swimming,M,48.0,N,Morning,"Blacktip shark, 4'",swimming,other shark
2016-04-22,2016,Unprovoked,SOUTH AFRICA,Western Cape Province,"Robberg Beach, Plettenberg Bay",Surf-skiing,M,,N,08h00,White shark,surfing,white shark
2015-10-13,2015,Watercraft,USA,California,"Off Leffingwell Landing, San Luis Obispo County",Fishing,M,,N,11h00,Hammerhead sp.,fishing,other shark
2015-07-23,2015,Unprovoked,AUSTRALIA,Victoria,Tyrendarra Beach near Portland,Surfing,M,40.0,N,,"Bronze whaler shark, 1.5m",surfing,other shark
2015-05-29,2015,Unprovoked,USA,Florida,"New Smyrna Beach, Volusia County",Wading,F,19.0,N,13h45,,swimming,unknown
2015-04-29,2015,Unprovoked,USA,Hawaii,Kanahena Cove,Snorkeling,F,65.0,Y,09h00,,other,unknown
2015-01-27,2015,Provoked,USA,Hawaii,Lahaina,Shark fishing,M,20.0,N,03h30,4' shark,fishing,other shark
2014-12-29,2014,Unprovoked,AUSTRALIA,Western Australia,Three Stripes near Cheynes Beach,Spearfishing,M,17.0,Y,Morning,"White shark, 4 to 5 m",fishing,white shark
2014-12-28,2014,Provoked,AUSTRALIA,Victoria,Paradise Beach,Fishing,M,,N,Morning,1.5 m shark,fishing,other shark
2014-08-06,2014,Unprovoked,USA,South Carolina,"Folly Beach, Charleston County",Boogie boarding,M,10.0,N,14h00,4' tp 5' shark,watercraft,other shark
2014-04-04,2014,Unprovoked,USA,Florida,"New Smyrna Beach, Volusia County",Surfing,M,,N,13h30,,surfing,unknown
2014-03-02,2014,Unprovoked,USA,Florida,"Santa Lucea Beach, South Hutchinson Island, St. Lucie County",Surfing,M,21.0,N,,Blacktip or spinner shark?,surfing,other shark
2013-09-01,2013,Provoked,USA,Florida,Key West Aquarium,,F,3.0,N,,Nurse shark,other,other shark
2013-06-25,2013,Unprovoked,USA,Florida,"Jacksonville, Duval County",Swimming,M,,N,,"Possibly a Bull shark, 3'",swimming,bull shark
2013-03-31,2013,Invalid,AUSTRALIA,New South Wales,Terrigal Beach,Surfing,M,47.0,,,No shark involvement,surfing,other shark
2012-09-02,2012,Unprovoked,USA,Florida,"New Smyrna Beach, Volusia County",Swimming or boogie boarding,F,56.0,N,16h30,3.5' to 4' shark,swimming,other shark
2011-12-25,2011,Unprovoked,ECUADOR,Santa Elena,Barandúa Beach,Surfing,M,23.0,N,18h00,,surfing,unknown
2011-12-21,2011,Provoked,USA,Hawaii,"Makahuena Point, Kauai",Canoeing,M,,N,,7' to 8' shark,other,other shark
2010-10-02,2010,Unprovoked,BAHAMAS,Exuma Islands,,Snorkeling,M,,N,,Lemon shark,other,other shark
2010-02-06,2010,Provoked,USA,Florida,Riviera Beach,Surf fishing / wading,M,,N,15h00,"Spinner shark, 6'",surfing,other shark
2009-06-02,2009,Unprovoked,EGYPT,St. Johns Reef,Habili Gafar,Scuba diving,M,,N,,Oceanic whitetip shark,diving,other shark
2009-03-19,2009,Unprovoked,AUSTRALIA,New South Wales,South Broulee,Surfing,M,,N,Early morning,,surfing,unknown
2009-01-16,2009,Unprovoked,NEW ZEALAND,South Island,Karitane Beach,Surfing,M,,N,,,surfing,unknown
2009-01-11,2009,Unprovoked,AUSTRALIA,New South Wales,Fingal Beach,Surfing,M,31.0,N,09h00,"White shark, 3.5m",surfing,white shark
2009-01-10,2009,Watercraft,NEW ZEALAND,North Island,Hawkes Bay,Fishing,,,N,,"Mako shark, 3m",fishing,other shark
2008-02-21,2008,Unprovoked,FRENCH POLYNESIA,Society Islands,Tahiti,Spearfishing,M,26.0,N,,,fishing,unknown
2008-01-01,2008,Provoked,JAPAN,Tokyo Bay,,Diving,M,,,,"Goblin shark, 4.2'",diving,other shark
2008-01-27,2008,Provoked,AUSTRALIA,Queensland,200 km east of Coolangatta,Accidentally stood on hooked shark's tail before attempting to gut it,M,20.0,N,07h30,"Mako shark, 90kg",other,other shark
2007-12-07,2007,Unprovoked,BRAZIL,Pernambuco,Itamaracá,Removing fish from a trap,M,28.0,N,,2.27 m shark,fishing,other shark
2007-08-12,2007,Unprovoked,USA,Florida,"New Smyrna Beach, Volusia County",Swimming,F,15.0,N,17h35,,swimming,unknown
2007-07-18,2007,Unprovoked,USA,North Carolina,"North Topsail Beach, Onslow  County",Swimming,M,14.0,N,12h30,2' to 3' shark,swimming,other shark
2007-04-20,2007,Unprovoked,USA,Florida,"New Smyrna Beach, Volusia County",Surfing,M,24.0,N,17h00,3' to 4' shark,surfing,other shark
2006-09-03,2006,Unprovoked,BRAZIL,,,,M,20.0,Y,13h00,,other,unknown
2006-08-20,2006,Sea Disaster,ITALY,,Lampedusa Island,Sea Disaster,M,,Y,,,other,unknown
2006-07-23,2006,Unprovoked,USA,Texas,"Sargent Beach, Matagorda County",Surf fishing,M,,N,,"Bull shark, 4' to 5'",surfing,bull shark
2006-04-11,2006,Unprovoked,AUSTRALIA,New South Wales,Newcastle Beach,Surfing,M,15.0,N,13h30,"Bronze whaler shark, a  juvenile",surfing,other shark
2006-03-23,2006,Unprovoked,USA,Hawaii,"Leftovers, near Waimea Bay, O'ahu",Surfing,F,28.0,N,11h30,"Tiger shark, 10'",surfing,tiger shark
2005-11-20,2005,Unprovoked,USA,Florida,"New Smyrna  Beach, Volusia County",Surfing,M,17.0,N,14h30,,surfing,unknown
2005-09-07,2005,Unprovoked,AUSTRALIA,New South Wales,"Park Beach, Coff's Harbour",Standing,M,15.0,N,Dusk,,swimming,unknown
2005-01-08,2005,Watercraft,NEW ZEALAND,North Island,Taupiri Bay,Fishing from a kayak,M,39.0,N,12h00,White shark,fishing,white shark
2004-07-28,2004,Unprovoked,USA,North Carolina,"Rodanthe, Dare County",Surfing,F,28.0,N,17h30,,surfing,unknown
2004-07-25,2004,Unprovoked,USA,Texas,"Bryan Beach, Brazoria County",Wading / fishing & carrying a bag of fish,M,11.0,N,19h30,Bull shark,swimming,bull shark
2004-04-13,2004,Unprovoked,TONGA,Nuku'alofa,30 nautical miles offshore,Five men on makeshift raft after their 10 m fishing boat  capsized and sank in rough seas. Survivors rescued after  7.5 hours in the water,M,,Y,,small sharks,fishing,other shark
2004-02-26,2004,Unprovoked,NEW ZEALAND,"South Island, near Karitane north of Dunedin",South Beach,Surfing,M,15.0,N,19h00,2 m [6.75'] sevengill  shark,surfing,other shark
2003-11-12,2003,Unprovoked,INDIA,Tamil Nadu,"Mahabalipuram beach, 37 km south of Chennai",Swimming or surfing,M,35.0,N,,Tiger shark?,surfing,tiger shark
2003-11-12,2003,Unprovoked,USA,Florida,"South Jetty, New Smyrna Beach, Volusia County",Surfing,M,24.0,N,,,surfing,unknown
2003-08-12,2003,Invalid,USA,California,"Venice Beach, Los Angeles County",Swimming,M,31.0,,00h30,Shark involvement not confirmed,swimming,other shark
2002-12-01,2002,Unprovoked,BRAZIL,Pernambuco,"Boa Viagem Beach, Recife",Surfing,M,19.0,Y,,,surfing,unknown
2002-08-11,2002,Unprovoked,USA,Florida,"Vero Beach, Indian River County",Surfing,M,15.0,N,15h30,"Nurse shark, 1.5 m [5']",surfing,other shark
2002-07-26,2002,Unprovoked,USA,South Carolina,"Myrtle Beach, Horry County",Surfing,M,13.0,N,19h00,1.2 m [4'] blacktip or sandbar shark,surfing,other shark
2002-06-20,2002,Unprovoked,AUSTRALIA,Queensland,Sunshine Beach,Surfing,M,30.0,N,10h00,,surfing,unknown
2001-09-18,2001,Unprovoked,USA,Florida,"New Smyrna Beach, Volusia County",Surfing,M,14.0,N,15h00,,surfing,unknown
2001-04-11,2001,Unprovoked,USA,Florida,"New Smyrna Beach / Waveland, Volusia County",Surfing,M,22.0,N,12h46,,surfing,unknown
2001-04-11,2001,Unprovoked,USA,Hawaii,"Ewa Beach, O'ahu",Surfing,M,,N,07h00,"1 m shark, possibly whitetip reef shark",surfing,other shark
2000-11-06,2000,Unprovoked,AUSTRALIA,Western Australia,"Cottesloe Beach, Perth",Swimming,M,49.0,Y,06h30,"White shark, 5 m [16.5']",swimming,white shark
2000-10-06,2000,Unprovoked,USA,Florida,"New Smyrna Beach, Volusia County",Body surfing,M,11.0,N,12h48,,surfing,unknown
2000-08-15,2000,Unprovoked,USA,Hawaii,"Kanaha Beach, Maui","Windsurfing, but sitting on his board",M,53.0,N,11h50,"Tiger shark, 3.7 m to 4.5 m [12' to 14'9]",surfing,tiger shark
2000-06-13,2000,Watercraft,USA,Florida,"Pensacola Bay, Escambia County",Sailing,,,N,14h30,"Bull shark, 2.4 m [8']",other,bull shark
1999-01-29,1999,Unprovoked,MAURITIUS,,Belle-Mare,Spearfishing,M,47.0,N,,Bull shark,fishing,bull shark
1998-04-17,1998,Provoked,USA,Florida,"Marathon, Monroe County",Scuba diving,M,16.0,N,,"Nurse shark, 0.9 m [3']",diving,other shark
1997-10-24,1997,Unprovoked,USA,Florida,"North Jetty, Fort Pierce Inlet State Park, St. Lucie County",Surfing,M,23.0,N,17h15,Possibly a blacktip shark,surfing,other shark
1997-07-12,1997,Unprovoked,OKINAWA,Miyako,Hirara,Fishing for octopus,M,55.0,Y,,White shark,fishing,white shark
1997-02-21,1997,Unprovoked,USA,Hawaii,"Sunset Beach, O'ahu",,M,,,,,other,unknown
,1995,Provoked,USA,South Carolina,"Off 29th Avenue, Myrtle Beach, Horry County",Jumped off surfboard & landed on the shark,M,,N,,,surfing,unknown
1995-05-24,1995,Unprovoked,FIJI,Yasawa Islands,Waya Island,Sleeping in anchored boat,M,69.0,Y,,3.7 m [12'] shark,watercraft,other shark
1994-10-09,1994,Provoked,USA,Florida,"Bill Baggs Cape Florida State Recreation Area, Miami-Dade County",Wading,F,9.0,N,13h00,Thought to involve a small sand shark,swimming,other shark
1994-05-31,1994,Unprovoked,USA,Florida,"Daytona Beach, Volusia County",Surfing,M,28.0,N,08h00,1.2 m [4'] spinner shark,surfing,other shark
1994-04-16,1994,Invalid,USA,California,"Sunset Cliffs, San Diego, San Diego County",,F,25.0,,,Invalid,other,unknown
1994-04-06,1994,Unprovoked,BAHAMAS,,Rum Cay,Wading,M,,N,10h30,2' to 3' shark,swimming,other shark
1994-04-03,1994,Unprovoked,USA,Florida,"Miami Beach, Dade County",Freediving for seashells,M,71.0,N,15h00,,diving,unknown
1994-01-12,1994,Watercraft,AUSTRALIA,Western Australia,Albany,Fishing,,,N,07h30,White shark,fishing,white shark
1993-08-15,1993,Unprovoked,USA,North Carolina,Pamlico Sound,Riding floatation device,F,19.0,N,10h00,Bull shark,other,bull shark
1992-11-29,1992,Unprovoked,USA,California,"San Onofre, San Diego County",Spearfishing / free diving,M,31.0,N,15h30,"Mako shark, 1.8 m [6']",fishing,other shark
1992-10-29,1992,Unprovoked,USA,California,"Castle Rock, San Miguel Island, Santa Barbara County",Hookah diving for sea urchins,M,40.0,N,11h00,2.5 m [8.25'] white shark,diving,other shark
1992-08-29,1992,Unprovoked,BAHAMAS,Abaco Islands,Double Breasted Cays,"Snorkeling, carrying a speared fish in her hand",F,34.0,N,,1.8 m [6'] blacktip shark,fishing,other shark
1992-01-29,1992,Unprovoked,REUNION,La Saline-les-Bains,Revine-3-Bassins,Spearfishing,M,,N,16h30,1.8 m grey shark,fishing,other shark
1991-05-19,1991,Unprovoked,SOUTH AFRICA,Western Cape Province,Gordon’s Bay,Scuba diving,M,,N,13h00,3.5 m [11.5'] female white shark named Notchfin,diving,other shark
1990-05-13,1990,Provoked,SOUTH AFRICA,KwaZulu-Natal,Protea Reef,Fishing,,,N,,"6 m, 600-kg shark",fishing,other shark
1989-10-22,1989,Unprovoked,AUSTRALIA,Tasmania,Shelly Point,Surfing,M,17.0,N,14h20,2.7 m [9'] white shark,surfing,other shark
1989-10-14,1989,Invalid,USA,Hawaii,"Kahe Point, O'ahu",Scuba diving,M,,,16h30,Shark involvement suspected but not confirmed,diving,other shark
1989-03-09,1989,Unprovoked,AUSTRALIA,South Australia,"Waitpinga Beach, near Victor Harbor, Encounter Bay",Surfing,M,27.0,Y,20h15,2 m [6.75'] white shark,surfing,other shark
1988-08-19,1988,Unprovoked,JAPAN,Tokyo Prefecture,Ogasawara Islands,,M,,N,,,other,unknown
1988-02-13,1988,Unprovoked,SOUTH AFRICA,KwaZulu-Natal,Mtunzini,Lying atop surfboard,F,15.0,N,07h40,Zambezi shark (tooth fragments recovered),surfing,other shark
1987-11-21,1987,Unprovoked,USA,Florida,"North of Jupiter Inlet, Palm Beach County",Surfing,M,15.0,N,,,surfing,unknown
1987-11-01,1987,Invalid,SOUTH AFRICA,KwaZulu-Natal,St. Lucia,,M,,,,Shark involvement prior to death was not confirmed,other,other shark
1986-12-31,1986,Unprovoked,SOUTH AFRICA,Western Cape Province,Agulhas Banks,Spearfishing,M,,N,14h00,"Raggedtooth shark, 2.5 m [8.25']",fishing,other shark
1986-05-15,1986,Unprovoked,SOUTH KOREA,,,Shell diving,M,,Y,,,diving,unknown
1986-03-18,1986,Unprovoked,SPAIN,Cádiz,Tarifa,Windsurfing,M,,N,10h55,3.5 m white shark,surfing,other shark
1985-11-05,1985,Watercraft,USA,California,"Southeast Farallon Island, Farallon Islands",Boat,,,N,,5.2 to 5.8 m white shark,watercraft,other shark
1984-10-21,1984,Invalid,USA,Florida,"Wabasso Beach, Indian River County",Swimming,M,22.0,,14h00,Shark involvement prior to death was not confirmed,swimming,other shark
1984-06-15,1984,Unprovoked,SOUTH AFRICA,Western Cape Province,"Muizenberg, False Bay",Surfing,M,27.0,N,17h30,2.4 m [8'] white shark,surfing,other shark
1983-09-04,1983,Unprovoked,USA,Florida,"Off Lake Worth, Palm Beach County",Standing,M,15.0,N,,,swimming,unknown
1981-10-19,1981,Unprovoked,USA,Florida,"Jupiter Island, Brevard County",Swimming,M,19.0,N,11h30,1.8 m to 2.4 m [6' to 8'] shark,swimming,other shark
1981-06-15,1981,Watercraft,ENGLAND,,Isle of Wight,Fishing,M,,N,,"13', 400-lb thresher shark",fishing,other shark
1979-09-14,1979,Unprovoked,AUSTRALIA,New South Wales,Byron Bay,Scuba diving,M,18.0,N,,a small shark,diving,other shark
1974-09-28,1974,Unprovoked,USA,California,"North of Point Sur, Monterey County",Surfing,M,17.0,N,07h30,"White shark, 5.5 m to 6 m [18' to 20']",surfing,white shark
1974-09-01,1974,Unprovoked,USA,Oregon,Myers Creek,Surfing,M,24.0,N,Morning,"White shark, 4.5 m",surfing,white shark
1973-03-05,1973,Unprovoked,MOZAMBIQUE,Gaza,"Chongeone, Xai Xai",Spearfishing,M,28.0,Y,Morning,,fishing,unknown
1971-07-19,1971,Unprovoked,USA,California,"Point Purisima, Santa Barbara County",Hookah diving (submerged),M,,N,,"White shark, 5.5 m to 6 m [18' to 20']",diving,white shark
1971-04-05,1971,Unprovoked,VENEZUELA,,,,M,66.0,Y,,,other,unknown
1964-03-01,1964,Unprovoked,SENEGAL,Cap Vert Peninsula,"Bel Air, Dakar",Free diving for shell,M,,N,,3 m shark,diving,other shark
1954-02-08,1964,Unprovoked,SOUTH AFRICA,Western Cape Province,Muizenberg,Body boarding,M,25.0,N,08h45,"White shark, 1.5 m [5'] k",watercraft,white shark
1964-01-27,1964,Unprovoked,FIJI,,70 miles from Suva,Spearfishing,,,Y,,,fishing,unknown
1963-11-14,1963,Provoked,AUSTRALIA,Queensland,Mermaid Beach,Catching sharks under government contract,M,,N,,"White shark, 15'2",other,white shark
1963-02-24,1963,Unprovoked,AUSTRALIA,New South Wales,Wombarra Beach near Austinmeer,Spearfishing,M,18.0,N,Afternoon,"Bronze whaler shark, 3 m [10']",fishing,other shark
1962-10-01,1962,Unprovoked,PANAMA,Pinas Bay,,Sitting in shallows,M,1.0,Y,,,other,unknown
1962-07-20,1962,Provoked,MADAGASCAR,,"Onboard tuna boat, M.V. Toscui Maru",Finning the shark,M,20.0,N,Morning,2 m [6'9] shark,other,other shark
1962-05-29,1962,Unprovoked,USA,Florida,"Jupiter, Palm Beach County",,M,17.0,N,,,other,unknown
1962-01-27,1962,Unprovoked,NEW ZEALAND,South Island,Oreti Beach,Splashing,M,18.0,N,16h00,1.5 m [5'] shark,other,other shark
1962-01-11,1962,Watercraft,AUSTRALIA,South Australia,Marino,Fishing,,,N,,Said to involve a Grey nurse shark 3.7 m [12'],fishing,other shark
1961-06-02,1961,Unprovoked,NEW BRITAIN,East New Britain Province,Rabaul,Spearfishing,M,,N,,,fishing,unknown
1961-05-21,1961,Unprovoked,USA,California,"Tomales Point, Marin County",Free diving for abalone,M,20.0,N,08h00 / 09h30,White shark,diving,white shark
1961-04-21,1961,Unprovoked,MOZAMBIQUE,Gaza,"Sepulveda Beach, Xai Xai",Swimming,M,37.0,N,10h00,Zambesi shark,swimming,other shark
1961-04-08,1961,Sea Disaster,PERSIAN GULF,United Arab Emirates,Dubai,Cargo ship Dara sank after collision with another ship during a severe storm,,,Y,,,other,unknown
1961-01-01,1961,Unprovoked,SENEGAL,Cap Vert Peninsula,Thiaroye Guedi,Free diving for molluscs,M,20.0,Y,,> 3 m shark,diving,other shark
1960-10-25,1960,Sea Disaster,USA,California,"Off Point Mugu, Ventura County",Ejected from F3H-2 aircraft,M,36.0,N,14h00,,other,unknown
1960-09-24,1960,Provoked,USA,South Carolina,"Atlantic Beach, Horry County",Fishing inside net,M,,N,,"2.4 m [8'], 600-lb shark",fishing,other shark
1960-01-16,1960,Unprovoked,AUSTRALIA,New South Wales,"Just below Roseville Bridge, opposite Killarney picnic reserve, Middle Harbor, Sydney",Free diving,M,13.0,Y,15h30,Bull shark,diving,bull shark
,1960,Unprovoked,SRI LANKA,Eastern  Province,"Manayaweli Cove, Trincomalee",Collecting ornamental fish,M,,N,,Blacktip reef shark,fishing,other shark
1959-10-04,1959,Unprovoked,USA,California,"Bodega Rock, Sonoma County",Diving for abalone,M,30.0,N,15h15,"White shark, 5 m [16.5'], identified by Dr. W. I. Follett on tooth marks",diving,white shark
1959-04-27,1959,Invalid,AUSTRALIA,New South Wales,Maroubra Bay,Spearfishing,M,22.0,,,Questionable incident,fishing,unknown
1958-09-01,1958,Provoked,USA,New York,Staten Island,Spearfishing,M,20.0,N,,,fishing,unknown
1955-09-20,1955,Unprovoked,USA,Hawaii,East Moloka'i,Hunting turtle,M,,N,09h00,,other,unknown
1954-07-15,1954,Unprovoked,THE BALKANS,Slovenia,Between Punta Grossa & Koper,Swimming,M,,Y,21h00,,swimming,unknown
1954-04-08,1954,Invalid,USA,Hawaii,"Wailupe, O'ahu",Fishing from shore,M,,,,Shark involvement prior to death was not confirmed,fishing,other shark
1950-12-19,1950,Unprovoked,AUSTRALIA,New South Wales,Jervis Bay,Swimming,,,N,,"Wobbegong shark, 6'",swimming,other shark
1950-11-25,1950,Unprovoked,AUSTRALIA,Queensland,"Burleigh Heads, Brisbane",Body surfing,M,21.0,N,17h15,"White shark, 3m, seen in area and hooked 3 days later",surfing,white shark
1950-05-01,1950,Watercraft,ITALY,Tyrrhenian Sea,"Sprizze, Isola d'Elba",Fishing on a boat,M,,N,,"unknown, possibly a white shark",fishing,other shark
1950-03-08,1950,Unprovoked,SOUTH AFRICA,KwaZulu-Natal,"North Beach, Durban",Lifesaving drill,M,20.0,Y,18h50,,other,unknown
1949-01-05,1949,Invalid,AUSTRALIA,Western Australia,"Leighton Beach, North Fremantle",,,,,,Shark involvement prior to death not confirmed,other,other shark
1947-05-13,1947,Unprovoked,KENYA,Coast Province,"Kilindini Harbor, Mombasa",Swimming,M,,N,,,swimming,unknown
1946-01-24,1946,Unprovoked,SOUTH AFRICA,KwaZulu-Natal,"Battery Beach, Durban",Swimming,M,,N,Afternoon,,swimming,unknown
1944-05-31,1944,Unprovoked,USA,Florida,"Atlantic Beach, Mayport,  Duval County",Bathing,F,15.0,N,,1.8 m [6'] blacktip shark or spinner shark,swimming,other shark
1942-05-09,1942,Unprovoked,AUSTRALIA,Queensland,"Great Barrier Reef, off Cairns",Diving from lugger,M,,N,,,diving,unknown
1940-12-28,1940,Unprovoked,AUSTRALIA,New South Wales,"Stockton Beach, Newcastle",Standing on sandbank,M,23.0,Y,09h00,,swimming,unknown
1940-03-20,1940,Unprovoked,AUSTRALIA,New South Wales,Gerringong,Free diving for lobster,M,,N,,Wobbegong shark,diving,other shark
1938-06-17,1938,Unprovoked,NICARAGUA,Lower San Juan River,,"The schooner Elizabeth, bound from Bluefields, Nicaragua to the river port of San Carlos foundered",,,Y,,Thought to involve bull sharks,other,other shark
1937-08-02,1937,Unprovoked,PANAMA,Colon Province,Limon Bay,Swimming,M,21.0,Y,,,swimming,unknown
1937-05-15,1937,Unprovoked,AUSTRALIA,Queensland,"Ross River, Townsville","Refused permission to cross on the ferry, he was swimming across the river",M,33.0,Y,Night,2 days later a 600-lb shark was caught 100 yards from the site,swimming,other shark
1936-09-04,1936,Unprovoked,USA,Hawaii,"Lahaina, Maui",Swimming,M,,N,,,swimming,unknown
1936-04-22,1936,Unprovoked,AUSTRALIA,Queensland,Arlington Reef near Cairns,Diving for trochus,M,16.0,N,10h00,"Tiger shark, 4.6 m [15']",diving,tiger shark
1933-11-20,1933,Unprovoked,AUSTRALIA,Torres Strait,Near Boydong Cay,Free diving for trochus,M,,Y,,"Tiger shark, 3.4 m [11']",diving,tiger shark
1933-05-24,1933,Sea Disaster,BARBADOS,St Michael Parish,Off Pelican Island,Yacht of Michael Howell capsized,,,Y,,,other,unknown
1932-04-16,1932,Unprovoked,PHILIPPINES,Manila,Fort Mills,Standing,M,,Y,,,swimming,unknown
1929-04-09,1929,Unprovoked,AUSTRALIA,Torres Strait,Badu Island,,M,,Y,,,other,unknown
1926-07-12,1926,Watercraft,USA,New Jersey,20 miles off Seabright,Fishing,M,,N,,whiptail shark (thresher shark?),fishing,other shark
1926-05-18,1926,Unprovoked,USA,Hawaii,"Hale'iwa, O'ahu",Swimming,M,,Y,,"White shark, 3.8 m [12.5']",swimming,white shark
1926-04-07,1926,Unprovoked,USA,Hawaii,"Hilo Bay Yacht Club, Hilo, Hawai'i",Swimming,F,,N,17h30,"According to Carlsmith, the shark's mouth was 3' wide",swimming,other shark
1924-07-14,1924,Provoked,ENGLAND,Dorset,Weymouth,Fishing for mackerel,M,,N,,12' shark,fishing,other shark
1924-03-24,1924,Watercraft,SPAIN,Galica,Sisargas Islands,Fishing,,,N,,3.5 m shark,fishing,other shark
1923-10-20,1923,Invalid,AUSTRALIA,New South Wales,"Botany Bay, Sydney",Sailing,M,,,,Shark involvement prior to death unconfirmed,other,other shark
1919-05-29,1919,Unprovoked,USA,South Carolina,"James Island Sound, Charleston",Swimming vigorously,M,,N,12h00,,swimming,unknown
1918-11-01,1918,Sea Disaster,SAN DOMINGO,60 miles north of San Domingo in the West Indies,Muchoir Banks,Steamer Una wrecked with 75 laborers onboard. Survivors took to rafts & lifeboats.,M,,Y,,"Tiger sharks, 2.4 m to 4.9 m [8' to 16']",watercraft,tiger shark
1916-07-12,1916,Unprovoked,USA,New Jersey,"In Matawan Creek, off NJ Clay Company brickyards at Cliffwood, Monmouth County, 9.5 miles from the sea, Monmouth County",Swimming,M,12.0,N,,Said to involve a 2.7 m [9'] shark,swimming,other shark
1916-06-30,1916,Unprovoked,USA,New Jersey,"Atlantic City, Atlantic County",Swimming,M,,N,,,swimming,unknown
1914-06-10,1914,Unprovoked,AUSTRALIA,Victoria,Sandringham,Bathing,M,43.0,Y,Afternoon,,swimming,unknown
1913-05-21,1913,Provoked,USA,Florida,"John's Pass, Pinellas County",Fishing,M,,N,,,fishing,unknown
1911-11-08,1911,Invalid,USA,Florida,"Pensacola Bay, Escambia County",,M,,,,Shark involvement prior to death unconfirmed,other,other shark
1907-10-18,1907,Unprovoked,AUSTRALIA,Torres Strait,Near Thursday Island,Bathing,M,,Y,,,swimming,unknown
1907-01-01,1907,Unprovoked,VIETNAM,Khánh Hòa Province,Nha Trang,Fishing,M,20.0,N,,,fishing,unknown
1902-11-10,1902,Unprovoked,AUSTRALIA,New South Wales,"Middle Harbour, Sydney",Swimming,M,17.0,Y,Afternoon,,swimming,unknown
1902-08-24,1902,Watercraft,CROATIA,Istria County,Porec,Fishing,M,,N,,,fishing,unknown
1902-01-25,1902,Unprovoked,AUSTRALIA,New South Wales,Kerosene Bay,Dangling feet in the water,M,,Y,,,other,unknown
1902-01-19,1902,Unprovoked,AUSTRALIA,Queensland,Brisbane,Swimming,M,16.0,N,12h00,,swimming,unknown
1899-01-28,1899,Invalid,AUSTRALIA,New South Wales,Newcastle,Bathing,F,13.0,,,Questionable,swimming,unknown
,1898,Unprovoked,USA,Florida,"a creek near Jacksonville, Duval County",,M,,N,,,other,unknown
1895-06-03,1895,Unprovoked,AUSTRALIA,Western Australia,Barrow Passage,Pearl diving,M,,Y,,,diving,unknown
1894-09-01,1894,Provoked,USA,Texas,Rockport,Fishing,M,,N,,,fishing,unknown
1893-04-14,1893,Unprovoked,AUSTRALIA,Queensland,Torres Strait,"Boat capsized, swimming ashore",M,,N,,,swimming,unknown
1890-08-09,1890,Unprovoked,USA,Connecticut,"Bridgeport, Fairfield County",Treading for clams,M,,N,,,swimming,unknown
1887-10-18,1887,Unprovoked,USA,Florida,"Between Lake Worth & Biscayne Bay, near Hillsboro","Crossing inlet in a boat, seen fighting sharks with his oar, sharks smashed boat",M,,Y,,,watercraft,unknown
1884-12-13,1884,Sea Disaster,AUSTRALIA,South Australia,Port Phillip,yachting accident,M,,Y,,14' shark,other,other shark
1879-11-10,1879,Unprovoked,AUSTRALIA,New South Wales,Clarence Heads,Swimming,M,,N,,,swimming,unknown
1877-09-15,1877,Unprovoked,AUSTRALIA,New South Wales,Port Jackson,Fishing,M,,N,Afternoon,13' shark,fishing,other shark
1874-07-23,1874,Watercraft,FRANCE,,,Fishing,,,N,,,fishing,unknown
1870-07-27,1870,Unprovoked,USA,North Carolina,"Smithville (now Southport), Brunswick County",Bathing,M,,N,,,swimming,unknown
1864-08-01,1864,Unprovoked,MADAGASCAR,,,Fell overboard,M,,Y,,,watercraft,unknown
1862-07-13,1862,Unprovoked,SPAIN,Cádiz,Off Algeciras,Swimming alongside the SS Kearsarge,M,,Y,18h30,16' shark,swimming,other shark
1861-03-01,1861,Unprovoked,NEW ZEALAND,North Island,"Wynyard Wharf, Auckland Harbor",Bathing,M,,N,,,swimming,unknown
1852-08-01,1852,Unprovoked,USA,Virginia,Norfolk,Swimming,M,,Y,,,swimming,unknown
1848-08-31,1848,Unprovoked,USA,Maryland,Patapsco River,Swimming,M,15.0,N,,,swimming,unknown
1834-07-15,1834,Unprovoked,FRENCH POLYNESIA,Society Islands,Tahiti,Swimming,F,,Y,,Reported to involve a hammerhead shark,swimming,other shark
1812-05-01,1812,Unprovoked,ENGLAND,Devon,Mill Bay,Swimming,M,,N,,Thought to involve a porbeagle or mako shark,swimming,other shark
1807-01-12,1807,Unprovoked,AUSTRALIA,New South Wales,"Cockle Bay, Sydney Harbour",,M,,N,,,other,unknown
1797-05-28,1797,Unprovoked,,,,Dropped overboard,,,Y,,,watercraft,unknown
1788-05-10,1788,Watercraft,AUSTRALIA,New South Wales,Sydney Harbor,Fishing,,,N,,,fishing,unknown
,1640,Unprovoked,USA,Maryland,a tidal river,Wading,M,,Y,,,swimming,unknown
,1543,Unprovoked,VENEZUELA,Magarita or Cubagua Islands,,Pearl diving,M,,Y,,,diving,unknown
2023-08-16,2023,Unprovoked,SPAIN,Valencia,Rabdells Beach,Wading,M,,N,Afternoon,Blue shark,swimming,other shark
2023-05-05,2023,Unprovoked,USA,Florida,"Davis Reef, Islamorada, Monroe County",Spearfishing,M,22.0,N,11h30,,fishing,unknown
2022-11-27,2022,Unprovoked,USA,Florida,Hobe Sound,Swimming,F,10.0,N,Afternoon,,swimming,unknown
2022-08-31,2022,Unprovoked,AUSTRALIA,New South Wales,Avoca,Surfing,M,14.0,N,07h00,Bronze whaler,surfing,other shark
2022-06-30,2022,Unprovoked,USA,Florida,"Keaton Beach,",Scalloping,F,17.0,N,15h00,9' shark,other,other shark
2021-08-02,2021,Unprovoked,USA,Maryland,"Ocean City, Worcester County",Swimming,F,12.0,N,15h00,Blacktip shark,swimming,other shark
2020-09-15,2020,Unprovoked,USA,Florida,"Ponce Inlet, Volusia County",Surfing,M,15.0,N,10h45,,surfing,unknown
2020-06-22,2020,Unprovoked,USA,Florida,"Homestead, Miami-Dade County",Playing,M,7.0,N,,Juvenile bull shark?,other,other shark
2019-12-30,2019,Unprovoked,AUSTRALIA,Queensland,North West Island,Swimming,M,,N,12h58,"Shovelnose shark which is a ray, not a shark)",swimming,other shark
2019-09-24,2019,Unprovoked,USA,Florida,"Satellite Beach, Brevard County",Surfing,M,13.0,N,16h30,2' shark,surfing,other shark
2019-09-18,2019,Unprovoked,USA,Hawaii,"Haleiwa, Oahu",Snorkeling,,,N,10h40,"Galapagos shark, 5'-9'",other,other shark
2019-08-03,2019,Unprovoked,USA,Florida,"New Smyrna Beach, Volusia County",Surfing,M,20.0,N,15h30,,surfing,unknown
2019-05-08,2019,Unprovoked,USA,Hawaii,O'ahu,Swimming with sharks,F,34.0,N,09h00,,swimming,unknown
2019-03-16,2019,Unprovoked,USA,Hawaii,Kaiwi Channel,Swimming,M,58.0,N,03h00,Cookiecutter shark,swimming,other shark
2018-10-16,2018,Watercraft,SAMOA,Upolo,,Surf skiing,M,,N,,,surfing,unknown
2018-10-13,2018,Questionable,AUSTRALIA,Western Australia,Two Rocks near Three Mile Reef,Spearfishing,M,,N,12h00,"White shark, 5m female",fishing,white shark
2018-09-19,2018,Unprovoked,AUSTRALIA,Queensland,"Cid Harbor, Whitsundays",Swimming,F,46.0,N,17h00,,swimming,unknown
2018-05-27,2018,Provoked,USA,Florida,"Lighhouse Point Park, Ponce Inlet, Volusia County",Fishing,M,52.0,N,,"Lemon shark, 3'",fishing,other shark
2018-04-09,2018,Unprovoked,NEW CALEDONIA,,"Magenta Beach, Noumea",Foilboarding,M,17.0,N,17h00,2 m shark,watercraft,other shark
2018-01-12,2018,Unprovoked,BRAZIL,Fernando de Noronha,Conceicao Beach,Surfing,M,20.0,N,Late afternoon,small shark,surfing,other shark
2017-09-06,2017,Unprovoked,SOLOMON ISLANDS,,Owarigi Island,Spearfishing,M,,N,,,fishing,unknown
2017-09-02,2017,Unprovoked,USA,Florida,"Marathon, Monroe County",Swimming,M,,N,,Nurse shark,swimming,other shark
2017-07-20,2017,Unprovoked,USA,California,"Seal Rock, Goleta Beach, Santa Barbara",SUP,M,50.0,N,07h45,"White shark, 8' to 10'",other,white shark
2017-07-11,2017,Watercraft,USA,California,"Santa Cruz, Santa Cruz County",Kayaking,M,,N,11h00,White shark,watercraft,white shark
2017-06-04,2017,Unprovoked,USA,Florida,"Middle Sambo Reef off Boca Chica, Monroe County",Spearfishing,M,,N,,8' shark,fishing,other shark
2017-04-29,2017,Unprovoked,USA,South Carolina,"Folly Beach, Charleston County",Surfing,F,33.0,N,11h00,,surfing,unknown
2017-04-14,2017,Unprovoked,USA,Hawaii,"Kekaha Beach, Kauai",Surfing,M,28.0,N,09h00,"Tiger shark, 12'",surfing,tiger shark
2016-11-28,2016,Provoked,AUSTRALIA,Victoria,Queenscliff,Fishing,M,73.0,N,11h00,"Broadnose sevengill shark, 1.5 m",fishing,other shark
2016-10-02,2016,Unprovoked,USA,Florida,"New Smyrna Beach, Volusia County",Surfing,M,21.0,N,11h30,,surfing,unknown
2016-09-01,2016,Invalid,MEXICO,,Guadalupe Island,Cage Diving,,,,,Invalid,diving,unknown
2016-07-28,2016,Unprovoked,CHINA,Hong Kong,,Swimming,M,72.0,N,,,swimming,unknown
2016-07-17,2016,Watercraft,USA,Alabama,8 miles off Mobile,Fishing,,,N,,"Tiger shark, 10'",fishing,tiger shark
2016-07-08,2016,Watercraft,USA,California,"Capitola, Santa Cruz County",Fishing,M,,N,,White shark,fishing,white shark
2016-04-07,2016,Unprovoked,USA,Florida,"Florida Keys, Monroe County",Fishing,M,34.0,N,,5' to 6' shark,fishing,other shark
2016-03-03,2016,Unprovoked,AUSTRALIA,South Australia,Wrights Bay,Fishing,M,,N,Midnight,Bronze whaler,fishing,other shark
2015-12-21,2015,Unprovoked,AUSTRALIA,New South Wales,Bondi Beach,Surfing,M,43.0,N,07h00,"Bronze whaler shark, 6'",surfing,other shark
2015-12-21,2015,Unprovoked,BRAZIL,Pernambuco,Fernano de Noronha,Scuba diving,M,32.0,N,,"Tiger shark, 1.5 m",diving,tiger shark
2015-11-01,2015,Unprovoked,USA,Florida,"Cocoa Beach, Brevard  County",Wading,F,28.0,N,14h00,3' to 5' shark,swimming,other shark
2015-07-28,2015,Unprovoked,COSTA RICA,Guanacaste,Playa Grande,Surfing,M,47.0,N,,,surfing,unknown
2015-07-08,2015,Invalid,USA,California,"Huntington Beach, Orange County",Treading water,M,39.0,,,Shark involvement not cofirmed,swimming,other shark
2015-06-30,2015,Unprovoked,AUSTRALIA,New South Wales,"Flat Rock, Yamba",Surfing,M,,N,,,surfing,unknown
2015-06-25,2015,Provoked,AUSTRALIA,Western Australia,Rottnest Island,Swimming,M,19.0,N,,Wobbegong shark,swimming,other shark
2015-06-24,2015,Invalid,AUSTRALIA,Western Australia,Denmark,Surfing,F,37.0,N,09h30,White shark,surfing,white shark
2015-05-29,2015,Unprovoked,USA,Florida,"Cocoa Beach, Brevard  County",Standing,F,14.0,N,15h00,,swimming,unknown
2015-04-26,2015,Unprovoked,USA,Florida,"Resident's Beach, Marco Island",Wading,M,63.0,N,16h30,3- to 4-foot shark,swimming,other shark
2014-09-09,2014,Unprovoked,AUSTRALIA,New South Wales,"Clarkes Beach, Byron Bay",Swimming,M,50.0,Y,10h45,7' shark,swimming,other shark
2014-08-31,2014,Unprovoked,USA,Florida,"New Smyrna Beach, Volusia County",Body surfing,F,13.0,N,16h40,Spinner shark,surfing,other shark
2014-08-02,2014,Unprovoked,USA,Florida,"South of Cocoa Beach, Brevard County",Surfing,M,,N,,,surfing,unknown
2014-06-07,2014,Unprovoked,USA,Texas,"West Beach, Galveston",Kneeling in the water,F,14.0,N,Afternoon,,other,unknown
2014-03-18,2014,Unprovoked,AUSTRALIA,Victoria,Winkipop Beach,Surfing,M,42.0,N,Morning,,surfing,unknown
2014-02-08,2014,Unprovoked,AUSTRALIA,South Australia,"Goldsmith Beach, Yorke Peninsula",Spearfishing / Free diving,M,28.0,Y,12h00,,fishing,unknown
2013-04-02,2013,Invalid,AUSTRALIA,Western Australia,Perth,,M,24.0,,,shark involvement not confirmed,other,other shark
2013-02-10,2013,Unprovoked,USA,Florida,"Stuart Rocks, Martin County",Surfing,M,16.0,N,14h00,"Blacktip shark, 4' to 5'",surfing,other shark
2013-01-05,2013,Unprovoked,AUSTRALIA,Western Australia,Near Legendre Island,Spearfishing / Free diving,M,26.0,N,10h00,,fishing,unknown
2012-12-31,2012,Unprovoked,USA,Florida,"Jensen Beach, Martin County",Swimming,M,,N,14h00,,swimming,unknown
2012-10-11,2012,Unprovoked,NIGERIA,Delta,Oboro,Bathing,F,38.0,N,,,swimming,unknown
2012-09-16,2012,Unprovoked,USA,Florida,"Cocoa Beach, Brevard  County",Surfing,M,52.0,N,15h00,,surfing,unknown
2012-06-14,2012,Unprovoked,USA,South Carolina,"Myrtle Beach, Horry County",Swimming,M,,N,Afternoon,Shark involvement not confirmed,swimming,other shark
2012-03-15,2012,Unprovoked,USA,Florida,"Jensen Beach, Martin County",Surfing,M,61.0,N,15h50,Possibly a 5' to 6' bull shark,surfing,other shark
2012-03-01,2012,Provoked,CHILE,Antofagasta Province,Antofagasta,Fishing (illegally),M,,N,,,fishing,unknown
2011-10-29,2011,Provoked,SOUTH AFRICA,KwaZulu-Natal,"uShaka Aquarium, Durban",Diving,,,N,,Raggedtooth shark,diving,other shark
2011-07-07,2011,Unprovoked,USA,Texas,"Sunday Beach, Matagorda Island, Calhoun  County",Swimming,M,12.0,N,17h00,,swimming,unknown
2010-12-01,2010,Unprovoked,EGYPT,South Sinai Peninsula,"Ras Nasrani, Sharm el-Sheikh",Snorkeling,M,54.0,N,11h00,Mako shark,other,other shark
2010-10-20,2010,Unprovoked,EGYPT,South Sinai Peninsula,Sharm el-Sheikh,Snorkeling,F,,N,A.M.,,other,unknown
2010-09-21,2010,Unprovoked,SOUTH AFRICA,Western Cape Province,Between Dyer Island and Pearly Beach,Swimming,M,29.0,Y,,White shark,swimming,white shark
2010-02-06,2010,Unprovoked,AUSTRALIA,New South Wales,Turners' Beach,Body boarding,M,18.0,N,15h30,"White shark, 2.5m",watercraft,white shark
2009-08-11,2009,Unprovoked,SOUTH AFRICA,KwaZulu-Natal,Alkantstrand,Body boarding,M,,N,Lunchtime,"White shark, 2m",watercraft,white shark
2009-07-05,2009,Unprovoked,USA,Florida,"Daytona Beach, Volusia County",Boogie Boarding,F,12.0,N,16h00,,watercraft,unknown
2009-02-22,2009,Unprovoked,AUSTRALIA,Queensland,Batt Reef,Fishing,M,,N,10h15,,fishing,unknown
2009-02-08,2009,Sea Disaster,USA,Puerto Rico,Quebradillas,Air Disaster,M,,Y,,,other,unknown
2006-12-06,2006,Provoked,SOUTH AFRICA,KwaZulu-Natal,Cape Vidal,Fishing,M,25.0,N,Evening,"Raggedtooth shark, 150-kg",fishing,other shark
2006-10-01,2006,Unprovoked,BAHAMAS,New Providence Island,Nassau,Free diving / modeling,F,26.0,N,,,diving,unknown
2006-06-26,2006,Provoked,USA,Florida,Fort Myers,Fishing,M,,N,Afternoon,,fishing,unknown
2006-05-31,2006,Unprovoked,USA,Hawaii,O'ahu,Spearfishing,M,26.0,N,13h30,"Tiger shark, 8' to 12'",fishing,tiger shark
2006-05-02,2006,Provoked,AUSTRALIA,Queensland,"Moffat Beach, Caloundra",Snorkeling,M,46.0,N,16h30,"Wobbegong shark, 2 m",other,other shark
2006-04-09,2006,Unprovoked,BRAZIL,Pernambuco,Piedade,Swimming,M,35.0,N,Afternoon,Tiger shark,swimming,tiger shark
2005-12-20,2005,Watercraft,ATLANTIC OCEAN,600 nm west of the Canary Islands,,Competing in the Woodvale Atlantic Rowing Race,,,N,13h30,3 m shark,other,other shark
2005-10-15,2005,Provoked,USA,Florida,"Ponce Inlet, Volusia County",Wading,M,15.0,N,17h55,,swimming,unknown
2004-09-08,2004,Unprovoked,BRAZIL,Pernambuco,"Pina, Recife",Swimming,,,Y,,,swimming,unknown
2004-08-29,2004,Unprovoked,USA,Florida,"New Smyrna Beach / Cape Canaveral  National Seashore, Brevard County",Walking,F,38.0,N,17h30,,other,unknown
2004-05-23,2004,Unprovoked,BRAZIL,Pernambuco,Piedade Beach,Swimming,M,17.0,N,14h30,Bull shark,swimming,bull shark
2004-05-18,2004,Provoked,BAHAMAS,Abaco Islands,Green Turtle Cay,Free diving & spearfishing,M,63.0,N,15h00,"1,5 m [5'] Caribbean reef shark (Carcharhinus  perezi)",fishing,other shark
2004-03-31,2004,Unprovoked,USA,Florida,"Ocean Reef Park, Singer Island, Palm Beach County",,M,26.0,N,,,other,unknown
2004-03-14,2004,Unprovoked,USA,Hawaii,Punaluu,Snorkeling,F,,N,10h00,1.8 m [6'] shark,other,other shark
2004-02-29,2004,Unprovoked,BRAZIL,Pernambuco,"Piedade Beach, Recife",Swimming,M,29.0,Y,15h00,,swimming,unknown
2004-01-07,2004,Unprovoked,SOUTH AFRICA,Eastern Cape Province,"West Beach, Port Alfred",Surfing,M,22.0,N,,Raggedtooth shark,surfing,other shark
2003-09-28,2003,Unprovoked,USA,Florida,"North Hutchinson Island, St. Lucie Couny",Surfing,M,16.0,N,07h45,,surfing,unknown
2003-06-24,2003,Unprovoked,BRAZIL,Pernambuco,"Piedade, Recife",,M,,Y,,,other,unknown
2002-11-01,2002,Unprovoked,FRENCH POLYNESIA,Society Islands,Tetiaroa,"Fishing, standing in 2' of water",M,52.0,N,,,swimming,unknown
2002-08-14,2002,Unprovoked,USA,Florida,"New Smyrna Beach, Volusia County",Surfing,M,27.0,N,14h45,0.9 m  to 1.2 m [3' to 4'] shark,surfing,other shark
2002-03-19,2002,Unprovoked,USA,Florida,"Daytona Beach Shores, Volusia County",Swimming /  boogie boarding,M,20.0,N,15h45,4' shark,swimming,other shark
2001-08-19,2001,Unprovoked,USA,Florida,"New Smyrna Beach, Volusia County",Surfing,M,32.0,N,13h14,,surfing,unknown
2001-04-10,2001,Unprovoked,USA,Florida,"New Smyrna Beach, Volusia County",Surfing,,16.0,N,,Possibly a juvenile blacktip or spinner shark,surfing,other shark
2001-02-11,2001,Invalid,MALAYSIA,Off the western coast of peninsular Malaysia,Pulau Pangkor (Pangkor Island),Unknown,F,,,,Shark involvement prior to death was not confirmed,other,other shark
2000-11-20,2000,Invalid,AUSTRALIA,South Australia,Ceduna,Shipwrecked,M,47.0,,,Shark involvement not confirmed,other,other shark
2000-11-10,2000,Invalid,USA,Florida,"Vaughn Beach, Flagler County",Walking,F,27.0,,,Invalid,other,unknown
2000-10-06,2000,Unprovoked,USA,Florida,"New Smyrna Beach, Volusia County",Surfing,M,23.0,N,14h30,"Blacktip shark, 2'",surfing,other shark
2000-08-27,2000,Provoked,USA,Alaska,Prince William Sound,Conducting research,M,,N,,Salmon shark,other,other shark
2000-08-10,2000,Invalid,USA,Florida,Florida Keys,Attempting to illegally enter the USA,M,,,,Shark involvement prior to death was not confirmed,other,other shark
2000-07-07,2000,Unprovoked,USA,Texas,"Mustang Island, Corpus Christi",Jumping,M,5.0,N,,"Lemon shark, 2.1  m to 2.4 m [7' to 8']",other,other shark
2000-05-07,2000,Unprovoked,PAPUA NEW GUINEA,Madang Province,"Long Island near Madang, about 500 km (310 miles) north of the South Pacific nation's capital of Port Moresby",Standing,M,9.0,N,,,swimming,unknown
2000-03-02,2000,Unprovoked,AUSTRALIA,New South Wales,"Taronga Wharf, Athol Bay, Sydney Harbor",Swimming,M,,N,,,swimming,unknown
2000-03-01,2000,Unprovoked,USA,Louisiana,Midnight Lump (38 miles offshore),Spearfishing,M,39.0,N,16h00,"Shortfin mako shark, 3 m to 3.4 m [10' to 11']",fishing,other shark
1999-04-11,1999,Unprovoked,REUNION,L' Etang Salé-les-Bains,Roche-aux-Oiseaux,Swimming after being swept into sea by a large wave,M,52.0,Y,10h30,3 bull sharks,swimming,other shark
1998-11-11,1998,Unprovoked,USA,Florida,"South Beach Park, Indian River County",Walking,M,13.0,N,17h00,A small shark,other,other shark
1998-10-01,1998,Unprovoked,USA,Florida,"New Smyrna Beach, Volusia County",,M,28.0,N,14h30,,other,unknown
1998-08-27,1998,Invalid,ITALY,Marches region,12 miles off Senigallia (Adriatic Sea),Fishing,,,,,Invalid,fishing,unknown
1998-08-01,1998,Unprovoked,SOUTH AFRICA,Western Cape Province,Pringle Bay,Spearfishing,M,24.0,N,13h00,"White shark, 4.9 m [16']",fishing,white shark
1998-01-01,1998,Unprovoked,SOUTH AFRICA,Eastern Cape Province,Hole-in-the Wall,Surfing,M,28.0,Y,,,surfing,unknown
1997-05-26,1997,Unprovoked,BAHAMAS,Abaco Islands,Powell Cay,Spearfishing,M,54.0,N,,Possibly a Caribbean reef shark,fishing,other shark
1996-11-18,1996,Unprovoked,USA,Florida,"Coral Cove Park, Palm Beach County",Surfing,M,26.0,N,17h00,,surfing,unknown
1996-07-20,1996,Unprovoked,USA,Florida,"New Smyrna Beach, Volusia County",Swimming,M,9.0,N,13h30,,swimming,unknown
1996-03-01,1996,Unprovoked,AUSTRALIA,New South Wales,Lord Howe Island,Fishing in knee-deep water,M,7.0,N,,1.5 m [5'] shark,fishing,other shark
1996-01-16,1996,Unprovoked,USA,Hawaii,"Ka’eleki’I Point, Maui",Swimming with mask & snorkel,M,53.0,N,15h45,Possibly a tiger shark,swimming,other shark
1995-10-11,1995,Unprovoked,AUSTRALIA,Queensland,"Pialba, Hervey Bay",Playing / standing,F,15.0,N,14h30,4 m shark,swimming,other shark
1995-08-25,1995,Unprovoked,USA,North Carolina,"Off Masonboro Island, New Hanover County",Swimming,M,16.0,N,Night,1.2 m to 1.5 m [4' to 5'] shark,swimming,other shark
1994-07-09,1994,Unprovoked,SOUTH AFRICA,Eastern Cape Province,"Nahoon Beach, East London",Surfing,M,31.0,N,13h25,4 m [13'] white shark,surfing,other shark
1993-06-10,1993,Unprovoked,USA,Hawaii,"Goats Island (Moku’auia Island), Malaekahana State Recreation Area, Laie, O'ahu",Paddling on surfboard or body board,M,22.0,N,07h10,Thought to involve a tiger shark,surfing,other shark
1992-08-17,1992,Provoked,USA,Florida,"Manalapan, Palm Beach County",Snorkeling,M,26.0,N,,"Nurse shark, 3', 20-lb",other,other shark
1992-06-17,1992,Watercraft,JAPAN,Ehime Prefecture,"1.5 km north of Igata-cho, 60 km south of Matsyama",Preparing to fish for jack-mackerel,,,N,12h30,"White shark, identification by K. Nakaya",fishing,white shark
1992-05-22,1992,Unprovoked,REUNION,Saint-Joseph,Lieu-dit Cayenne,Surfing,M,,Y,14h00,"Tiger shark, 3 m to 4 m [10' to 13']",surfing,tiger shark
1990-09-05,1990,Watercraft,USA,California,"Trinidad State Beach, Humboldt County",Kayaking,M,44.0,N,17h00,2.5 m to 3 m [8.25' to 10']  white shark,watercraft,other shark
1990-08-05,1990,Provoked,BAHAMAS,,,Fishing,M,51.0,N,,,fishing,unknown
1990-01-01,1990,Unprovoked,USA,Florida,"Pensacola, Escambia County",Surfing,M,17.0,,,,surfing,unknown
1989-12-19,1989,Provoked,USA,Hawaii,"90 miles east of Hilo, Hawai'i",On board 51' fishing vessel One Ki,M,,N,,,fishing,unknown
1989-04-03,1989,Unprovoked,USA,Hawaii,"Ho'okipa Beach, Pa'ia, Maui",Paddling on surfboard,M,,N,,,surfing,unknown
1989-01-08,1989,Unprovoked,USA,Hawaii,"Wailua, Kaua'i",Swimming in strong current with 3 others when he disappeared,M,,Y,,,swimming,unknown
1988-03-25,1988,Unprovoked,USA,Hawaii,"Running Waters Beach, Ninini Point, Kaua'i",Body surfing,M,,N,,,surfing,unknown
1987-12-20,1987,Sea Disaster,PHILIPPINES,Mindoro,Off Manila,Ferry boat Dona Paz with 4431 passengers exploded & caught fire when she collided with an  oil tanker,,,Y,,,watercraft,unknown
1987-01-01,1987,Watercraft,ITALY,Tyrrhenian Sea,"Marciana Marina, Isola d'Elba",Boat,M,,N,,White shark,watercraft,white shark
1986-12-22,1986,Unprovoked,SOUTH AFRICA,Western Cape Province,SAOU Strand,Body boarding,M,21.0,Y,17h00,3 m [10'] white shark,watercraft,other shark
1986-07-09,1986,Unprovoked,USA,South Carolina,"Myrtle Beach, Horry County",,M,8.0,N,,1.5 m [5'] shark,other,other shark
1986-04-20,1986,Unprovoked,USA,Hawaii,"Kaliiwi, Kauai","Fishing, fell from rocks & disappeared",M,,Y,,,fishing,unknown
1985-10-24,1985,Unprovoked,SOUTH AFRICA,Eastern Cape Province,East London,Body boarding,M,22.0,N,08h00,2.5 m [8.25'] white shark,watercraft,other shark
1985-07-25,1985,Unprovoked,USA,Florida,"Daytona Beach, Volusia County",Wading,F,13.0,N,17h00,Possibly a small hammerhead shark,swimming,other shark
1984-09-22,1984,Unprovoked,USA,Florida,"Indiatlantic, Brevard County",Surfing,M,16.0,N,Morning,Hammerhead shark?+O2356,surfing,other shark
1984-08-24,1984,Invalid,USA,Florida,"Off Crystal River, Citrus County",Boat capsized?,F,31.0,,,Invalid,watercraft,unknown
1983-12-07,1983,Invalid,SOUTH AFRICA,KwaZulu-Natal,LaMercy,,M,,,,Invalid,other,unknown
1983-07-08,1983,Unprovoked,BAHAMAS,Abaco Islands,Green Turtle Cay,Spearfishing,M,13.0,N,12h00,,fishing,unknown
1983-03-01,1983,Unprovoked,NEW CALEDONIA,Loyalty Islands,"We, Lifou",,,,N,,a small shark,other,other shark
1982-10-13,1982,Unprovoked,USA,Florida,North Dade- Interama area of Biscayne Bay,Windsurfing,M,26.0,N,11h00,1.5 m [5'] shark,surfing,other shark
1982-09-27,1982,Unprovoked,USA,Florida,"Patrick Air Force Base, Brevard County",Surfing,M,20.0,N,13h30,1.5 m [5'] shark,surfing,other shark
1981-10-01,1981,Unprovoked,USA,Florida,"Playalinda Beach, Brevard County",Surfing,M,24.0,N,,6' shark,surfing,other shark
1981-05-20,1981,Unprovoked,SOUTH AFRICA,Eastern Cape Province,Nahoon,Surfing,M,27.0,N,08h30,Raggedtooth shark,surfing,other shark
1981-03-24,1981,Unprovoked,USA,Florida,"Singer Island, Riviera Beach, Palm Beach County",Surfing,M,24.0,N,17h30,C. maculpinnis or C. limbatus,surfing,other shark
1981-02-01,1981,Unprovoked,BRAZIL,Rio de Janeiro,Cabo Frio,Spearfishing,,,N,,,fishing,unknown
1980-08-10,1980,Unprovoked,USA,North Carolina,"Ocean Isle, Brunswick County",Wading,F,10.0,N,,,swimming,unknown
1980-01-31,1980,Unprovoked,SOUTH AFRICA,KwaZulu-Natal,Ballito,Body boarding,M,24.0,N,14h45,2.8 m [9'3] white shark,watercraft,other shark
1980-01-13,1980,Unprovoked,SOUTH AFRICA,Eastern Cape Province,Sardinia Bay,Swimming,M,,N,,Hammerhead shark,swimming,other shark
1978-06-21,1978,Unprovoked,USA,Florida,"Neptune Beach, Duval County",Surfing,M,17.0,N,,,surfing,unknown
1977-08-19,1977,Watercraft,SOUTH AFRICA,Western Cape Province,Off Macassar Beach,Fishing,M,,N,13h30,White shark,fishing,white shark
1977-07-02,1977,Sea Disaster,USA,California,"Off San Diego, San Diego County",40' fishing boat sank,M,21.0,N,Night,,fishing,unknown
1977-03-13,1977,Sea Disaster,AUSTRALIA,Queensland,Near Moreton Island in Moreton Bay,"Their 9 m launch was run down by a 25,000-ton Japanese freighter  on the night of 3-11-1977 & they drifted, clinging to an icebox for 2 days",M,45.0,Y,,,other,unknown
1976-08-26,1976,Unprovoked,USA,North Carolina,"Emerald Isle Pier (near Morehead City), Carteret County","Surfing, fell off surfboard",M,23.0,N,,,surfing,unknown
1976-06-02,1976,Provoked,ITALY,Reggio Calabria Province,Bovalino,Fishing,M,46.0,N,,"Blue shark, 2m",fishing,other shark
1975-04-25,1975,Invalid,ITALY,Genoa Province,Cervara,Scuba diving,M,37.0,,,Invalid,diving,unknown
1975-03-09,1975,Provoked,SOUTH AFRICA,Western Cape Province,"Boggomsbaai, Mossel Bay",Attempting to drag hooked shark ashore by its tail,M,,N,,1.5 m [5']  shark,other,other shark
1974-08-16,1974,Unprovoked,HONG KONG,Mirs Bay,,Freedom swimming,M,18.0,N,,,swimming,unknown
1974-07-26,1974,Unprovoked,USA,California,"Albion Cove, Albion, Mendocino County",Free diving for abalone (submerged),M,36.0,N,,"White shark, 5.5 m [18']",diving,white shark
1972-12-24,1972,Unprovoked,SOUTH AFRICA,Western Cape Province,Hartenbos,Swimming,M,,N,09h00,"White shark, > 3 m [10']",swimming,white shark
1972-04-16,1972,Unprovoked,WESTERN SAMOA,Upolu Island,Nu’ulua,Swimming,M,25.0,Y,,Thought to involve a tiger shark,swimming,other shark
1971-11-25,1971,Unprovoked,HONG KONG,Mirs Bay,,Freedom Swimming,M,20.0,N,Just before dawn,,swimming,unknown
1969-07-20,1969,Unprovoked,USA,California,"Pigeon Point, San Mateo County",Free diving for abalone but at surface,M,,N,13h00,"White shark, 5 m [16.5']",surfing,white shark
1969-06-12,1969,Unprovoked,JAMAICA,Clarendon,Off Rocky Point,Diving,M,27.0,N,Morning,,diving,unknown
1968-12-01,1968,Invalid,SOUTH AFRICA,KwaZulu-Natal,,,M,30.0,,,Questionable incident,other,unknown
1967-07-05,1967,Unprovoked,TURKEY,Mugla Province,Kucukada Island,Spearfishing,M,36.0,Y,13h40,,fishing,unknown
1966-09-19,1966,Provoked,USA,Hawaii,50 miles NE of Honolulu,Fishing,M,20.0,N,,,fishing,unknown
1966-08-23,1966,Unprovoked,NEW BRITAIN,Duke of York Islands,"Butliwan Village, 15 miles north of Rabaul",Swimming,F,13.0,Y,Midday,A pack of 6 sharks,swimming,other shark
1964-03-05,1964,Unprovoked,USA,Florida,"Fort Lauderdale, Broward County",Skin diving,M,38.0,N,16h00,1.7 m [5.5'] shark,diving,other shark
1964-02-14,1964,Unprovoked,NEW CALEDONIA,,,Diving for trochus shell,M,15.0,Y,,,diving,unknown
1964-01-01,1964,Unprovoked,AUSTRALIA,Western Australia,Metro coast,,,,,,,other,unknown
1962-08-26,1962,Watercraft,USA,Florida,6 miles north of Palm Beach,,,,N,,,other,unknown
1962-07-07,1962,Unprovoked,USA,Georgia,"Jekyll Island, Glynn County",Dived from inner-tube,M,13.0,N,14h10,,diving,unknown
1961-07-01,1961,Provoked,PANAMA,,"Jarque, just south of Piňas Bay",Fishing (trolling)  from canoe,M,10.0,Y,,,fishing,unknown
1961-03-18,1961,Unprovoked,AUSTRALIA,Victoria,Lady Beach at Warrnambool,Swimming,M,24.0,N,Late afternoon,3 m [10'] shark,swimming,other shark
1960-08-22,1960,Unprovoked,USA,New Jersey,"Seaside Park, Ocean County",,M,14.0,N,,,other,unknown
1959-11-09,1959,Provoked,AUSTRALIA,Western Australia,Perth,"Spearfishing, shot shark, hauled it onto boat",M,,N,,"Carpet shark, 1.5 m [5']",fishing,other shark
1959-09-01,1959,Unprovoked,MEXICO,Guerrrero,Acapulco,,F,,Y,,,other,unknown
1959-01-17,1959,Unprovoked,AUSTRALIA,Tasmania,Safety Cove,In deep water about 100 yards from his ship,M,22.0,Y,16h30,Said to involve 2 sharks: 5.2 m & 6 m [17' & 20'],other,other shark
1958-12-27,1958,Unprovoked,PAPUA NEW GUINEA,Madang Province,Taludig,,,,N,,,other,unknown
1958-01-01,1958,Unprovoked,PAPUA NEW GUINEA,Louisiade Archipelago,"Brooker Island , Calvados Chain",,,,Y,,,other,unknown
1957-12-30,1957,Unprovoked,SOUTH AFRICA,KwaZulu-Natal,Margate,Standing,F,14.0,N,12h40,1.8 m [6'] shark,swimming,other shark
1957-05-11,1957,Unprovoked,AUSTRALIA,New South Wales,"Tea Gardens, north of Newcastle",Competing in spearfishing championship & towing dead fish,M,28.0,N,12h00,4.6 m [15'] shark,fishing,other shark
1957-05-01,1957,Unprovoked,USA,Florida,"8 miles off St. Marks, Wakulla County",3 men & 2 boys picked up wearing life jackets and with inner tube,M,,N,,,other,unknown
1957-02-01,1957,Unprovoked,USA,Florida,Florida Keys,Skindiving for specimens,M,,N,,Said to involve a large mako shark,diving,other shark
1957-01-01,1957,Unprovoked,PAPUA NEW GUINEA,"Abau Subdistrict,Central Province",Mailu area,Fishing,M,,Y,,,fishing,unknown
1955-08-30,1955,Provoked,USA,California,"Zuma Beach, Santa Monica, Los Angeles County",Surfing,M,25.0,N,,5' thresher or blue shark. The shark  was killed following the incident,surfing,other shark
,1954,Unprovoked,IRAN,Karun River,A village a short distance from Hesamabad,,F,,Y,,Bull shark suspected due to freshwater habitat,other,bull shark
1953-04-07,1953,Watercraft,AUSTRALIA,New South Wales,1.5 miles off shore,,,,N,,,other,unknown
1951-11-29,1951,Unprovoked,SOUTH AFRICA,KwaZulu-Natal,"South Beach, Durban",Swimming,M,23.0,N,13h00,"White shark, 1.8 m [6']",swimming,white shark
1951-03-24,1951,Unprovoked,AUSTRALIA,New South Wales,Sydney,"Fishing, casting in the surf",M,,N,,5.5 m [18'] shark,surfing,other shark
1950-03-01,1950,Invalid,AUSTRALIA,Western Australia,"City Beach, Perth",Suicide,M,,,,Invalid,other,unknown
1950-01-12,1950,Unprovoked,AUSTRALIA,Victoria,South Werribee Beach,Swimming,M,,N,,,swimming,unknown
1948-09-19,1948,Unprovoked,USA,Hawaii,"Off Makapauu Point, O'ahu",Swimming,M,,N,,,swimming,unknown
1947-06-16,1947,Watercraft,AUSTRALIA,New South Wales,Coogee,Fishing,,,N,,"Tiger shark, 14'",fishing,tiger shark
1947-03-09,1947,Unprovoked,SOUTH AFRICA,KwaZulu-Natal,"Country Club Beach, Durban",Treading water,M,22.0,N,12h00,"Blacktip shark, 2 m [6.75']",swimming,other shark
1946-04-19,1946,Unprovoked,AUSTRALIA,Queensland,"Trinity Beach, Cairns",Swimming,M,17.0,Y,13h30,,swimming,unknown
1946-01-01,1946,Unprovoked,SOUTH AFRICA,Eastern Cape Province,"Pollock Beach, Port Elizabeth",Body surfing,M,24.0,N,A.M.,,surfing,unknown
1944-10-25,1944,Sea Disaster,PHILIPPINES,Off Samar Island in the Gulf of Leyte,,USS Johnston DD 557 sunk on 10/24/1944 in the Battle off Samara. Crewmen were swimming beside a raft.,M,,Y,,,swimming,unknown
1943-11-21,1943,Unprovoked,SOUTH AFRICA,Eastern Cape Province,Kei River Mouth,Swimming with board,M,,N,,,swimming,unknown
1942-12-26,1942,Unprovoked,AUSTRALIA,New South Wales,"Bantry Bay, near Ironstone Point, Middle Harbor, Sydney",Dog paddling or standing,F,15.0,Y,10h50,Bull shark,swimming,bull shark
1941-01-01,1941,Unprovoked,IRAN,Khuzestan Province,"Ahvaz, on the Karun River",Standing,M,,Y,Early morning,,swimming,unknown
1941-01-01,1941,Unprovoked,IRAN,Khuzestan Province,"Ahvaz, on the Karun River",,M,,N,,,other,unknown
1940-02-04,1940,Unprovoked,AUSTRALIA,New South Wales,"North Brighton, Botany Bay",Wading,M,55.0,Y,14h00,,swimming,unknown
1937-09-11,1937,Watercraft,SCOTLAND,Arran,Fallen Rocks,Fishing,,,N,,Basking shark,fishing,other shark
1935-05-12,1935,Unprovoked,AUSTRALIA,Torres Strait,On edge of reef near Warrior Island,Pearl diving,M,,N,,1.8 m [6'] shark,diving,other shark
1931-06-13,1931,Provoked,USA,Hawaii,"Pearl Harbor, O'ahu",Gaffing & attempting to bring onboard a harpooned shark,M,,N,,"Tiger shark, 3 m [10']",watercraft,tiger shark
1931-03-16,1931,Watercraft,TURKEY,,"Bakurköy, Istanbul",Fishing,,,N,,,fishing,unknown
1931-02-10,1931,Invalid,AUSTRALIA,New South Wales,Maroubra Beach,Swimming,M,39.0,,04h00,Shark involvement prior to death unconfirmed,swimming,other shark
1930-02-20,1930,Unprovoked,AUSTRALIA,Torres Strait,,Pearl diving,M,19.0,N,,,diving,unknown
1929-07-17,1929,Invalid,CAPE VERDE,Santiago Island,Tarrafal,,F,,,,Shark involvement prior to death unconfirmed,other,other shark
1929-02-08,1929,Unprovoked,AUSTRALIA,New South Wales,Bondi,Swimming,M,39.0,Y,16h00,,swimming,unknown
1929-01-01,1929,Provoked,USA,Florida,Indian River area,Fishing,M,,N,,9' shark,fishing,other shark
1928-08-24,1928,Invalid,USA,New Jersey,Off shore,,M,,,,7' shark,other,other shark
1926-04-22,1926,Unprovoked,SOUTH ATLANTIC OCEAN,South of the Equator,Steamship bound from Cape Town to Philadelphia,Fell overboard from SS Ripley Castle,M,26.0,N,Night,,watercraft,unknown
,1925,Unprovoked,AUSTRALIA,New South Wales,Coogee,Bathing in waist-deep water,M,16.0,N,17h00,Said to be a “small shark”,swimming,other shark
1921-11-15,1921,Unprovoked,FIJI,Viti Levu Island,Rewa River,Swimming,,,Y,,,swimming,unknown
1917-08-19,1917,Unprovoked,USA,Mississippi,,,M,,N,,,other,unknown
1916-07-01,1916,Unprovoked,USA,New Jersey,"Beach Haven, Ocean County",Swimming,M,24.0,Y,17h00,Thought to involve a 2.6 m [8.5'] white shark,swimming,other shark
1916-06-24,1916,Unprovoked,ATLANTIC OCEAN,,,Jumped overboard from Norwegian steamship Venator,M,,Y,,,watercraft,unknown
1914-03-03,1914,Unprovoked,USA,Hawaii,"Honomu, Hawai'i",Washed into sea while picking opihi & attacked by 2 large sharks,M,,Y,,,other,unknown
1913-03-27,1913,Unprovoked,SAMOA,Upolu Island,Apia Harbor,,M,,N,,,other,unknown
1912-01-01,1912,Unprovoked,AUSTRALIA,Queensland,Ross Creek,Bathing,M,,Y,Morning,,swimming,unknown
1905-09-29,1905,Unprovoked,AUSTRALIA,New South Wales,"Waverly, Sydney",Swimming,M,,Y,,,swimming,unknown
1905-03-25,1905,Invalid,AUSTRALIA,Tasmania,Bridport,Bathing,,,,,Questionable,swimming,unknown
1902-07-06,1902,Provoked,USA,New Jersey,"Atlantic City, Atlantic County",Swimming,M,,N,,,swimming,unknown
1899-05-28,1899,Invalid,PHILIPPINES,Negros,Escalante,Swimming,M,,,,Shark involvement not confirmed,swimming,other shark
1898-09-07,1898,Unprovoked,WEST INDIES,,,Fell overboard,M,,Y,,,watercraft,unknown
1895-07-16,1895,Unprovoked,JAPAN,,,Hunting seals,M,,Y,,,other,unknown
1895-05-03,1895,Unprovoked,NEW ZEALAND,South Island,Preservation Inlet,Boat accident,M,,Y,,,watercraft,unknown
1894-06-29,1894,Unprovoked,USA,Florida,Anastasia Island,Bathing,M,,,,,swimming,unknown
1888-12-09,1888,Unprovoked,AUSTRALIA,New South Wales,"Iron Cove Bridge, Sydney (Estuary)",Swimming,M,11.0,Y,13h00,,swimming,unknown
1888-07-13,1888,Sea Disaster,INDIA,Gujarat,Cutch Coast,The Dwarka foundered,M,,Y,,,other,unknown
1878-08-09,1878,Unprovoked,USA,New York,East River,Swimming,M,,Y,Afternoon,8' shark,swimming,other shark
1877-01-04,1877,Invalid,SOUTH AFRICA,KwaZulu-Natal,Durban,Body found floating next to his ship,M,,,,Shark involvement prior to death unconfirmed,other,other shark
1871-01-01,1871,Unprovoked,AUSTRALIA,New South Wales,Manning River,,M,,Y,,,other,unknown
,1868,Unprovoked,AUSTRALIA,Torres Strait,South Aroo Island,Swimming,M,,Y,,,swimming,unknown
1867-08-01,1867,Unprovoked,MEXICO,Veracruz,Vera Cruz Harbor,boat from the Austrian ship Elizabeth,M,,Y,,,watercraft,unknown
1864-07-25,1864,Unprovoked,SPAIN,Eastern Catalona,Badalona,Bathing,M,,Y,Evening,,swimming,unknown
1863-01-01,1863,Unprovoked,CEYLON,,,Fell overboard,M,,Y,,,watercraft,unknown
1856-11-25,1856,Unprovoked,FIJI,,,Swimming,M,,Y,,,swimming,unknown
1846-08-20,1846,Unprovoked,CUBA,Havana Province,Havana Harbor,Bathing,M,,N,,,swimming,unknown
1845-12-26,1845,Unprovoked,AUSTRALIA,New South Wales,Newcastle,Fishing,M,,Y,,,fishing,unknown
1845-09-10,1845,Unprovoked,USA,Florida,"Pensacola Bay, Escambia County",Seine netting,M,,Y,,,other,unknown
1844-01-01,1844,Unprovoked,MADAGASCAR,,,Fell overboard,M,,Y,,,watercraft,unknown
1803-05-17,1803,Sea Disaster,USA,South Carolina,Off Charleston,,M,,N,,,other,unknown
1785-09-26,1785,Unprovoked,ENGLAND,Sussex,Brighton,,M,,Y,,Tiger shark?,other,tiger shark
1723-01-01,1723,Unprovoked,ROATAN,,,,M,,,,,other,unknown
,1638,Unprovoked,,,,,M,,,,,other,unknown
2023-07-29,2023,Unprovoked,USA,Florida,Tampa Bay,Swimming,F,26.0,N,20h00,,swimming,unknown
2023-04-22,2023,Unprovoked,AUSTRALIA,Western Australia,Lucy's Beach,Surfing,M,30.0,N,07h15,"Bronze whaler shark, 1.5 m",surfing,other shark
2023-03-02,2023,Unprovoked,SEYCHELLES,Praslin Island,,Snorkeling,M,6.0,,Afternoon,Lemon shark,other,other shark
2023-02-18,2023,Questionable,ARGENTINA,Patagonia,Chubut Province,,M,32.0,,,,other,unknown
2022-07-28,2022,Unprovoked,ENGLAND,Cornwall,Penzance,Snorkeling,F,,N,12h30,Blue shark,other,other shark
2022-03-09,2022,Provoked,USA,Florida,"New Smyrna Beach, Volusia County",Fishing,M,21.0,N,15h30,"Blacktip shark, 5' to 6'",fishing,other shark
2021-12-06,2021,Unprovoked,AUSTRALIA,Victoria,Ocean Grove  Beach,Swimming,M,15.0,N,19h20,,swimming,unknown
2021-01-22,2021,Unprovoked,USA,Hawaii,Maui,Snorkeling,M,73.0,N,07h45,8 shark,other,other shark
2021-01-02,2021,Unprovoked,USA,Florida,"Cocoa Beach, Brevard  County",Surfing,M,17.0,N,10h30,,surfing,unknown
2020-10-30,2020,Unprovoked,BAHAMAS,Grand Bahama Island,East End Point,Spearfishing,M,,N,,Reef shark,fishing,other shark
2020-09-16,2020,Unprovoked,AUSTRALIA,New South Wales,Cabarita Beach,Foil-boarding,M,,N,Afternoon,White shark,watercraft,white shark
2020-09-16,2020,,USA,Florida,"Daytona Beach Shores, Volusia County",Swimming,M,48.0,N,15h20,Shark involvement not confirmed,swimming,other shark
2020-06-07,2020,Unprovoked,AUSTRALIA,New South Wales,Salt Beach near Kingscliff,Surfing,M,60.0,Y,10h40,"White shark, 3.5 m",surfing,white shark
2020-05-31,2020,Unprovoked,BAHAMAS,Abaco Islands,NoName Cay,Spearfishing,M,,N,,"Bull shark, 8'",fishing,bull shark
2019-10-21,2019,Unprovoked,FRENCH POLYNESIA,Moorea,Opunohu Bay,Snorkeling,F,35.0,,11h30,Oceanic whitetip shark,other,other shark
2019-08-04,2019,Unprovoked,USA,Florida,"New Smyrna Beach, Volusia County",Standing,M,51.0,N,15h00,,swimming,unknown
2019-07-10,2019,Unprovoked,SOUTH AFRICA,Eastern Cape Province,"East Beach, Port Alfred",Surfing,M,,N,10h30,"White shark, juvenile",surfing,white shark
2019-03-12,2019,Unprovoked,USA,Florida,"Stuart Beach, Martin County",Boogie boarding,M,11.0,N,14h00,Spinner shark,watercraft,other shark
2019-01-30,2019,Unprovoked,REUNION ISLAND,,Sainte-Rose at the mouth of Riviere de l'Est,Fishing,M,41.0,Y,09h15,,fishing,unknown
2018-07-18,2018,Unprovoked,USA,New York,"Sailors Haven, Fire Island, Suffolk County",Wading,F,12.0,N,11h15,Sandtiger shark,swimming,other shark
2018-07-02,2018,Unprovoked,USA,South Carolina,Myrtle Beach,Boogie boarding,F,11.0,N,14h40,,watercraft,unknown
2018-06-09,2018,Invalid,USA,Hawaii,"Habush, Oahu",Surfing,M,48.0,N,07h45,,surfing,unknown
2018-06-04,2018,Provoked,MEXICO,Colima,La Ticla,Free diving,M,,N,,"Tiger shark, 3m",diving,tiger shark
2018-06-03,2018,Unprovoked,BRAZIL,Pernambuco,"Piedade Beach, Recife",Swimming,M,18.0,Y,Late afternoon,Tiger shark,swimming,tiger shark
2018-05-12,2018,Unprovoked,SOUTH AFRICA,Eastern Cape Province,"Nahoon Beach, East London",Surfing,M,,N,11h00,,surfing,unknown
2017-11-30,2017,Unprovoked,COSTA RICA,Cocos Island,Manuelita,Scuba Diving,M,26.0,N,,"Tiger shark, female",diving,tiger shark
2017-10-26,2017,Unprovoked,USA,Hawaii,"White Plains Beach, Oahu",Stand-Up Paddleboarding,M,,N,15h00,,watercraft,unknown
2017-07-26,2017,Unprovoked,BAHAMAS,40 miles off Grand Bahama Island,,Spearfishing,M,,N,,,fishing,unknown
2017-05-27,2017,Invalid,AUSTRALIA,New South Wales,Evans Head,Fishing,M,73.0,N,,,fishing,unknown
2017-01-09,2017,Unprovoked,INDONESIA,Bali,Balian Beach,Surfing,M,48.0,N,07h30,"Bull shark, 1 m",surfing,bull shark
2016-10-24,2016,Unprovoked,AUSTRALIA,New South Wales,Broken Head Beach,Surfing,M,36.0,N,07h30,,surfing,unknown
2016-09-17,2016,Unprovoked,USA,California,"Bunkers, Humboldt Bay, Eureka, Humboldt County",Surfing,M,43.0,N,After noon,,surfing,unknown
2016-05-22,2016,Unprovoked,USA,Florida,"Vero Beach, Indian River County",Swimming,F,57.0,N,12h00,,swimming,unknown
2015-12-26,2015,Watercraft,SOUTH AFRICA,KwaZulu-Natal,Westbrook Beach,Fishing,M,,N,Morning,"White shark, 3 m",fishing,white shark
2015-07-26,2015,Invalid,USA,South Carolina,"Edisto Beach, Colleton County",Floating,F,35.0,,10h10,"Thought to involve a 3' to 4' shark, but shark involvement not confirmed",other,other shark
2015-05-03,2015,Unprovoked,AUSTRALIA,New South Wales,Saltwater Beach,Surfing,M,,N,15h00,White shark,surfing,white shark
2015-01-23,2015,Unprovoked,SOUTH AFRICA,Eastern Cape Province,Nahoon Beach,Floating,M,24.0,N,Afternoon,,other,unknown
2015-01-03,2015,Unprovoked,SOUTH AFRICA,Eastern Cape Province,Chintsa East Beach,Surfing,M,15.0,N,08h00,"Raggedtooth shark, 1.3 m",surfing,other shark
2014-08-09,2014,Unprovoked,BAHAMAS,,,Spearfishing,M,,N,,"Bull shark, 9' to 10'",fishing,bull shark
2014-06-09,2014,Unprovoked,BRAZIL,,500 km off the coast of Pernambuco,Fishing,M,43.0,N,,,fishing,unknown
2014-03-18,2014,Invalid,AUSTRALIA,New South Wales,Lennox Head,,F,10.0,,17h00,No shark involvement,other,other shark
2014-01-01,2014,Watercraft,NEW ZEALAND,,Stewart Island,Filming a documentary,,,N,,"White shark, 6 m",other,white shark
2013-07-19,2013,Unprovoked,USA,Alabama,"Gulf Shores, Baldwin County",Walking in surf,F,50.0,N,14h30,,surfing,unknown
2013-06-06,2013,Provoked,USA,Florida,"Off Snipe Point, Florida Keys, Monroe County",Fishing for sharks,M,58.0,N,,"Lemon shark, 4'",fishing,other shark
2012-07-06,2012,Unprovoked,SOUTH AFRICA,Western Cape Province,"Sandstrand, Jongensfontein",Surfing,M,29.0,N,16h30,15' shark,surfing,other shark
2012-01-27,2012,Unprovoked,USA,Hawaii,Lanai,Snorkeling,,,N,11h05,6' to 8' shark,other,other shark
2011-08-16,2011,Unprovoked,FRENCH POLYNESIA,Society Islands,"Teahupoo, Tahiti",Surfing,M,32.0,N,15h30,Grey reef shark,surfing,other shark
2011-06-06,2011,Unprovoked,USA,Florida,"New Smyrna Beach, Volusia County",Wading,M,19.0,N,12h00,3' to 4' shark,swimming,other shark
2011-05-30,2011,Unprovoked,USA,Texas,"Follett's Island, Brazoria County",Standing or boogie boardin,F,22.0,N,15h00,,swimming,unknown
2011-04-13,2011,Unprovoked,INDONESIA,Bali,Balian,Surfing,M,,N,Morning,"Bull shark, 2.5 m",surfing,bull shark
2010-12-17,2010,Unprovoked,FIJI,Vitu Levu,Sigatoka,Surfing,M,,N,AM,,surfing,unknown
2010-10-28,2010,Unprovoked,USA,Oregon,Florence,Surfing,M,,N,15h20,,surfing,unknown
2010-09-02,2010,Unprovoked,SOLOMON ISLANDS,Western Province,,,M,34.0,N,,,other,unknown
2010-08-29,2010,Invalid,BAHAMAS,Exuma Islands,"Off Jaws Beach, New Providence Island",Swimming after boat became disabled,M,43.0,,,Shark involvement prior to death was not confirmed,swimming,other shark
2010-05-30,2010,Provoked,USA,Florida,Off Tarpon Springs,Fishing,M,49.0,N,08h45,"Lemon shark, 4'",fishing,other shark
2010-04-13,2010,Unprovoked,SOUTH AFRICA,Eastern Cape Province,"East Beach, Port Alfred",Surfing,M,35.0,N,10h00,2 m shark,surfing,other shark
2010-03-27,2010,Unprovoked,REUNION,Saint-Benoit,Bittern,Surfing,M,34.0,N,11h00,1.5 m shark,surfing,other shark
2009-11-11,2009,Unprovoked,USA,Florida,"New Smyrna Beach, Volusia County",Surfing,M,18.0,N,Afternoon,4' shark,surfing,other shark
2009-03-01,2009,Unprovoked,AUSTRALIA,New South Wales,Avalon,Surfing,M,15.0,N,06h45,2.6 m shark,surfing,other shark
2008-09-01,2008,Unprovoked,USA,Florida,Hutchinson Island,Surfing,M,,N,Morning,,surfing,unknown
2007-09-16,2007,Unprovoked,USA,Florida,"Flagler Beach, Flagler County",Surfing,F,,N,Early morning,9.5' shark?,surfing,other shark
2007-08-22,2007,Provoked,USA,North Carolina,North Carolina Aquarium at Fort Fisher,Diving,M,,N,,Sand shark,diving,other shark
2007-07-18,2007,Provoked,NORWAY,Oslo Fjord,Sjøstrand,Scuba diving,M,48.0,N,,"3' small spotted catshark, Scyliorhinus canicula",diving,other shark
2007-07-04,2007,Unprovoked,REUNION,,Boucan Canot,Body boarding,M,17.0,N,14h30,2 m shark,watercraft,other shark
2007-04-09,2007,Unprovoked,NEW CALEDONIA,South Province,Dumbéa,Surfing,M,26.0,N,16h00,Tiger shark,surfing,tiger shark
2006-09-29,2006,Unprovoked,USA,Florida,"New Smyrna Beach, Volusia County",Surfing,M,19.0,N,,,surfing,unknown
2006-09-14,2006,Unprovoked,USA,Florida,"Singer Island, Riviera Beach",Swimming,M,55.0,N,14h00,Spinner shark,swimming,other shark
2006-09-04,2006,Invalid,AUSTRALIA,Queensland,Great Barrier Reef,Diving,M,44.0,,11h00,No shark involvement,diving,other shark
2006-07-29,2006,Invalid,USA,California,"Broad Beach, Malibu, Los Angeles County",Boogie Boarding,M,,N,Afternoon,"Thought to involve a mako shark, but possibly a sea lion",watercraft,other shark
2006-06-27,2006,Unprovoked,USA,Florida,"Hutchinson Island, St. Lucie County",Body boarding,F,9.0,N,11h10,,watercraft,unknown
2006-03-22,2006,Invalid,SOUTH AFRICA,Eastern Cape Province,Port Alfred,Swimming,M,17.0,,,Shark involvement prior to death was not confirmed,swimming,other shark
2006-02-01,2006,Watercraft,USA,Hawaii,"Off Pu'u Ola'l, Makena, Maui",Kayaking,M,57.0,N,Afternoon,12' to 18' shark,watercraft,other shark
2005-10-19,2005,Unprovoked,USA,California,"Salmon Beach, Sonoma County",Surfing,F,20.0,N,10h30,18' white shark,surfing,other shark
2005-05-03,2005,Unprovoked,MADAGASCAR,,,Fishing,M,,N,,2.5 m shark,fishing,other shark
2005-04-07,2005,Unprovoked,USA,Texas,"Isla Blanca Park, South Padre Island, Cameron County",Surfing,M,37.0,N,19h00,,surfing,unknown
2005-01-14,2005,Provoked,AUSTRALIA,Victoria,Blairgowrie,Attempting to drive shark away from sailing regatta,,,N,14h00,"Bronze whaler shark, 2 m to 3 m [6.75' to 10']",other,other shark
2004-06-14,2004,Unprovoked,USA,Florida,"Disney / Vero Beach, Indian River County",In water with diving seabirds,F,,N,,,diving,unknown
2004-04-13,2004,Invalid,TONGA,Nuku'alofa,30 nautical miles offshore,Five men on makeshift raft after their 10 m fishing boat  capsized and sank in rough seas. Survivors rescued after  7.5 hours in the water,M,,Y,,Questionable Incident,fishing,unknown
2003-11-06,2003,Unprovoked,SOUTH AFRICA,KwaZulu-Natal,Karridene,Surf skiing,,,N,,White shark,surfing,white shark
2003-10-14,2003,Unprovoked,USA,Florida,Near Patrick Air Force Base Brevard County,Surfing,M,19.0,N,--,1.2 m [4'] shark,surfing,other shark
2003-05-07,2003,Provoked,USA,Florida,"New Smyrna Beach, Volusia County",Surfing,M,34.0,N,11h40,4' to 5' shark,surfing,other shark
2002-11-28,2002,Unprovoked,USA,California,"Salmon Creek, Sonoma County",Body boarding,M,48.0,N,09h45,3 m to 4.5 m [10' to 15'] white shark,watercraft,other shark
2002-09-27,2002,Provoked,TONGA,Vava'u,Swimming with humpback whales,Swimming,M,,N,15h00,"Tiger shark, 1.5 m [5']k",swimming,tiger shark
2002-09-21,2002,Unprovoked,USA,California,"Moonstone Beach, Humboldt County",Surfing,M,35.0,N,Early Morning,3 m to 3.7 m [10' to 12'] shark,surfing,other shark
2002-04-01,2002,Unprovoked,USA,Florida,"Lauderdale-By-The-Sea, Broward County",Swimming / Wading,M,29.0,N,11h30,0.9 m [3'] shark,swimming,other shark
2002-01-01,2002,Unprovoked,SOUTH AFRICA,KwaZulu-Natal,Mtunzini,Surf skiing,M,26.0,N,Sunset,Unidentified,surfing,unknown
2001-10-07,2001,Unprovoked,SOUTH AFRICA,KwaZulu-Natal,Salt Rock,Kite-Boarding,M,,N,,"Mako shark, 2 m [6.75']",watercraft,other shark
,2001,Unprovoked,BRAZIL,Rio Grande de Norte,"Praia de Camapum, Macau",Batin,F,12.0,N,,,other,unknown
2000-11-17,2000,Unprovoked,USA,Florida,"Bonita Springs, Lee County",Swimming,M,73.0,N,12h00,1.2 m to 1.8 m [4' to 6'] shark,swimming,other shark
2000-08-12,2000,Unprovoked,USA,Florida,"St. Augustine, St. Johns County",Standing,F,44.0,N,16h45,"Blacktip shark, 2.4 m to 3 m [8' to 10']",swimming,other shark
2000-03-10,2000,Watercraft,AUSTRALIA,New South Wales,Parramatta River,Rowing,,,N,P.M.,2 m to 2.5 m [6.75'  to 8.25'] shark,other,other shark
1999-09-10,1999,Unprovoked,USA,South Carolina,"Isle of Palms, Charleston County",Wading,F,10.0,N,Afternoon,,swimming,unknown
1999-08-23,1999,Unprovoked,MARSHALL ISLANDS,Ralik Chain,Kwajalein Atoll,Fishing,M,23.0,N,Morning,7' shark,fishing,other shark
1999-05-01,1999,Unprovoked,BRAZIL,Pernambuco,"Boa Viagem Beach, Recife",Surfing,M,21.0,N,Afternoon,"Tiger shark, 2.5 m [8.25']",surfing,tiger shark
1998-11-14,1998,Unprovoked,USA,Florida,"New Smyrna Beach, Volusia County",Surfing,M,14.0,N,08h45,1.2 m [4'] shark,surfing,other shark
1998-07-25,1998,Unprovoked,USA,Florida,"New Smyrna Beach, Volusia County",Surfing,M,13.0,N,P.M.,,surfing,unknown
1998-03-15,1998,Unprovoked,SOUTH AFRICA,Western Cape Province,Saldanha Bay,Snorkeling – hunting crayfish and abalone,M,33.0,N,17h30,3 m [10'] white shark,fishing,other shark
1997-10-21,1997,Unprovoked,USA,Florida,"North Jetty, Fort Pierce Inlet State Park, St. Lucie County",Surfing,M,12.0,N,18h00,1.2 m to 1.5 m [4' to 5'] shark,surfing,other shark
1997-08-10,1997,Unprovoked,USA,Florida,"New Smyrna Beach, Volusia County",Boogie boarding,M,17.0,N,11h48,,watercraft,unknown
1997-06-24,1997,Unprovoked,USA,Hawaii,"Sunset Beach, Oahu",Spearfishing / night diving,M,,N,23h00,2.4 m [8'] shark,fishing,other shark
1996-12-10,1996,Unprovoked,SOUTH AFRICA,Eastern Cape Province,"Duck Pond, Sardina Bay near Port Elizabeth",Surfing,M,,N,16h15,White shark,surfing,white shark
1996-08-29,1996,Unprovoked,USA,Hawaii,"Paukukalo, Maui",Body Boarding,M,19.0,N,16h00,"Tiger shark, 2.4 m [8']",watercraft,tiger shark
1996-07-21,1996,Unprovoked,USA,Massachusetts,"Truro (Cape Cod), Barnstable County",Swimming,M,46.0,N,,6' shark,swimming,other shark
1996-07-04,1996,Unprovoked,USA,Florida,"Public Beach, Siesta Key, Sarasota County",Standing,F,63.0,N,14h00,5' to 6' shark,swimming,other shark
1996-04-07,1996,Unprovoked,BRAZIL,Pernambuco,"Boa Viagem, Recife",Swimming,M,,Y,,,swimming,unknown
1995-11-11,1995,Unprovoked,NEW ZEALAND,"Chatham Islands, east of New  Zealand",,"Diving, gathering shellfish",M,22.0,N,,5 m [16.5'] white shark,fishing,other shark
1984-11-08,1984,Unprovoked,SOUTH AFRICA,Eastern Cape Province,Gonubie River Mouth,Surfing,M,14.0,N,17h00,,surfing,unknown
1995-06-30,1995,Unprovoked,USA,California,"Bluefish Cove, Pt. Lobos State Park, Monterey County",Scuba diving (ascending using scooter),M,31.0,N,17h30,6 m [20'] white shark,diving,other shark
1995-06-14,1995,Unprovoked,USA,Hawaii,"Opposite Grand Wailea Resort, Wailea, Maui",Swimming,M,38.0,N,11h50,"Tiger shark, 3.7 m [12']",swimming,tiger shark
1995-04-09,1995,Unprovoked,JAPAN,Aichi Prefecture,Atsumi Peninsula,Scuba diving for bivalves,M,47.0,Y,10h15,6 m [20'] white shark,diving,other shark
1995-01-02,1995,Unprovoked,BRAZIL,Pernambuco,Piedade,Surfing,M,17.0,N,,,surfing,unknown
1993-09-03,1993,Unprovoked,SPAIN,Costa Blanca,"Playa de las Arenas, Valencia",Swimming,M,69.0,N,08h00,1.2 m [4'] shark,swimming,other shark
1993-08-12,1993,Unprovoked,USA,California,"Abalone Point, Westport Union Landing, Mendocino County",Free diving for abalone (ascending),M,39.0,N,14h00,5.5 m to 6 m [18' to 20']  white shark,diving,other shark
1993-08-01,1993,Unprovoked,NEW CALEDONIA,South Province,Ile Moro,Fishing for lobsters,M,,Y,,,fishing,unknown
1993-06-05,1993,Unprovoked,AUSTRALIA,Tasmania,Tenth Island (King Island),Scuba diving at seal colony,F,34.0,Y,10h55,5 m [16.5'] white shark,diving,other shark
1993-06-01,1993,Unprovoked,HONG KONG,New Territories,Sheung Sz Wan,Swimming,M,42.0,Y,,,swimming,unknown
1993-01-01,1993,Unprovoked,USA,Florida,"Key West, Monroe County",Snorkeling,,,N,,Lemon shark,other,other shark
1992-03-08,1992,Unprovoked,USA,Oregon,"Winchester Bay, Douglas County",Surfing (sitting on his board),M,21.0,N,09h45,Said to involve a 6 m to 7 m [20' to 23'] white shark,surfing,other shark
1990-11-28,1990,Unprovoked,AUSTRALIA,Queensland,Nerang River,Swimming,M,26.0,N,,1.5 m shark,swimming,other shark
1990-02-17,1990,Unprovoked,USA,Hawaii,"Mokapu, Kane'ohe Marine Air Corps Station, O'ahu",Scuba diving & spearfishing,M,,Y,21h30,Two sharks seen in vicinity: 2.4 m & 4.25 m  [8' & 14'] TL,fishing,other shark
1989-08-13,1989,Unprovoked,AUSTRALIA,New South Wales,Lennox Head,Surfing,M,17.0,N,06h30,"Bronze whaler shark, 3 m [10']",surfing,other shark
1989-02-15,1989,Unprovoked,SOUTH AFRICA,KwaZulu-Natal,Richards Bay,Windsurfing,M,26.0,N,13h30,,surfing,unknown
1988-06-01,1988,Unprovoked,USA,Florida,"Daytona Beach, Volusia County",Surfing,M,25.0,N,08h57,1.8 m to 2.4 m [6' to 8'] shark,surfing,other shark
1987-07-11,1987,Watercraft,USA,South Carolina,Winyah Bay,Dropping anchor,,,N,,12' shark,other,other shark
1987-01-01,1987,Invalid,MONTENEGRO,Adriatic Sea,"Mogren Beach, Budva",Jumped into the water from a cliff,M,,,,Doubtful / Unconfirmed attack / Unable to verify in local records,other,other shark
1985-08-20,1985,Invalid,USA,Florida,"New Smyrna Beach, Volusia County",Wading,M,11.0,,13h00,Shark involvement not confirmed,swimming,other shark
1984-11-11,1984,Unprovoked,USA,Florida,"Jupiter Island Beach, Martin County",Surfing,M,13.0,N,,1.2 m [4'] shark,surfing,other shark
1984-06-03,1984,Unprovoked,VANUATU,Malampa Province,"Atchin Island, off Malakula",Swimming,M,,Y,,,swimming,unknown
1984-01-05,1984,Unprovoked,SOUTH AFRICA,Eastern Cape Province,Port Alfred,Swimming,M,14.0,N,09h30,"Raggedtooth shark, 1 m",swimming,other shark
1983-01-01,1983,Provoked,USA,North & South Carolina,,Fishing,M,,N,,Blue sharks,fishing,other shark
1982-09-30,1982,Unprovoked,SOUTH AFRICA,Eastern Cape Province,"Nahoon, East London",Surfing,M,16.0,N,16h00,,surfing,unknown
1982-07-19,1982,Unprovoked,USA,Florida,"Stuart Beach, Martin County",Swimming,M,17.0,N,Late afternoon,0.9 m to 1.2 m [3' to 4'] shark,swimming,other shark
1981-10-17,1981,Unprovoked,USA,Florida,"Palm Beach, Palm Beach County",Surfing,M,,,09h45,,surfing,unknown
1981-05-10,1981,Unprovoked,SOUTH AFRICA,Eastern Cape Province,King’s Beach,Surfing,M,19.0,N,14h45,"Raggedtooth shark, 2.5 m [8.25']",surfing,other shark
1980-08-03,1980,Unprovoked,USA,Louisiana,"Grand Isle, Jefferson Parish",Wading,M,,N,,sandshark,swimming,other shark
1980-07-26,1980,Unprovoked,SPAIN,Canary Islands,"San Juan de la Rambla, Tenerife",Skin diving,M,,N,,Blue shark,diving,other shark
1978-09-03,1978,Unprovoked,USA,California,Santa Barbara,,M,28.0,N,Afternoon,small blue shark,other,other shark
1977-12-19,1977,Unprovoked,USA,Florida,"Hobe Sound, Palm Beach County",Surfing,M,27.0,N,,,surfing,unknown
1976-06-23,1976,Unprovoked,USA,Florida,"St. Andrews State Park, Bay County",Skindiving,M,17.0,N,Night,12' to 14' shark,diving,other shark
1975-06-23,1975,Unprovoked,USA,South Carolina,"North Myrtle Beach, Horry County",Standing,F,15.0,N,14h30,,swimming,unknown
1975-03-16,1975,Unprovoked,USA,Florida,"Clearwater Beach, Pinellas County",Floating in inner tube,M,14.0,N,,10' shark,other,other shark
1975-02-14,1975,Watercraft,SOUTH AFRICA,Western Cape Province,Plettenberg Bay,,,,N,,"Mako shark, 3 m [10']",other,other shark
1974-08-23,1974,Unprovoked,HONG KONG,Mirs Bay,,Freedom Swimming,M,22.0,N,,,swimming,unknown
1973-08-25,1973,Unprovoked,AUSTRALIA,Queensland,"Point Lookout, Stradbroke Island",Surfing,M,16.0,N,,12' shark,surfing,other shark
1970-09-01,1970,Unprovoked,USA,South Carolina,,Swimming,M,,N,,Dog shark,swimming,other shark
1970-04-04,1970,Unprovoked,GRENADA,St. Andrew Parish,Grenville,Swimming,M,14.0,Y,16h00,,swimming,unknown
1968-11-02,1968,Provoked,AUSTRALIA,Western Australia,,,M,16.0,N,15h00,,other,unknown
1968-02-04,1968,Unprovoked,AUSTRALIA,South Australia,Cape Jervis,Spearfishing,M,26.0,N,18h30,"Bronze whaler shark, 3 m [10']",fishing,other shark
1967-12-18,1967,Unprovoked,FIJI,,,,M,27.0,N,09h00,,other,unknown
1967-08-01,1967,Unprovoked,BAHAMAS,Out Islands,Andros Island,Photographing sharks underwater using Scuba,M,41.0,N,Early afternoon,1.5 m to 1.8 m [5' to 6'] sandbar shark,other,other shark
1966-08-14,1966,Unprovoked,TAIWAN,,Ye Leow,Lobster diving using Scuba,M,,N,17h30,1.5 m to 2.1 m  [5' to 7'] shark,diving,other shark
1966-06-02,1966,Provoked,FRENCH POLYNESIA,Society Islands,Tahiti,Fishing,M,,N,Afternoon,,fishing,unknown
1966-05-20,1966,Sea Disaster,AUSTRALIA,New South Wales,Jervis Bay,Sinking of the dredge World Atlas,M,40.0,Y,Night,,other,unknown
1965-11-03,1965,Unprovoked,AUSTRALIA,Queensland,Oak Beach,Surfing,M,24.0,N,16h30,"Grey nurse shark, 2.4 m [8']",surfing,other shark
1965-01-23,1965,Unprovoked,SOUTH AFRICA,KwaZulu-Natal,"Country Club Beach, Durban",Paddling rescue ski,M,22.0,N,13h00,"White shark, 3.7 m [12']",watercraft,white shark
1964-05-30,1964,Unprovoked,PANAMA,Caribbean Coast,,Standing,M,47.0,N,,Lemon shark,swimming,other shark
1964-02-14,1964,Unprovoked,FIJI,Vanua Levu,"Nailou Village, Tunuloa Natewa Bay",Spearfishing,M,17.0,Y,10h30,,fishing,unknown
1963-12-29,1963,Unprovoked,SOUTH AFRICA,KwaZulu-Natal,"Catfish Rock, between Salt Rock & Shaka’s Rock",Standing,F,20.0,N,14h00,"Zambesi shark, 1.8 m [6']",swimming,other shark
1963-07-28,1963,Unprovoked,FEDERATED STATES OF MICRONESIA,Eastern Caroline Islands,"Koop Reef, Truk (Chuuk)",Spearfishing,M,26.0,N,08h00,Tiger shark,fishing,tiger shark
1963-04-22,1963,Provoked,AUSTRALIA,New South Wales,Clarence Head,Fishing,M,,N,,Grey nurse shark,fishing,other shark
1962-09-13,1962,Unprovoked,SOUTH ATLANTIC OCEAN,Off coast of West Africa,Off the passenger liner Stirling Castle,"When  a deckhand  jumped overboard, McIver dived after him with a rescue line.",M,29.0,Y,,,diving,unknown
1962-08-01,1962,Unprovoked,PAPUA NEW GUINEA,"New Ireland Province, Bismarck Archipelago","Pekinberui Village, Tabar Island",Spearfishing,M,,Y,17h00,,fishing,unknown
1962-05-01,1962,Watercraft,FIJI,Viti Levu,Near Suva,Fishing,,,N,,,fishing,unknown
1962-01-26,1962,Unprovoked,MOZAMBIQUE,Gaza,Praia Sepulveda,,M,16.0,,,,other,unknown
1962-01-18,1962,Invalid,SOUTH AFRICA,KwaZulu-Natal,Margate,"Fishing, slipped on rocks & fell into sea",M,40.0,,13h10,Shark involvement prior to death was not confirmed,fishing,other shark
1961-12-28,1961,Unprovoked,AUSTRALIA,Queensland,"Lambert’s Beach, Mackay",Standing,M,24.0,N,16h15,3 m [10'] shark,swimming,other shark
1961-12-18,1961,Unprovoked,MOZAMBIQUE,Gaza,Praia Sepulveda,Bathing,M,20.0,N,16h00,,swimming,unknown
1961-02-12,1961,Unprovoked,SOUTH AFRICA,Western Cape Province,Sea Point,"Spearfishing, shark grabbed his white t-shirt and towed him",M,27.0,N,Late afternoon,1.5 m [5'] shark,fishing,other shark
1960-12-27,1960,Unprovoked,AUSTRALIA,New South Wales,"Bondi Beach, Sydney",,F,27.0,N,,3 m [10'] shark,other,other shark
1960-08-22,1960,Unprovoked,PAPUA NEW GUINEA,Milne Bay Province,,Free-diving,M,,N,,,diving,unknown
1960-08-10,1960,Provoked,USA,Florida,Key Largo Sound,Holding shark on leader & dangling it above the water,M,15.0,N,20h00,"Lemon shark, 1164 mm, immature male, identified by  V.G. Springer",other,other shark
1960-04-30,1960,Unprovoked,SOUTH AFRICA,KwaZulu-Natal,Amanzimtoti,Treading water,M,16.0,N,15h35,"White shark, 2.1 m [7']  based on tooth pattern",swimming,white shark
1959-06-13,1959,Invalid,USA,California,"Dillon Beach, Marin County",Swimming,,,,,Shark involvement prior to death was not confirmed,swimming,other shark
1958-01-27,1958,Unprovoked,AUSTRALIA,New South Wales,5 miles south of Sussex Inlet at mouth of Berara Lake,Spearfishing / swimming on surface,M,17.0,N,,,surfing,unknown
1957-10-23,1957,Unprovoked,SOLOMON ISLANDS,Honiara,Honiara,,F,28.0,Y,17h30,,other,unknown
1956-06-28,1956,Unprovoked,AUSTRALIA,Torres Strait,"Fishman's Island (near Port Moresby, PNG)","Line fishing from Lakotoi, saw shoal of fish, dived overboard, had speared second fish & surfaced for air",M,,N,,2.3 m [7'] shark,surfing,other shark
1956-03-25,1956,Watercraft,ITALY,Ligurian Sea,"Genova, S. Nazaro, Punta Vagno",Boating,,,,,Said to involve a 7 m [23'] white shark,watercraft,other shark
1955-08-01,1955,Watercraft,AUSTRALIA,South Australia,Port Augusta,Fishing,,,N,,Tooth fragments recovered from hull,fishing,other shark
1954-08-12,1954,Provoked,CUBA,Guantanamo Province,Boqueron,Spearfishing,M,,N,,"Nurse shark, 58, 34-lb",fishing,other shark
1952-12-07,1952,Unprovoked,USA,California,"Pacific Grove, Monterey Bay, Monterey County",Body surfing & treading water,M,17.0,Y,14h00,"White shark,4.6 m [15']",surfing,white shark
1952-08-06,1952,Invalid,SOUTH AFRICA,Eastern Cape Province,Nelson’s Rock,,M,18.0,,,Shark involvement prior to death was not confirmed,other,other shark
1952-03-30,1952,Unprovoked,NETHERLANDS ANTILLES,Curacao,,Went to aid of child being menaced by the shark,M,,N,,"Bull shark, 2.7 m [9'] was captured & dragged on the sand where tissue taken from Eggink was found in its gut. Species identification  was made by S. Springer based on 4 photographs of the shark.",other,bull shark
1948-11-18,1948,Unprovoked,AUSTRALIA,Torres Strait,"Saibai Island, 80 miles north of Cape York",Pearl diving,M,41.0,N,,,diving,unknown
1947-07-27,1947,Provoked,USA,California,"Santa Monica, Los Angeles County",Fishing,M,46.0,N,,a small shark,fishing,other shark
1947-01-14,1947,Watercraft,AUSTRALIA,New South Wales,"Berry's Bay, Sydney Harbour",Rowing,,,N,,4.5  m [14'9] shark,other,other shark
1946-11-20,1946,Unprovoked,AUSTRALIA,Torres Strait,40 miles off Thursday Island,Pearl diving from lugger,M,30.0,Y,,,diving,unknown
1946-02-16,1946,Unprovoked,SOUTH AFRICA,KwaZulu-Natal,"South Beach, Durban",Treading water,M,21.0,N,16h00,,swimming,unknown
1946-01-01,1946,Watercraft,SOUTH AFRICA,Western Cape Province,Table Bay,,,,N,,,other,unknown
1944-01-01,1944,Sea Disaster,ITALY,Adriatic Sea,,B-24 aircraft crashed  into the sea,M,,Y,,,other,unknown
1943-07-01,1943,Watercraft,PORTUGAL,,Sines,Fishing for mackerel,,,N,,,fishing,unknown
,1943,Sea Disaster,PAPUA NEW GUINEA,Morobe Province,Huon Gulf,"Known as The Battle of the Bismarck Sea :  8 Japanese destroyers guarding a convoy of 8 transports were attacked by 129 Allied fighters, 207 bombers & 3 squadrons of the Royal Australian Air Force.",,,Y,,,other,unknown
1942-11-25,1942,Unprovoked,SOUTH AFRICA,KwaZulu-Natal,Umkomaas,Swimming,M,38.0,N,,,swimming,unknown
1941-11-19,1941,Sea Disaster,AUSTRALIA,Western Australia,Shark Bay,German raider Kormoran was sunk in an engagement with HMAS Sydney,M,,N,,,other,unknown
1940-06-30,1940,Unprovoked,USA,North Carolina,"Holden Beach, Brunswick County",Fishing,M,,N,,3 m [10'] shark,fishing,other shark
1938-03-08,1938,Unprovoked,AUSTRALIA,Northern Territory,Liverpool River,Canoe capsized by shark,M,,N,,,other,unknown
1937-11-06,1937,Sea Disaster,SOLOMON ISLANDS,,,"Two canoes with 14 aboard blown to sea in a storm. While adrift for 3 week, one person fell overboard and was killed by a shark",M,,Y,,,watercraft,unknown
1935-03-11,1935,Unprovoked,AUSTRALIA,New South Wales,Newcastle,Surfing,M,,N,,,surfing,unknown
1935-02-14,1935,Unprovoked,AUSTRALIA,New South Wales,Austinmer,Surfing (pneumatic surfboard),M,20.0,N,17h30,,surfing,unknown
1933-06-21,1933,Unprovoked,USA,South Carolina,North end of Morris Island at mouth of Charleston Harbor,Sitting in 3' of water,M,15.0,N,,Thought to involve a 2.4 m [8'] lemon shark; two 2.4 m lemon sharks caught within 100 yds of the site a week prior to & a week after this incident,other,other shark
1933-05-23,1933,Provoked,AUSTRALIA,Queensland,Off Stradbroke Island,Fishing,M,,N,,7' to 8' shark,fishing,other shark
1932-08-10,1932,Provoked,USA,New Jersey,"Offshore, between Mantoloking & Point Pleasant, Ocean County",Fishing,M,,N,,16' 800-lb shark,fishing,other shark
1932-01-06,1932,Provoked,MEXICO,Baja California,Descano Point,Fishing,M,,Y,,,fishing,unknown
1930-09-26,1930,Unprovoked,HONDURAS,Black River,,Swimming,M,,Y,,,swimming,unknown
1930-08-31,1930,Unprovoked,AUSTRALIA,Western Australia,Geraldton,Fishing,M,17.0,N,15h30,,fishing,unknown
1930-05-11,1930,Watercraft,TURKEY,,Yeşilköy,Fishing,M,,N,,,fishing,unknown
1929-10-20,1929,Unprovoked,AUSTRALIA,Torres Strait,Near Badu Island,Pearl diving,M,,N,,,diving,unknown
1928-12-21,1928,Unprovoked,AUSTRALIA,,,Pearl diving,M,,N,,,diving,unknown
1927-03-11,1927,Unprovoked,AUSTRALIA,New South Wales,Mereweather Beach,Body surfing / treading water,M,17.0,N,15h00,Grey nurse shark?,surfing,other shark
1927-02-14,1927,Provoked,NICARAGUA,Salinas Bay,"A shark was caught, its head severed from body and hung from the anchor davit onboard the U.S.S. Borie",Feeling the shark’s teeth,M,,N,,,other,unknown
1926-08-24,1926,Unprovoked,USA,New Jersey,"Seaside, Ocean County",Swimming,M,18.0,Y,,,swimming,unknown
1919-12-07,1919,Unprovoked,AUSTRALIA,New South Wales,"Pelican Island, Macleay River",Swimming,M,47.0,Y,05h30,,swimming,unknown
1918-01-01,1918,Unprovoked,AUSTRALIA,Queensland,Near Cairns,Diving,M,,N,,,diving,unknown
1916-07-13,1916,Invalid,USA,New York,"Sheepshead Bay, Brooklyn",Swimming,F,,,10h00,,swimming,unknown
1916-04-25,1916,Unprovoked,AUSTRALIA,New South Wales,Manley Beach,Swimming,M,,Y,,,swimming,unknown
1914-09-05,1914,Unprovoked,USA,Louisiana,Lake Pontchartrain,Swimming,M,17.0,Y,,,swimming,unknown
1910-05-16,1910,Invalid,USA,Alabama,"Off Fort Gaines, Dauphin Island, Mobile County","Unknown, their unoccupied yawlboat was recovered",M,,,,Shark involvement prior to death unconfirmed,watercraft,other shark
1909-06-26,1909,Unprovoked,MEXICO,Guerrero,Zacatula,Bathing,F,,Y,,,swimming,unknown
1908-07-08,1908,Unprovoked,CROATIA,Adriatic Sea,Medola,Watercraft,F,,Y,,"Species unknown, possible white shark",watercraft,other shark
1906-04-27,1906,Unprovoked,INDONESIA,Maluku Province,Aru Islands,Hard hat diving,M,,Y,,,diving,unknown
,1905,Unprovoked,USA,New Jersey,"Atlantic City, Atlantic County",Swimming from naptha launch after a day of fishing,M,,N,,,swimming,unknown
1905-04-06,1905,Unprovoked,SOUTH AFRICA,KwaZulu-Natal,"Back Beach, Durban",Swimming,M,26.0,Y,16h30,,swimming,unknown
1901-09-23,1901,Unprovoked,CYPRUS,Southern Cyprus,Larnaca,Swimming,M,,Y,,2 m shark,swimming,other shark
1898-01-01,1898,Invalid,CRETE,,,Sponge divers,M,,,,Questionable,diving,unknown
1897-09-06,1897,Unprovoked,USA,South Carolina,"Elliott Cut, Charleston County",Standing,M,,N,,,swimming,unknown
1896-06-21,1896,Unprovoked,USA,South Carolina,Charleston,Bathing,M,,N,,,swimming,unknown
1896-01-01,1896,Unprovoked,HAITI,Off Cape Haitien,,Wading,M,15.0,N,,,swimming,unknown
1895-08-11,1895,Unprovoked,USA,Rhode Island,Noyes Beach,Swimming,M,26.0,Y,05h00,,swimming,unknown
1895-03-15,1895,Unprovoked,AUSTRALIA,Queensland,Burnett River,Swimming,M,13.0,N,,,swimming,unknown
1893-05-23,1893,Unprovoked,FIJI,,Between Kadavu & Beqa,Canoe swamped,F,,Y,,,other,unknown
1883-12-19,1883,Unprovoked,AUSTRALIA,New South Wales,Parramatta River,Swimming,M,21.0,Y,12h00,,swimming,unknown
1880-01-22,1880,Watercraft,AUSTRALIA,New South Wales,"Chowder Bay, Sydney",Fishing,,,N,13h00,12' shark,fishing,other shark
1877-02-17,1877,Unprovoked,AUSTRALIA,Victoria,Off Melbourne,Fishing,M,,N,,,fishing,unknown
1874-11-14,1874,Watercraft,CROATIA,Zadar County,"Lika-Senj, Pag Island",Fishing,,,N,,,fishing,unknown
,1873,Unprovoked,CUBA,Havana Province,Havana Harbor,Swimming / escaping imprisonment,M,27.0,N,,,swimming,unknown
1872-11-24,1872,Invalid,AZORES,,,,M,,,,,other,unknown
1862-12-19,1862,Unprovoked,AUSTRALIA,Queensland,Brisbane River,Trying to catch a wounded bird,M,,Y,,,other,unknown
1862-08-15,1862,Unprovoked,SPAIN,,A Spanish port,Bathing,F,,N,,,swimming,unknown
1862-05-05,1862,Unprovoked,SOUTH AFRICA,KwaZulu-Natal,Durban,Bathing,M,,N,,,swimming,unknown
1860-03-11,1860,Unprovoked,BAHAMAS,New Providence Island,Nassau,"In boat being towed by ship, Karnak",M,,Y,,Remains recovered from shark caught days later,watercraft,other shark
1855-04-09,1855,Unprovoked,AUSTRALIA,South Australia,Port Wakefield,Fell overboard from the Malacca,F,,Y,,,watercraft,unknown
1844-01-01,1844,Unprovoked,ALGERIA,,Cape Matifou,Swimming,M,,Y,,,swimming,unknown
1839-04-14,1839,Unprovoked,CUBA,Matanzas Province (north coast),Matanzas,Sitting on gunwale of boat,M,,Y,,a large shark,watercraft,other shark
1829-06-10,1829,Unprovoked,USA,New Jersey,"Sandy Hook Bay, Highlands, Monmouth County",Fell overboard from the ship Gem,M,,Y,Morning,,watercraft,unknown
1827-01-01,1827,Unprovoked,EGYPT,,Alexandria,,M,,Y,,,other,unknown
1822-04-15,1822,Unprovoked,NIGERIA,Rivers State,Bonny River,,,,Y,,,other,unknown
1805-09-01,1805,Invalid,USA,New York,"Sag Harbor, Suffolk County",,M,,,,Shark involvement prior to death unconfirmed,other,other shark
1751-07-27,1751,Unprovoked,USA,Massachusetts,,Swimming,M,,Y,,,swimming,unknown
2023-06-07,2023,Unprovoked,BAHAMAS,Freeport,Shark Junction,Scuba diving,F,73.0,,13h00,Caribbean rreef shark,diving,other shark
2023-04-29,2023,Unprovoked,AUSTRALIA,Western Australia,"Kurrajong Campground, Exnouth",Snorkeling,M,11.0,N,15h00,,other,unknown
2023-04-23,2023,Unprovoked,USA,Florida,"Anna Maria Island, Manatee County",Spearfishing,M,,N,,"Bull shark, 6'",fishing,bull shark
2023-03-19,2023,Unprovoked,USA,Hawaii,Anaehoomalu Bay,Swimming,M,60.0,N,12h30,,swimming,unknown
2022-12-11,2022,Unprovoked,AUSTRALIA,New South ales,Killick Creek near Crescent Head,Swimming,M,15.0,N,-16h30,,swimming,unknown
2022-06-29,2022,Unprovoked,USA,Florida,"Summerland Key, Monroe County",Jumped into water,M,,N,Afternoon,,other,unknown
2022-06-01,2022,Unprovoked,AUSTRALIA,Western Australia,Oyster Stacks near Exmouth12h15,Swimming,F,,N,12h15,,swimming,unknown
2022-04-11,2022,Unprovoked,USA,Florida,"Higkand Beach, Palm Beach County",Standing,M,,N,16h00,4' shark,swimming,other shark
2022-02-17,2022,Unprovoked,AUSTRALIA,Queensland,Redcliffe,Fihing,M,,N,,"Tiger shark, 3 m",other,tiger shark
2021-08-21,2021,Unprovoked,USA,Florida,"Walton Beach Psrk, St. Lucie County",Surfing,M,41.0,N,06h40,Bull shark,surfing,bull shark
2021-04-29,2021,Unprovoked,USA,Florida,"Vero Beach, Indian River County",Boggie boarding,M,54.0,N,10j30,,watercraft,unknown
2021-02-20,2021,Provoked,AUSTRALIA,Queensland,Waterford West,Fishing,M,,N,17h30,"Bull shark, 80cm",fishing,bull shark
2019-04-12,2019,Questionable,USA,Florida,"Crescent Beach, St Johns County",Boogie boarding,F,10.0,N,17h45,,watercraft,unknown
2018-11-09,2018,Unprovoked,BAHAMAS,Exumas,Compass Cay,Swimming,M,8.0,N,13h30,Nurse shark,swimming,other shark
2018-09-15,2018,Unprovoked,USA,Massachusetts,"Newcomb Hollow Beach, Wellfleet, Barnstable County",Boogie boarding,M,26.0,Y,12h00,White shark,watercraft,white shark
2018-04-05,2018,Unprovoked,BAHAMAS,,Bimini,Swimming,M,12.0,N,18h00,Bull shark,swimming,bull shark
2018-02-18,2018,Provoked,AUSTRALIA,Victoria,Westernport Bay,Fishing,M,34.0,N,Night,,fishing,unknown
2017-07-14,2017,Unprovoked,AUSTRALIA,Western Australia,Floreat Beach,Surfing,M,,N,11h45,,surfing,unknown
2017-06-10,2017,Unprovoked,AUSTRALIA,Victoria,"Flinders, Mornington Penisula",Surfing,F,,N,15h45,Seven-gill shark,surfing,other shark
2017-04-17,2017,Unprovoked,AUSTRALIA,Western Australia,Kelpies near Wylie Bay,Surfing,F,17.0,Y,16h00,White shark,surfing,white shark
2017-03-27,2017,Unprovoked,USA,Florida,"New Smyrna Beach, Volusia County",Surfing,M,58.0,N,10h00,,surfing,unknown
2016-09-18,2016,Unprovoked,USA,Florida,"New Smyrna Beach, Volusia County",Surfing,M,36.0,N,11h00,,surfing,unknown
2016-08-29,2016,Unprovoked,USA,Florida,"New Smyrna Beach, Volusia County",Surfing,M,37.0,N,14h00,,surfing,unknown
2016-01-29,2016,Watercraft,SOUTH AFRICA,KwaZulu-Natal,,Fishing,M,,N,,,fishing,unknown
2015-11-16,2015,Unprovoked,USA,Florida,"Playalinda Beach, Brevard County",Surfing,M,,N,Afternoon,,surfing,unknown
2015-10-21,2015,Unprovoked,USA,Florida,"Playalinda Beach, Brevard County",Surfing,M,21.0,N,14h30,5' shark,surfing,other shark
2015-09-20,2015,Unprovoked,USA,Hawaii,"Upolu Point, North Kohala, Big Island",Spearfishing,M,27.0,N,15h52,"Tiger shark, 13'",fishing,tiger shark
2015-06-30,2015,Unprovoked,USA,South Carolina,"Isle of Palms County Park, Isle of Palms, Charleston County",Playing in the water,M,12.0,N,18h05,4' to 5' shark,other,other shark
2015-03-26,2015,Watercraft,SOUTH AFRICA,Eastern Cape Province,Yellow Sands Point,Kayak Fishing,M,36.0,N,,"White shark, 4 m",fishing,white shark
2015-01-24,2015,Unprovoked,AUSTRALIA,New South Wales,Flat Rock,Surfing,M,,N,,,surfing,unknown
2014-11-10,2014,Unprovoked,AUSTRALIA,New South Wales,Moonee Beach,Surfing,M,,N,06h30,,surfing,unknown
2014-10-07,2014,Unprovoked,USA,Florida,"Cherie Down Park, Brevard County",Fishing,F,40.0,N,Afternoon,,fishing,unknown
2014-03-12,2014,Unprovoked,AUSTRALIA,New South Wales,Lighthouse Beach,Swimming,M,,N,18h00,Wobbegong shark,swimming,other shark
2013-10-08,2013,Unprovoked,AUSTRALIA,Western Australia,"Off Poison Creek, Cape Arid",Diving for Abalone,M,55.0,N,10h30,White shark,diving,white shark
2013-09-29,2013,Unprovoked,USA,Florida,"Melbourne Beach, Brevard County",Surfing,M,50.0,N,10h00,,surfing,unknown
2012-10-10,2012,Unprovoked,USA,California,"Davenport Landing, Santa Cruz County",Windsurfing,M,42.0,N,18h30,,surfing,unknown
2012-09-24,2012,Unprovoked,USA,Florida,"Spanish House Beach, Brevard County",Surfing,M,22.0,N,Afternoon,4' shark,surfing,other shark
2012-09-04,2012,Unprovoked,USA,Florida,"Melbourne Beach, Brevard County",Surfing,M,32.0,N,07h56,,surfing,unknown
2012-07-30,2012,Unprovoked,USA,Hawaii,"Maha‘ulepu Beach, Kauai",Surfing,M,44.0,N,16h35,,surfing,unknown
2012-06-26,2012,Unprovoked,USA,Florida,"Juno Beach, Palm Beach County",Swimming,M,6.0,N,19h00,possibly a bull shark,swimming,other shark
2012-05-12,2012,Watercraft,USA,California,"Leffingwell Landing, Cambria,  San Luis Obispo County",Kayaking / Fishing,M,30.0,N,14h30,White shark,fishing,white shark
2012-03-31,2012,Unprovoked,AUSTRALIA,Western Australia,Stratham Beach,Scuba diving,M,33.0,Y,09h30,"White shark, 4m",diving,white shark
2012-03-24,2012,Unprovoked,USA,Florida,"New Smyrna Beach, Volusia County",Surfing,M,21.0,N,14h00,,surfing,unknown
2011-09-30,2011,Invalid,USA,Puerto Rico,Hatillo Beach,Surfing,M,27.0,,09h50,No shark involvement,surfing,other shark
2011-05-07,2011,Invalid,UNITED ARAB EMIRATES (UAE),Umm al Qaywayan Province,Khor Fakkan,Fishing,M,43.0,,,Invalid,fishing,unknown
2011-02-23,2011,Unprovoked,NEW CALEDONIA,Loyalty Islands,"Bay of Bweedro, Ouvéa",Spearfishing,M,21.0,N,Early afternoon,1.5 m shark,fishing,other shark
2010-08-02,2010,Watercraft,USA,California,"Near oil rig Hondo, 5 nm from Gaviota, Santa Barbara County",Kayaking,M,,N,12h40,"White shark, 15'",watercraft,white shark
2010-07-17,2010,Unprovoked,USA,Florida,New Smyrna Beach,Surfing,M,55.0,N,,A small spinner shark,surfing,other shark
2009-10-02,2009,Provoked,UNITED KINGDOM,Devon,Mewstone Rock,Fishing,M,39.0,N,12h50,Spurdog,fishing,other shark
2009-09-15,2009,Provoked,SOMALIA,,300 miles off the coast,Fishing,M,,N,,,fishing,unknown
2009-08-30,2009,Unprovoked,USA,California,"Huntington Beach, Orange County",Surfing,M,,N,18h30,4' shark,surfing,other shark
2009-05-25,2009,Provoked,USA,Florida,"Clearwater Beach, Pinellas County",Swimming,M,,N,20h30,5' to 8' shark,swimming,other shark
2009-04-06,2009,Unprovoked,USA,California,San Diego County,Spearfishing,M,,N,07h45,"White shark, 12' to 15' female",fishing,white shark
2009-02-12,2009,Unprovoked,AUSTRALIA,New South Wales,"Bondi Beach, Sydney",Surfing,M,33.0,N,19h30,"White shark, 2.5m",surfing,white shark
2009-02-07,2009,Unprovoked,AUSTRALIA,New South Wales,Sandon,Surfing,M,,N,07h30,,surfing,unknown
2008-12-14,2008,Unprovoked,NEW ZEALAND,North Island,Maraetai,Fishing,M,,N,,Bronze whaler shark?,fishing,other shark
,2008,Watercraft,UNITED KINGDOM,Sussex,"Rock-a-Nore, Hastings",Rowing an inflatable dinghy,M,16.0,N,,"Starry smoothhound shark, 1m",other,other shark
2008-05-23,2008,Unprovoked,MEXICO,Guerro,Pantla Beach,Surfing,M,21.0,Y,,2 m shark,surfing,other shark
2008-01-29,2008,Unprovoked,SOUTH AFRICA,KwaZulu-Natal,"Suncoast Pirates Beach, Durban",Surf-skiing,M,42.0,N,,"Blacktip shark, 2m",surfing,other shark
2007-09-27,2007,Unprovoked,USA,California,"Moonstone Beach, Humboldt County",Surfing,F,,N,08h15,White shark,surfing,white shark
2007-07-19,2007,Unprovoked,USA,Hawaii,"Bellows Beach near Wailea Point, O’ahu",Snorkeling,M,36.0,N,15h15,,other,unknown
2007-04-01,2007,Unprovoked,USA,Florida,"New Smyrna Beach, Volusia County",Playing on a sandbar,M,7.0,N,13h05,,other,unknown
2006-10-31,2006,Unprovoked,USA,Oregon,"Siletz River mouth, Lincoln County",Surfing,M,22.0,N,Just before sundown,"White shark, 16'",surfing,white shark
2006-07-12,2006,Unprovoked,USA,South Carolina,"Kiawah Island, Charleston County",Swimming,F,21.0,N,13h30,,swimming,unknown
2006-01-01,2006,Unprovoked,SOUTH AFRICA,Western Cape Province,Soetwater,Diving for crayfish,M,49.0,N,,Said to involve a 1.5 m shark,fishing,other shark
2005-05-15,2005,Unprovoked,AUSTRALIA,Queensland,50 km east of Townsville,Spearfishing,M,,N,,Blacktip shark,fishing,other shark
2005-02-04,2005,Unprovoked,BRAZIL,Bahia,Ilhéus,Surfing,M,12.0,N,,,surfing,unknown
2004-05-28,2004,Unprovoked,USA,California,"Salmon Creek, Sonoma County",Surfing,M,44.0,N,11h00,2.4 m to 3.7 m [8' to 12'] shark,surfing,other shark
2004-03-27,2004,Unprovoked,USA,Florida,"Sanibel Island, Lee County",Swimming,M,61.0,N,08h30,,swimming,unknown
2003-08-19,2003,Unprovoked,USA,California,"Avila Beach, San Luis Obispo County","Swimming, wearing black wetsuit & swim fins",F,50.0,Y,08h15,4.5 m to 5.5 m [15' to 18'] white shark,swimming,other shark
2002-07-20,2002,Unprovoked,USA,North Carolina,"Emerald Isle, Carteret County",Swimming,F,15.0,N,17h00,"Bull shark, 1.8 m to 2.1 m [6' to 7']",swimming,bull shark
2002-01-03,2002,Unprovoked,BRAZIL,Pernambuco,Candeias,Swimming,,,Y,,,swimming,unknown
2001-08-22,2001,Unprovoked,USA,Florida,"Daytona, Volusia County",Surfing,M,17.0,N,16h20,a small shark,surfing,other shark
2001-08-05,2001,Unprovoked,USA,South Carolina,"Near 70th Avenue, Myrtle Beach, Horry County",,F,,N,,,other,unknown
2000-09-19,2000,Provoked,AUSTRALIA,New South Wales,Wollongong,Fell onto dead shark,M,12.0,N,,100-kg [221-lb] dead blue shark,other,other shark
2000-09-10,2000,Unprovoked,SOUTH AFRICA,Western Cape Province,Dyer Island,Free diving,M,48.0,N,11h00,"White shark, 3.5 m [11.5']  male",diving,white shark
2000-03-30,2000,Unprovoked,AUSTRALIA,Queensland,"Main Beach, Gold Coast",Swimming,M,26.0,N,14h00,2.5 m shark,swimming,other shark
1999-10-01,1999,Unprovoked,USA,Hawaii,Old Kona Airport State Park,"Surfing, lying on surfboard",M,16.0,N,18h30,"Tiger shark, 1.8 m to 2.4 m [6' to 8']",surfing,tiger shark
1999-03-18,1999,Provoked,BRAZIL,Rio Grande de Norte,Atol das Rochas,Scientific research (Dr. Sonny Gruber's student),M,,N,,,other,unknown
1999-01-13,1999,Unprovoked,SOUTH AFRICA,Eastern Cape Province,Bonza Beach,Paddle Skiing,M,,N,,"White shark, 4 m [13']",watercraft,white shark
1999-01-03,1999,Unprovoked,REUNION,Saint-Leu,Pointe au Sel,Spearfishing,,,Y,,Bull shark,fishing,bull shark
1998-12-20,1998,Unprovoked,SOUTH AFRICA,Eastern Cape Province,"King's Beach, Port Elizabeth",Surfing,M,18.0,N,17h00,Possibly a white shark,surfing,other shark
1998-07-06,1998,Unprovoked,SOUTH AFRICA,Western Cape Province,Plettenberg Bay,Wading,M,47.0,N,,"Raggedtooth shark, 1.2 m [4']",swimming,other shark
1997-11-05,1997,Unprovoked,USA,Florida,,Swimming,M,32.0,N,Mid morning,,swimming,unknown
1997-08-11,1997,Unprovoked,EGYPT,Red Sea,Safaga,Fishing,M,17.0,N,,,fishing,unknown
1997-07-17,1997,Unprovoked,BRAZIL,Pernambuco,"Boa Viagem, Recife",Surfing,M,,N,,,surfing,unknown
1996-01-22,1996,Unprovoked,AUSTRALIA,Queensland,"Brown's Inlet, Broadwater",Swimming,F,13.0,N,,Bronze whaler shark,swimming,other shark
1995-10-01,1995,Unprovoked,USA,Florida,"Ormond Beach, Volusia County",Surfing,M,39.0,N,11h30,1.2 m to 1.5 m [4' to 5']   shark,surfing,other shark
1995-08-22,1995,Unprovoked,USA,North Carolina,"Wrightsville Beach, New Hanover County",Swimming,M,23.0,N,Afternoon,sand shark,swimming,other shark
1995-07-28,1995,Unprovoked,USA,Florida,"New Smyrna Beach, Volusia County",Standing,M,18.0,N,13h40,,swimming,unknown
1995-05-31,1995,Unprovoked,HONG KONG,New Territories,Sai Kung Beach,Diving,,44.0,Y,,,diving,unknown
1995-04-09,1995,Unprovoked,AUSTRALIA,New South Wales,"Honeysuckle Point, Eden",Diving,M,,N,,Wobbegong shark,diving,other shark
1994-11-13,1994,Unprovoked,USA,Hawaii,"Off the Hanalei River, Kaua'i","Surfing, paddling seawards",F,34.0,N,09h45,2.7 m [9'] shark,surfing,other shark
1994-05-15,1994,Unprovoked,USA,Florida,"New Smyrna Beach, Volusia County",Surfing,M,22.0,N,08h30,>1.8 m [6'] shark,surfing,other shark
1994-02-12,1994,Unprovoked,SOUTH AFRICA,Eastern Cape Province,Beachview Holiday Resort,Surfing,M,15.0,N,16h30,3 m [10'] white shark,surfing,other shark
1993-10-10,1993,Watercraft,USA,California,"Goat Rock, Bodega Bay, Sonoma County?",Kayaking,F,34.0,N,14h30,>6 m [20'] white shark,watercraft,other shark
1993-08-21,1993,Unprovoked,BAHAMAS,Walkers Cay,"Matinella Reef, 15 to 20 miles west of Walkers Cay",Spearfishing,M,51.0,N,17h15,1.8 m [6'] blacktip shark or Caribbean reef shark,fishing,other shark
1993-03-12,1993,Unprovoked,USA,California,"Linda Mar Beach, Pedro Point, San Mateo County",Free diving & spearfishing (ascending),M,55.0,N,14h30,White shark,fishing,white shark
1991-04-16,1991,Provoked,USA,Maryland,Baltimore Aquarium,Diving,,,N,09h55,7' female shark,diving,other shark
1989-10-11,1989,Unprovoked,USA,Texas,Surfside Beach,Surfing,M,12.0,N,Evening,4' shark,surfing,other shark
1989-08-22,1989,Unprovoked,USA,Florida,"St Augustine, St Johns County",Swimming,M,21.0,N,,1.2 m [4'] shark,swimming,other shark
1989-04-12,1989,Unprovoked,USA,Washington,"Pacific Beach, Grays Harbor County",Surfing (lying prone on his board),M,,N,10h45,White shark,surfing,white shark
1988-10-11,1988,Unprovoked,USA,Florida,"Fort Pierce, St. Lucie County",Surfing,M,30.0,N,X,1.2 m to 1.5 m [4' to 5'] shark,surfing,other shark
1987-07-21,1987,Unprovoked,USA,Florida,"Ponce Inlet, New Smyrna Beach, Volusia County",Surfing,M,27.0,N,09h15,3' to 4' shark,surfing,other shark
1987-07-12,1987,Unprovoked,USA,Texas,"Mustang Island, near Port Aransas",Wading,F,16.0,N,14h30,4' shark,swimming,other shark
1986-09-22,1986,Invalid,USA,Florida,"Pinellas Point, Tampa Bay",,,,,,Shark involvement prior to death was not confirmed,other,other shark
1986-08-03,1986,Unprovoked,AUSTRALIA,New South Wales,"North Head, Sydney Harbour",Scuba diving,F,,N,,Wobbegong shark,diving,other shark
1985-09-08,1985,Invalid,SOUTH AFRICA,KwaZulu-Natal,T.O. Strand,Swimming,M,21.0,,,Shark involvement prior to death was not confirmed,swimming,other shark
1984-07-01,1984,Unprovoked,SOUTH AFRICA,KwaZulu-Natal,Sodwana,Spearfishing,M,,N,,Raggedtooth shark,fishing,other shark
1984-03-10,1984,Watercraft,SOUTH AFRICA,Eastern Cape Province,Swartkops River mouth,Rowing,M,,N,,2.5 m [8.25'] shark,other,other shark
1983-10-17,1983,Unprovoked,USA,Florida,"Stuart Beach, Martin County",Surfing,M,16.0,N,,1.5 m [5'] shark,surfing,other shark
1983-06-22,1983,Unprovoked,BAHAMAS,Abaco Islands,"Off Sandy Point, Great Abaco Island",Spearfishing,M,15.0,Y,16h00,,fishing,unknown
1983-04-19,1983,Unprovoked,USA,Florida,,Surfing,M,,,,,surfing,unknown
1983-01-15,1983,Invalid,SOUTH AFRICA,KwaZulu-Natal,Amanzimtoti,,M,,,,Shark involvement prior to death was not confirmed,other,other shark
1982-07-01,1982,Unprovoked,USA,Florida,"Daytona Beach, Volusia County",Swimming,F,19.0,N,14h30,,swimming,unknown
1982-06-26,1982,Unprovoked,USA,South Carolina,"Isle of Palms, Charleston County",Swimming,M,20.0,N,16h30,5' shark,swimming,other shark
1981-12-13,1981,Unprovoked,AUSTRALIA,Queensland,Green Island,,,,N,,,other,unknown
1981-05-19,1981,Unprovoked,USA,Florida,"Sands Cut, Elliot Key",Free diving,M,32.0,N,,,diving,unknown
1981-03-08,1981,Sea Disaster,BERMUDA,,,Foundering of the Israeli freighter Mezada,,,N,,,other,unknown
1980-11-18,1980,Unprovoked,AUSTRALIA,Western Australia,Lancelin,Swimming,M,,N,,,swimming,unknown
1978-07-27,1978,Sea Disaster,USA,South Carolina,,"Explosion destroyed 28' boat, survivors in the water",M,39.0,N,,,watercraft,unknown
1974-07-02,1974,Sea Disaster,USA,Florida,Gulf of Mexico,Adrift after the sinking of the motor yacht Princess Dianne,M,10.0,Y,,3.7 m [12'] sharks,other,other shark
1973-11-25,1973,Unprovoked,AUSTRALIA,Western Australia,Swan River,,,,N,,,other,unknown
1972-03-21,1972,Provoked,PACIFIC OCEAN,,,Fishing,M,33.0,N,,,fishing,unknown
1969-05-22,1969,Unprovoked,DOMINICAN REPUBLIC,,,Surfing,M,18.0,,16h00,,surfing,unknown
1969-01-01,1969,Unprovoked,AUSTRALIA,Victoria,Port MacDonnel,,M,,N,,Carpet shark,other,other shark
1968-10-10,1968,Sea Disaster,PHILIPPINES,Moro Gulf,,Sinking of the ferryboat Dumaguete,,,N,,,watercraft,unknown
1968-08-13,1968,Unprovoked,FRENCH POLYNESIA,Society Islands,Tahiti,Swimming,M,12.0,N,,,swimming,unknown
1968-03-10,1968,Unprovoked,USA,Florida,"Jensen Beach, Martin County",Surfing,M,20.0,N,Afternoon,,surfing,unknown
1967-01-27,1967,Watercraft,SOUTH AFRICA,Western Cape Province,Melkbosstrand,Fishing for rock lobster,,,N,,White shark or thresher shark,fishing,white shark
1966-10-30,1966,Unprovoked,PAPUA NEW GUINEA,New Ireland Province,"Lamassa Island, 16 miles from Lambom Island",Swimming,F,13.0,Y,Morning,3.7 m [12'] shark,swimming,other shark
1966-08-27,1966,Invalid,SOUTH AFRICA,KwaZulu-Natal,Durban,Netting sharks,M,,,,Invalid,other,unknown
1965-06-01,1965,Unprovoked,PAPUA NEW GUINEA,Near Bougainville (North Solomons),Huhunoti Island,Spearfishing,M,,N,,,fishing,unknown
1965-04-29,1965,Unprovoked,USA,Florida,"Hobe Sound, Martin County",,M,49.0,N,15h00,Bull shark,other,bull shark
1965-01-01,1965,Provoked,USA,California,"Dana Point, San Clemente, Orange County",Surfing,M,,N,,,surfing,unknown
1964-08-23,1964,Unprovoked,MEXICO,Guerrero,Acapulco,Floating on his back in an inner tube,M,19.0,N,14h00,1.8 to 2.4 m [6' to 8'] shark,other,other shark
1964-04-07,1964,Unprovoked,PAPUA NEW GUINEA,Madang Province,Inshore side of reef near Madang,Fishing,M,,Y,,,fishing,unknown
1964-01-21,1964,Watercraft,SOUTH AFRICA,Western Cape Province,20 m from shore at Strand,Shark watching,,,N,11h00,"White shark, 3.6 m [11'9]",other,white shark
1964-01-11,1964,Unprovoked,USA,California,Southeast Farallon Island,Spearfishing / Scuba diving (at surface),M,21.0,N,12h00,White shark (tooth fragment recovered),surfing,white shark
1964-01-04,1964,Unprovoked,FIJI,"Lomaloma, Lau",Tuvuca Isalnd,Swimming,F,20.0,N,15h00,,swimming,unknown
1963-12-26,1963,Unprovoked,SOUTH AFRICA,KwaZulu-Natal,Umhlanga Rocks,Swimming,M,24.0,N,15h00,1.8 m [6']  shark,swimming,other shark
1962-01-15,1962,Unprovoked,NEW ZEALAND,North Island,"Slipper Island, Coromandel Peninsula",Spearfishing,M,44.0,N,12h00,,fishing,unknown
1961-07-01,1961,Unprovoked,ITALY,Adriatic Sea,Riccione,Spearfishing,M,21.0,N,14h00,"White shark, 4.5 m",fishing,white shark
1961-04-14,1961,Unprovoked,AUSTRALIA,New South Wales,10 miles off Nambucca Heads  onboard trawler,"Checking fish traps, fell into the water",M,40.0,N,Night,gummy shark (Rhizoprionodon or Loxodon) 1.2 m [4'],fishing,other shark
1960-06-07,1960,Invalid,USA,California,"10 miles off Santa Barbara, Santa Barbara County","Testing classified underwater electronic gear for Raytheon Corporation, vessel torn apart by explosion",M,,,,Shark involvement prior to death was not confirmed,other,other shark
1960-02-29,1960,Unprovoked,AUSTRALIA,Tasmania,Ralph Bay,"Wading, fishing for flounder",M,,N,Night,Two 2.1 m [7'] sharks,swimming,other shark
1959-07-25,1959,Watercraft,USA,California,"Mission Beach, San Diego County",,,21.0,N,,"Hammerhead shark, 2.4 m [8']",other,other shark
1959-06-14,1959,Unprovoked,MEXICO,Guyamas,San Pedro Nolasco Island,Swimming ashore from capsized boat,M,,Y,,,swimming,unknown
1959-02-01,1959,Unprovoked,SOUTH AFRICA,KwaZulu-Natal,Port Shepstone,Treading water,M,14.0,N,14h45,1.8 to 2.1 m [6' to 7'] shark,swimming,other shark
1959-01-17,1959,Unprovoked,AUSTRALIA,Queensland,Alexandra Headland near Mooloolaba,"Surfing, but treading water",M,17.0,N,09h30,1.8 m [6'] shark,surfing,other shark
1958-07-01,1958,Unprovoked,BAHAMAS,Abaco Islands,North of Walkers Cay,"Spearfishing, had fish on his spear",M,36.0,N,12h00,"Tiger shark, <2 m TL",fishing,tiger shark
1958-06-17,1958,Provoked,USA,Florida,Key Biscayne,"Swimming, towing the shark",M,,N,,"Nurse shark, 1.1 m [3.5']",swimming,other shark
1958-06-02,1958,Invalid,SOUTH AFRICA,KwaZulu-Natal,King Reef off Park Rynie,Spearfishing,M,,,,Invalid,fishing,unknown
,1958,Provoked,TONGA,Vava'u,Hunga Island,Spearfishing,M,,N,,<1 m shark,fishing,other shark
1957-02-02,1957,Unprovoked,AUSTRALIA,Western Australia,Cape Levêque,,M,,,,,other,unknown
1957-01-01,1957,Unprovoked,FIJI,Kadavu,Great Astrolabe Reef,Fishing,M,30.0,N,,,fishing,unknown
1956-09-01,1956,Unprovoked,MAYOTTE,Mozambique Channel,,Fishing,M,,Y,,Tiger shark,fishing,tiger shark
1955-12-31,1955,Watercraft,AUSTRALIA,Tasmania,,Ocean racing,,,N,,,other,unknown
1955-02-05,1955,Unprovoked,AUSTRALIA,New South Wales,"Sugarloaf Bay, Middle Harbor, Sydney",Swimming,M,25.0,Y,14h35,3.6 m  white shark  (or bronze whaler),swimming,other shark
1954-07-27,1954,Watercraft,ITALY,Venice Province,Off Chioggia,Fishing trawler Flavio Gioia,M,,,Night,5m shark,fishing,other shark
1954-01-01,1954,Unprovoked,MEXICO,Baja California,,Free diving,M,,Y,,,diving,unknown
1953-02-15,1953,Unprovoked,AUSTRALIA,New South Wales,Cave at Shell Harbour,Spearfishing,M,25.0,N,18h00,Wobbegong shark,fishing,other shark
,1951,Unprovoked,COLUMBIA,Caribbean Sea,Cartegena,Bathing,,,Y,,,swimming,unknown
1949-08-16,1949,Unprovoked,AUSTRALIA,Tasmania,Flinders Island,Swimming near shore,M,18.0,N,16h00,,swimming,unknown
1949-01-01,1949,Unprovoked,PAPUA NEW GUINEA,New Ireland Province,"Enang , Kavieng",,M,,N,,,other,unknown
1947-11-08,1947,Unprovoked,AUSTRALIA,New South Wales,"Maria River, Port Macquarie, 12 miles from river mouth",Swimming,M,12.0,Y,16h00,,swimming,unknown
1945-01-01,1945,Unprovoked,PANAMA,Colon Province,"Mouth of Rio Dudio, 50 miles west of the city of Colon",Bathing with her mother,F,,N,,,swimming,unknown
,1944,Sea Disaster,PHILIPPINES,300 miles east of Luzon,USS Hull DD-350 was one of 3 destroyers that capsized in Typhoon Cobra,Swimming near life raft,M,19.0,N,,9' shark,swimming,other shark
1944-02-27,1944,Unprovoked,SOUTH AFRICA,Western Cape Province,False Bay,Treading water,M,,N,>14h30,2.1 m [7'] shark,swimming,other shark
1942-11-12,1942,Sea Disaster,SOLOMON ISLANDS,,Off Savo Island,,M,,Y,,,other,unknown
1942-01-04,1942,Unprovoked,AUSTRALIA,New South Wales,"Egg Rock, Middle Harbor, Sydney",Swimming,F,28.0,Y,15h00,"Bull shark, 4 m [13']",swimming,bull shark
1938-05-15,1938,Unprovoked,IRAQ,Basrah City,"Ashar Canal, where people wash clothes & kitchen pans","Swimming, naked",M,,N,Afternoon,Bull shark,swimming,bull shark
1937-10-24,1937,Unprovoked,AUSTRALIA,New South Wales,Byron Bay,Swimming near jetty,M,16.0,N,,2.4 m [8'] shark,swimming,other shark
1937-06-15,1937,Unprovoked,USA,Texas,Galveston,Swimming,M,14.0,Y,Night,,swimming,unknown
1936-03-04,1936,Watercraft,AUSTRALIA,Northern Territory,Between Cape Hotham & Darwin (50 miles from Darwin),Rowing,,,N,,,other,unknown
1936-01-01,1936,Provoked,AUSTRALIA,New South Wales,North Bondi,Paddleskiing,M,,N,,2.3 m [7'] shark,watercraft,other shark
1934-08-27,1934,Watercraft,ITALY,Sicily,Catania,Fishing on a boat,M,,N,,"White shark, 4 m [13']",fishing,white shark
1933-08-28,1933,Provoked,USA,California,"Hermosa Beach, Los Angeles County","Fishing, caught a 15' shark & took it onboard",M,,N,,"Blue shark, 4.5 m [14'9]",fishing,other shark
1932-10-31,1932,Unprovoked,AUSTRALIA,New South Wales,"Redhead Beach, Newcastle",Swimming,M,24.0,N,11h00,Thought to involve a mako or grey nurse shark,swimming,other shark
1930-08-06,1930,Unprovoked,USA,Florida,"Palm Beach Inlet, Palm Beach County",Swimming,M,,N,06h00,,swimming,unknown
1930-01-01,1930,Unprovoked,SOUTH AFRICA,Eastern Cape Province,"North End Beach, Port Elizabeth",Swimming,M,,Y,,,swimming,unknown
1929-01-12,1929,Unprovoked,AUSTRALIA,New South Wales,Bondi,Body surfing,M,14.0,Y,18h10,12' shark,surfing,other shark
1928-03-28,1928,Unprovoked,AUSTRALIA,Queensland,,,M,,N,,,other,unknown
1928-01-02,1928,Unprovoked,SOUTH AFRICA,Eastern Cape Province,"Salt Vlei, Port Alfred",,F,,N,,,other,unknown
1927-10-01,1927,Unprovoked,FIJI,,a river,"Standing, collecting bananas",M,,N,,,swimming,unknown
1925-06-15,1925,Invalid,AUSTRALIA,Western Australia,"Princess Royal Harbor, near King George’s Sound",,,,,,Shark involvement prior to death unconfirmed,other,other shark
1925-05-01,1925,Unprovoked,USA,Puerto Rico,"Condado Beach, San Juan",,M,,N,,,other,unknown
1923-12-02,1923,Unprovoked,AUSTRALIA,New South Wales,"Urunga, Belliger Heads","Fishing, standing in waist-deep water",M,,Y,,,swimming,unknown
1923-01-14,1923,Invalid,CUBA,Caribbean Sea,20 miles from Havana,seaplane Columbus ditched in the sea,M,,,,"Atkins' remains were recovered from a dusky shark, C. obscurus, by Capt. W. F. Young, shark fisherman",other,other shark
1917-09-09,1917,Provoked,USA,Hawaii,"Nanakuli, Oah’u",Stuffing a shark into an automobile,M,,N,,12' shark,other,other shark
1915-02-06,1915,Unprovoked,AUSTRALIA,Queensland,Wynnum-Manley,Swimming,M,,N,,,swimming,unknown
1912-07-23,1912,Unprovoked,USA,South Carolina,Sullivan's Island,Swimming,M,,N,Afternoon,8' shark,swimming,other shark
1911-09-23,1911,Unprovoked,USA,Texas,Galveston Ship Channel,Jumped overboard to rescue companion,M,,Y,Early morning,,watercraft,unknown
1910-12-23,1910,Sea Disaster,AUSTRALIA,Western Australia,Fremantle,Shipwrecked pearling schooner,M,,Y,,,other,unknown
1908-09-05,1908,Unprovoked,USA,California,"Redondo, Los Angeles County",On fishing boat & trailing hand in the water,M,,N,,,fishing,unknown
1908-05-10,1908,Invalid,USA,Florida,"Marathon, Monroe County",,M,,,,Questionable,other,unknown
1907-10-16,1907,Unprovoked,CHINA,Hong Kong,"Sharp Peak, Sai Kung Peninsula, New Territories",Fishing,M,,N,,Shark involvement probable,fishing,other shark
1904-11-02,1904,Unprovoked,PHILIPPINES,Luzon Island,"Inner Harbor, Olongapo",Bathing alongside US Naval ship,M,,N,,,swimming,unknown
,1901,Unprovoked,PHILIPPINES,Zamboanga del Sur Province,Port Isabela de Basilan,Taking catch from a fish weir in which the shark was snared,M,,N,,,fishing,unknown
1901-07-30,1901,Unprovoked,SOUTH AFRICA,Western Cape Province,Windmill Beach,Swimming,M,29.0,Y,14h15,White shark,swimming,white shark
1900-07-14,1900,Invalid,USA,Hawaii,"Makapu'u Point, O'ahu",Hunting seashells,M,,,,Questionable,other,unknown
1899-10-12,1899,Unprovoked,LIBYA,Mediterranean Sea,Off Bengasi,Sponge diving,M,,Y,,,diving,unknown
1899-08-08,1899,Unprovoked,EGYPT,Mediterranean Sea,Port Said,Bathing,M,19.0,N,09h30,,swimming,unknown
1895-04-29,1895,Unprovoked,SOUTH AFRICA,Eastern Cape Province,Mzimvubu River,Crossing the river,M,28.0,Y,12h00,,other,unknown
1895-02-27,1895,Unprovoked,AUSTRALIA,New South Wales,Sydney Harbor,Swimming,M,14.0,Y,,,swimming,unknown
1893-06-22,1893,Unprovoked,NIGERIA,Bayelsa State,Mouth of the Nun River,A barque wrecked,M,,Y,,,other,unknown
1891-12-22,1891,Unprovoked,NEW ZEALAND,North Island,"Manukau Harbor, 6 miles south of Auckland","Swimming, after boat swamped",M,,N,,,swimming,unknown
1883-01-01,1883,Invalid,USA,South Carolina,"Bull’s Bay, near Charleston",,M,,,,Shark involvement prior to death unconfirmed,other,other shark
1883-01-01,1883,Unprovoked,USA,South Carolina,,,M,,Y,,a school of sharks,other,other shark
1882-01-01,1882,Unprovoked,USA,Florida,"In the bay near the naval yard at Pensacola, Escambia County",During an exhibition he was tied in sack & thrown overboard,M,,N,,,watercraft,unknown
1881-08-16,1881,Unprovoked,,Western Banks,,"Floating, holding onto an oar after dory capsized",M,20.0,Y,,,other,unknown
1880-08-08,1880,Unprovoked,MOZAMBIQUE,,,Swimming to retrieve a flannel,M,,Y,11h45,,swimming,unknown
1880-05-02,1880,Unprovoked,INDIA,West Bengal,(Calcutta?),Bathing in river,M,,Y,12h00,,swimming,unknown
1880-05-02,1880,Unprovoked,INDIA,West Bengal,"Panihati, 4 miles south of Barrackpore on the Hoogly River",Bathing,M,11.0,Y,10h00,,swimming,unknown
1875-01-20,1875,Invalid,AUSTRALIA,Queensland,Mary River,Bathing,M,,,,Shark involvement questionable,swimming,other shark
1874-07-15,1874,Unprovoked,USA,New York,Coney Island,Bathing,M,,N,Afternoon,68 shark,swimming,other shark
1869-04-15,1869,Unprovoked,AUSTRALIA,South Australia,Cape Elizabeth,Net fishing,M,,N,,"Tiger shark, 7'",fishing,tiger shark
1862-01-01,1862,Unprovoked,JAPAN,Bonin Islands,,Boat of a Hawaiian brig was stove in by  whale,M,,Y,,,watercraft,unknown
1853-04-29,1853,Unprovoked,GREECE,Corfu,,Swimming,M,,N,,234-lb shark,swimming,other shark
1852-12-19,1852,Invalid,AUSTRALIA,New South Wales,"Clark's Island, Sydney Harbor",Swimming,M,,,,Shark involvement prior to death unconfirmed,swimming,other shark
1852-10-09,1852,Unprovoked,AUSTRALIA,New South Wales,Coalcliff,Fell overboard,M,,Y,,,watercraft,unknown
1852-02-26,1852,Sea Disaster,SOUTH AFRICA,Western Cape Province,Danger Point,Wreck of the steamship Birkenhead,M,,Y,01h50,White sharks,other,white shark
1847-07-19,1847,Unprovoked,GREECE,Corfu,Off the harbor wall at Mandrakina,Swimming,M,19.0,Y,,,swimming,unknown
1801-12-18,1801,Provoked,,,,Standing on landed shark's tail,,,Y,,12' shark,swimming,other shark
1771-07-12,1771,Unprovoked,USA,,Damiscotte,Fishing,M,,Y,,,fishing,unknown
2023-07-03,2023,Unprovoked,USA,New York,"Beach 3, Robert Moses State Park, Suffolk County",Swimming,F,15.0,N,13h45,Sand tiger shark,swimming,other shark
2023-03-17,2023,Questionable,MEXICO,Quintana Roo,Cancún,Swimming,M,10.0,N,,Authorities report injury caused bya barracuda,swimming,other shark
2022-12-30,2022,Provoked,South Africa,KNZ,Protea Banks,Diving/Shark Feeding,M,26.0,N,09h00,Blacktip,diving,other shark
2022-07-16,2022,Unprovoked,USA,Florida,"Daytona Beach Shores, Volusia County",,F,40.0,N,13h12,A small shark,other,other shark
2022-07-01,2022,Unprovoked,EGYPT,"Hurghada, Red Sea Governorate",Sahl Hasheesh,Swimming,F,68.0,Y,,"Oceaniic whitetip shark/tiger shark, 2m shark",swimming,other shark
2022-01-06,2022,Unprovoked,USA,Florida,"Anna Maria Island, Manatee County",Wing Foil Surfing,F,42.0,N,14h45,Blacktip or spinner shark,surfing,other shark
,2021,Unprovoked,BRAZIL,São Paulo.,Boqueirão Beach,Playing,M,11.0,,12h00,dogfish,other,other shark
2021-07-10,2021,Unprovoked,USA,Florida,"Bathtub Beach, Martin County",Playing,F,9.0,N,16h39,"Spinner shark, 4'?",other,other shark
2021-01-21,2021,Unprovoked,AUSTRALIA,South Australia,Port MacDonnell,Snorkeling,M,32.0,Y,17h00,White shark,other,white shark
2020-05-26,2020,Unprovoked,SPAIN,Canary Islands,"Famara Beach, Lanzarote",Playing,M,9.0,N,,Angel shark,other,other shark
2019-07-06,2019,Provoked,MEXICO,Quinta Roo,Cabo Catoche,Fishing,M,,N,,,fishing,unknown
2019-06-05,2019,Unverified,AUSTRALIA,New South Wales,Lennox Head,Surfing,M,,N,13h00,,surfing,unknown
2019-04-21,2019,Unprovoked,USA,Florida,"Jacksonville Beach, Duval County",,M,25.0,N,17h30,,other,unknown
2018-12-18,2018,Unprovoked,MEXICO,Sonora,Southeast of Puerto Peñasco,Diving,M,35.0,Y,11h00,Tiger shark,diving,tiger shark
2018-10-11,2018,Unprovoked,USA,Florida,"Bethune Beach, Volusia County",Surfing,F,,N,Morning,Spinner shark,surfing,other shark
2018-09-28,2018,Unprovoked,AUSTRALIA,Northern Territory,Groote Eylandt,,M,17.0,N,Afternoon,Bull shark,other,bull shark
2018-09-08,2018,Unprovoked,USA,Hawaii,"Pounders Beach, Oahu",Stand-Up Paddleboarding,M,23.0,N,08h30,"Tiger shark, 10' to 12'",watercraft,tiger shark
2018-04-30,2018,Unprovoked,THAILAND,Hua Hin,Sai Noi Beach,Swimming,F,,N,,,swimming,unknown
2018-04-28,2018,Provoked,USA,Texas,Galveston Bay,Fishing,M,,N,,Sandtiger shark',fishing,other shark
2017-10-23,2017,Unprovoked,MAURITIUS,Pamplemousses,Le Goulet,Swimming,M,,N,Afternoon,,swimming,unknown
2017-10-22,2017,Unprovoked,AUSTRALIA,South Australia,Normanville,Kayaking / Fishing,F,15.0,N,Afternoon,"White shark, 4.5 m",fishing,white shark
2017-08-23,2017,Unprovoked,USA,Massachusetts,"Marconi Beach, Wellfleet, Barnstable County",SUP,M,69.0,N,10h00,"White shark, 5' to 7'",other,white shark
2017-01-24,2017,Unprovoked,BRAZIL,Pernambuco,"Boa Viagem, Recife",Swimming,M,21.0,N,13h20,,swimming,unknown
2016-07-20,2016,Provoked,AUSTRALIA,Queensland,"20 k off The Spit, off the Gold Coast",Fishing,M,31.0,N,After noon,"reef shark, 1m",fishing,other shark
2016-07-06,2016,Unprovoked,USA,Florida,"Melbourne Beach, Brevard County",Swimming,F,42.0,N,14h30 / 15h30,,swimming,unknown
2016-06-21,2016,Unprovoked,USA,South Carolina,"North Myrtle Beach, Horry County",Floating,M,42.0,N,15h25,3' to 5' shark,other,other shark
2016-03-30,2016,Unprovoked,AUSTRALIA,New South Wales,Bombo Beach,Surfing,M,22.0,N,19h00,,surfing,unknown
2015-10-09,2015,Unprovoked,USA,South Carolina,"Shipyard Beach Club, Hilton Head Island, Beaufort County",Boogie boarding,F,9.0,N,16h20,,watercraft,unknown
2015-09-17,2015,Unprovoked,USA,Florida,"Jacksonville Beach, Duval County",Surfing,M,20.0,N,15h00,,surfing,unknown
2015-08-20,2015,Unprovoked,USA,South Carolina,"Murrells Inlet, Georgetown County",Surfing,M,15.0,N,12h30,4' shark,surfing,other shark
2015-06-27,2015,Unprovoked,SOUTH AFRICA,Western Cape Province,Buffels Bay near Knysna,Body Boarding,M,19.0,N,14h40,White shark,watercraft,white shark
2015-04-03,2015,Unprovoked,USA,Florida,"3 miles off Jupiter, Palm Beach County",Spearfishing,M,70.0,N,Afternoon,Bull shark,fishing,bull shark
2015-01-19,2015,Watercraft,USA,Florida,Off Panama City,Fishing,M,,N,,White shark,fishing,white shark
2014-08-28,2014,Provoked,USA,Maryland,Assateague National Seashore,Fishing,M,33.0,N,,,fishing,unknown
2014-07-21,2014,Unprovoked,USA,Florida,"Indialantic, Brevard County",Standing,M,8.0,N,Early afternoon,,swimming,unknown
2012-12-28,2012,Unprovoked,AUSTRALIA,New South Wales,"Kylie's Beach, Diamond Head",Paddle boarding,M,29.0,N,10h45,"Bull shark, 2m",watercraft,bull shark
2012-08-06,2012,Unprovoked,REUNION,Saint Leu,,Surfing,M,39.0,N,17h17,Bull shark,surfing,bull shark
2012-07-19,2012,Invalid,CANADA,British Colombia,"Tofino, Vancouver",Surfing,F,23.0,,,"Salmon shark suspected, but unlikely",surfing,other shark
2012-03-05,2012,Unprovoked,REUNION,Saint-Benoit,Port de la Marine,Body boarding,M,31.0,N,14h30,,watercraft,unknown
2011-12-06,2011,Unprovoked,USA,Oregon,Seaside Cove,Surfing,F,,N,09h00,,surfing,unknown
2011-06-21,2011,Unprovoked,USA,Florida,"Perdido Key, Escambia County",Jet skiing,M,20.0,N,Afternoon,,watercraft,unknown
2011-05-21,2011,Unprovoked,SOUTH AFRICA,KwaZulu-Natal,Levan Point,Spearfishing,M,28.0,Y,Midday,Zambesi shark,fishing,other shark
2011-04-08,2011,Unprovoked,FIJI,Vitu Levu,"Malake Island, Ra Province",Diving,M,27.0,N,Afternoon,,diving,unknown
2010-11-27,2010,Unprovoked,SAMOA,,,Fishing,M,47.0,N,Morning,,fishing,unknown
2010-11-19,2010,Provoked,USA,Palmyra Atoll,,Snorkeling,M,33.0,N,13h30,,other,unknown
2010-09-03,2010,Unprovoked,USA,Florida,"New Smyrna Beach, Volusia County",Surfing,M,24.0,N,09h00,,surfing,unknown
2010-06-27,2010,Unprovoked,USA,Texas,"Eight Mile Beach, Galveston",Surfing,M,20.0,N,,"Bull shark, 5'",surfing,bull shark
2010-02-15,2010,Unprovoked,FIJI,Off Vanua Levu,Nara Reef,Scuba diving,M,19.0,Y,09h30,,diving,unknown
2010-02-04,2010,Invalid,GUAM,Merizo,Achang Reef,Spearfishing (free diving),M,31.0,,11h00,Invalid,fishing,unknown
2009-10-18,2009,Unprovoked,PANAMA,Bocas,Playa La Cabaña,Wading,F,10.0,N,18h30,,swimming,unknown
2009-07-18,2009,Unprovoked,VIETNAM,Binh Dinh Province,Quy Nhon,Swimming,M,57.0,N,,,swimming,unknown
2009-07-04,2009,Provoked,USA,Florida,"Biscayne National Park, Miami",Swimming,F,43.0,N,15j45,"Nurse shark, 6'",swimming,other shark
2008-11-24,2008,Unprovoked,ECUADOR,Galapagos Islands,Santa Cruz,,F,,N,,,other,unknown
2008-05-07,2008,Unprovoked,NEW CALEDONIA,North Province,Hienghène,Fishing,M,40.0,N,14h00,2 small bull sharks,fishing,other shark
2008-05-07,2008,Unprovoked,USA,Florida,"New Smyrna Beach, Volusia County",Wading,M,6.0,N,Just before noon,,swimming,unknown
2008-04-27,2008,Unprovoked,USA,Florida,"New Smyrna Beach, Volusia County",Surfing,M,24.0,N,10h30,,surfing,unknown
,2008,Provoked,USA,Florida,"Off Fort Pierce, St. Lucie County",Fishing for snapper,M,,N,,"Nurse shark, 10'",fishing,other shark
,2008,Unprovoked,MEXICO,Baja California,Playas de Tijuana,Surfing,M,26.0,N,,Possibly a hammerhead shark,surfing,other shark
2007-07-05,2007,Unprovoked,USA,Florida,"Ponce Inlet, Volusia County",Surfing,M,18.0,N,16h00,,surfing,unknown
2007-06-24,2007,Unprovoked,USA,Hawaii,"Silva's Channel, Mokuleia, O'ahu",Surfing,M,,N,07h05,Tiger shark,surfing,tiger shark
2007-02-03,2007,Unprovoked,AUSTRALIA,New South Wales,Shelly Beach,Boogie Boarding,M,26.0,N,08h00,,watercraft,unknown
2007-01-14,2007,Unprovoked,SOUTH AFRICA,Eastern Cape Province,"Second Beach, Port St. John's",Swimming / Body Surfing,M,24.0,Y,Afternoon,Tiger shark,surfing,tiger shark
2007-01-07,2007,Invalid,USA,New York,"Smith Point, Long Island",Surfing,M,54.0,,14h00,24 to 30 shark,surfing,other shark
2006-11-09,2006,Provoked,SOUTH AFRICA,Eastern Cape Province,"Nahoon, East London",Canoeing,M,,N,Afternoon,"Bull shark, 1.5m",other,bull shark
2006-04-21,2006,Unprovoked,USA,Florida,"Sebastian Inlet, Brevard County",Surfing,M,54.0,N,,,surfing,unknown
2006-01-25,2006,Unprovoked,SOUTH AFRICA,Eastern Cape Province,Coffee Bay,Spearfishing,M,34.0,N,14h00,,fishing,unknown
2005-12-11,2005,Unprovoked,AUSTRALIA,Queensland,St. Crispin Reef,Spearfishing,M,44.0,N,11h00,Whitetip reef shark,fishing,white shark
2005-06-22,2005,Unprovoked,VANUATU,Malampa Province,Atchin Island off Malakula,Swimming,F,7.0,Y,Afternoon,"On 8/13/2005 anglers from New Zealand caught a 2.8 m [9'3], 140-kg [309-lb] shark at the same spot. It was believed this was the same shark that killed Alysha",swimming,other shark
2005-05-14,2005,Watercraft,USA,Hawaii,"North Kihei, Maui",Kayaking,,,N,11h00,"Tiger shark, 8' to 9'",watercraft,tiger shark
2005-03-09,2005,Provoked,NEW ZEALAND,North Island,"Waiapu River mouth , East Cape",Fishing,M,,N,14h00,"Bronze whaler shark, 4.3 m [14']",fishing,other shark
2004-07-31,2004,Unprovoked,USA,Florida,"Cocoa  Beach, Brevard County",Surfing,F,20.0,N,13h00,,surfing,unknown
2004-04-04,2004,Invalid,USA,Hawaii,Velzyland,Surfing,F,22.0,,,Shark involvement prior to death was not confirmed,surfing,other shark
2004-02-21,2004,Unprovoked,AUSTRALIA,New South Wales,"Taree, Old Bar Beach",Swimming,M,,N,,,swimming,unknown
2003-04-20,2003,Unprovoked,USA,Florida,"New Smyrna Beach, Volusia County",Surfing,M,18.0,N,14h20,Unidentified species,surfing,unknown
2003-02-15,2003,Unprovoked,AUSTRALIA,South Australia,"Goolwa Beach, Fleurieu Peninsula",Wading,M,37.0,N,Dusk,a small shark,swimming,other shark
2002-08-05,2002,Unprovoked,USA,North Carolina,"Topsail Beach, Pender County",Standing,M,14.0,N,11h00,1.2 m to 1.5 m [4' to 5'] shark,swimming,other shark
2002-05-22,2002,Unprovoked,USA,Florida,"Atlantic Avenue, Palm Beach County",Playing in the surf with his 2 dogs,M,35.0,N,06h47,,surfing,unknown
2001-09-30,2001,Unprovoked,MEXICO,Guerrero,Ixtapa,Body surfing,M,26.0,N,Late morning,"Tiger shark, 1.8 m [6']",surfing,tiger shark
2001-08-16,2001,Unprovoked,BAHAMAS,Grand Bahama Island,"High Rock, 25 to 30 miles east of Freeport",Spearfishing,M,43.0,N,16h00,1.9 m [6.5'] bull shark,fishing,other shark
2000-06-29,2000,Watercraft,NEW ZEALAND,North Island,"Papamoa Beach, Bay of Plenty",Fishing,M,,N,,"Mako shark, 2 m [6.75']",fishing,other shark
1999-12-31,1999,Unprovoked,NEW ZEALAND,South Island,Oreti Beach,Surfing,M,15.0,N,,Sevengill shark,surfing,other shark
1999-11-23,1999,Unprovoked,USA,Hawaii,"Big Island off Kona Village Resort, North Kona",Swimming,F,51.0,N,17h20,"Tiger shark, 1.8 m to 2.4 m [6' to 8']",swimming,tiger shark
1999-07-06,1999,Unprovoked,USA,South Carolina,Charleston,,M,,N,,,other,unknown
1998-08-23,1998,Unprovoked,USA,Virginia,Virginia Beach,Spearfishing,M,,N,,"Dusky shark, 12'",fishing,other shark
1998-05-16,1998,Unprovoked,SOUTH AFRICA,Western Cape Province,Keurbooms,Body boarding,M,22.0,N,14h45,4 m [13'] white shark,watercraft,other shark
1997-08-14,1997,Invalid,MEXICO,Quintana Roo,"Santa Rosa, Cozumel",SCUBA diving,M,28.0,,,Shark involvement prior to death was not confirmed,diving,other shark
1997-07-14,1997,Unprovoked,USA,South Carolina,"Myrtle Beach, Horry County",Standing,M,50.0,N,Night,Blacktip shark,swimming,other shark
1996-11-29,1996,Unprovoked,USA,California,"Salmon Creek Beach, Sonoma County",Surfing,M,45.0,N,08h30,3 m to 5 m [10' to 16.5'] white shark,surfing,other shark
1996-09-18,1996,Unprovoked,USA,Florida,"New Smyrna Beach, Volusia County",Swimming,M,14.0,N,13h37,,swimming,unknown
1996-01-01,1996,Unprovoked,USA,North Carolina,,Surfing,M,,N,,Tiger shark,surfing,tiger shark
1995-09-13,1995,Unprovoked,USA,Florida,"Alligator Reef, off Islamorada, Monroe County",Scuba diving,M,25.0,Y,,3 m to 3.7 m [10' to 12'] bull shark,diving,other shark
1995-08-21,1995,Unprovoked,USA,North Carolina,Cape Lookout Bight,Diving,,,N,,Two 1.2 m to 1.5 m [4' to 5'] sharks,diving,other shark
1995-07-23,1995,Unprovoked,USA,Florida,"South Jetty, New Smyrna Beach, Volusia County",Body boarding,M,47.0,N,,,watercraft,unknown
1994-05-23,1994,Unprovoked,USA,Florida,"New Smyrna Beach, Volusia County",Wading,M,26.0,N,Afternoon,,swimming,unknown
1994-03-07,1994,Provoked,USA,California,,Removing shark from tank in nightclub,M,33.0,N,,"Lemon shark, 4'",other,other shark
1994-03-01,1994,Unprovoked,BRAZIL,Pernambuco,"Boa Viagem, Recife",Surfing,M,25.0,N,,2 m shark,surfing,other shark
1993-03-14,1993,Unprovoked,USA,Hawaii,"Paradise Bay (next to Wailua Bay), Maui",Paddling on surfboard,M,35.0,N,15h45,"Tiger shark, 3.7 m [12'], (tooth fragment recovered from wound)",surfing,tiger shark
1992-01-03,1992,Unprovoked,JAPAN,Ehime Prefecture,Matsuyama,,M,,N,,,other,unknown
1991-08-09,1991,Provoked,USA,Florida,Florida Bay,Fishing,M,,N,,"Lemon shark, 30-lb",fishing,other shark
1989-09-17,1989,Unprovoked,SOUTH AFRICA,Western Cape Province,"Smitswinkel, False Bay",Free diving,M,29.0,N,14h30,"White shark, identified by tooth pattern",diving,white shark
1989-07-27,1969,Invalid,BERMUDA,,,Scuba diving,M,35.0,,,Shark involvement suspected but not confirmed,diving,other shark
1988-03-31,1988,Unprovoked,USA,Florida,"Singer Island, Riviera Beach, Palm Beach County",Standing,F,30.0,N,,,swimming,unknown
1987-04-15,1987,Unprovoked,USA,Hawaii,"Kailua-Kona, Hawai'i",Swimming from shore to anchored sailboat,M,,Y,,,swimming,unknown
1986-09-01,1986,Unprovoked,USA,Florida,"Ormond Beach / Daytona Beach, Volusia County",Surfing,,,N,,,surfing,unknown
1986-03-05,1986,Unprovoked,SOUTH AFRICA,Eastern Cape Province,"The Fence, King's Beach, Port Elizabeth",Surfing,M,23.0,N,,2 m [6.75'] shark,surfing,other shark
1985-03-16,1985,Unprovoked,USA,Florida,"Palm Beach, Palm Beach County",Surfing,M,25.0,N,,,surfing,unknown
1984-06-03,1984,Unprovoked,USA,Hawaii,"Kane'ohe Bay, O'ahu",Towing her sister on plastic ski board,F,13.0,N,17h00,1.2 m to 1.5 m [4' to 5'] hammerhead shark,watercraft,other shark
1983-11-21,1983,Sea Disaster,PHILIPPINES,Central Philippines,,Ferry boat sank,M,,N,,.5 m shark,watercraft,other shark
1962-10-23,1982,Sea Disaster,USA,Carolina coast,,Yacht Trashman capsized in storm,,,,,,other,unknown
1982-02-27,1982,Unprovoked,USA,Florida,"Hobe Sound, Palm Beach County",Surfing,M,18.0,N,,4' to 5' shark,surfing,other shark
1981-10-16,1981,Unprovoked,USA,Florida,"Cocoa Beach, Brevard County",Surfing,M,17.0,N,,,surfing,unknown
1981-05-23,1981,Unprovoked,SOUTH KOREA,Chungnam,Wae-yeon Island,Shell diving,F,27.0,Y,12h30,6 m  white shark,diving,other shark
1980-07-23,1980,Unprovoked,USA,Delaware,Dewey Beach,Standing,F,22.0,N,Afternoon,4' to 8' shark,swimming,other shark
1977-05-26,1977,Watercraft,SOUTH AFRICA,Western Cape Province,13 km off Knysna,Fishing for yellowtail,M,,N,,"Mako shark, 2.3 m, 150-kg",fishing,other shark
1977-05-16,1977,Invalid,AUSTRALIA,Queensland,Southport,,M,,,,,other,unknown
1976-11-26,1976,Invalid,AUSTRALIA,Queensland,Southport Bar,,,,,,Shark involvement prior to death was not confirmed,other,other shark
1976-10-18,1976,Unprovoked,USA,California,"Moonstone Beach, Humboldt County",Surfing,M,25.0,N,14h30,"White shark, 3 m to 4 m [10' to 13']",surfing,white shark
1976-03-09,1976,Watercraft,SOUTH AFRICA,Western Cape Province,"2 km from Macassar, False Bay",,,,N,,White shark named “Spotty”,other,white shark
1976-01-13,1976,Provoked,SOUTH AFRICA,Western Cape Province,Hartenbos,Shark fishing,,,N,,4 m [13'] shark,fishing,other shark
1975-07-26,1975,Unprovoked,USA,Florida,"Off Hutchinson Island, St Lucie County",Free diving,M,24.0,N,,,diving,unknown
1975-05-25,1975,Unprovoked,USA,Florida,"New Smyrna Beach, Volusia County",Surfing,M,17.0,N,10h00,,surfing,unknown
1972-10-10,1972,Unprovoked,NEW ZEALAND,North Island,Wanganui,Swimming,M,17.0,N,,,swimming,unknown
1971-03-30,1971,Unprovoked,NEW ZEALAND,South Island,Dunedin,Surfing,M,16.0,N,10h20,"White shark, 4.6 m [15']",surfing,white shark
,1970,Unprovoked,SRI LANKA,Western Province,Colombo Harbor,Spearfishing / freediving,M,,N,,,fishing,unknown
1968-04-20,1968,Unprovoked,USA,Florida,"Palm Beach Shores, Riviera Beach, Singer Island, Palm Beach County",,M,10.0,N,12h30,2.7 m [9'] silky shark,other,other shark
1967-12-14,1967,Provoked,USA,,,,M,,N,,,other,unknown
1966-08-27,1966,Unprovoked,BAHAMAS,Bimini Islands,,Snorkeling,F,18.0,N,17h00,,other,unknown
,1966,Invalid,USA,Delaware,Fenwick Island,Spearfishing on Scuba,M,26.0,,17h00,Invalid,fishing,unknown
1965-06-19,1965,Invalid,USA,Florida,"In front of Key Biscayne Beach Club, Key Biscayne",Wading,M,6.0,,,Questionable incident,swimming,unknown
1964-10-04,1964,Unprovoked,AUSTRALIA,Western Australia,"Avalon Beach, near Mandurah, 50 miles south of Perth","Surfing, but swimming to his board",M,19.0,N,09h30,"Grey nurse shark, 1.8 m [6']",surfing,other shark
1963-12-20,1963,Unprovoked,SOUTH AFRICA,KwaZulu-Natal,Umvoti,Splashing in surf,M,15.0,Y,12h40,300- to 400-lb Zambesi shark,surfing,other shark
1963-02-06,1963,Unprovoked,MAURITIUS,Rodrigues,,,M,24.0,N,,,other,unknown
1962-09-02,1962,Unprovoked,ITALY,Tyrrhenian Sea,"Circeo, Secca del Quadro",Spearfishing with Scuba gear,M,28.0,Y,10h20,White shark,fishing,white shark
1962-03-24,1962,Unprovoked,PAPUA NEW GUINEA,Madang,Matukar village,Swimming,M,10.0,Y,Late afternoon,Possibly a bronze whaler shark,swimming,other shark
1961-09-23,1961,Unprovoked,MID ATLANTIC OCEAN,165  miles from Bermuda,,"Survived US Naval aircraft crash, climbing onboard rescue vessel when he fell back into sea",M,22.0,N,06h00,"Oceanic whitetip shar,; identified by Dr. W.C. Schoeder on photograph & Dr. L.P. L. Schultz on sketch by observer",watercraft,other shark
1961-06-18,1961,Unprovoked,USA,Florida,"Jensen Beach, Martin County",Standing,M,25.0,N,Afternoon,,swimming,unknown
1961-03-07,1961,Provoked,SOUTH AFRICA,KwaZulu-Natal,St. Lucia,Fishing,M,44.0,N,,"Zambesi shark, 4'9",fishing,other shark
1961-01-01,1961,Watercraft,AUSTRALIA,New South Wales,South coast,Fishing for mackerel,,,N,,,fishing,unknown
1960-12-24,1960,Unprovoked,SOUTH AFRICA,KwaZulu-Natal,Margate,Swimming,M,25.0,Y,16h30,"White shark, 3 m [10'], tooth fragment from wounds identified as that of a white shark",swimming,white shark
1960-11-27,1960,Unprovoked,AUSTRALIA,Queensland,"Black’s Beach, 9 miles north of Mackay",Swimming,M,41.0,N,14h45,3' shark,swimming,other shark
1959-12-01,1959,Sea Disaster,MALDIVE ISLANDS,400 miles southeast of Sri Lanka,,17 Maldivians adrift in open boat for 31 days,F,3.0,Y,,,diving,unknown
1959-08-05,1959,Invalid,USA,California,"Hermosa Beach, Los Angeles County",Wading,M,,,,Invalid,swimming,unknown
1958-11-23,1958,Unprovoked,AUSTRALIA,Queensland,Surfer's Paradise,Swimming,M,21.0,Y,15h15,12' shark,swimming,other shark
1958-01-01,1958,Provoked,SAMOA,South Pacific Ocean,North of Northeast Samoa,Placed hand in disemboweled shark’s jaws,,,N,,,other,unknown
1957-04-07,1957,Unprovoked,SOLOMON ISLANDS,Bougainville (North Solomons),Kieta,Diving from canoe,M,15.0,N,,,diving,unknown
1957-01-01,1957,Unprovoked,USA,Florida,"Fort Pierce, St. Lucie County",Bathing,,,N,,1.5 m [5'] shark,swimming,other shark
1956-10-20,1956,Unprovoked,PAPUA NEW GUINEA,Central Province,Kapakapa,"Spearfishing, holding 5' speared fish",M,,N,,3.7 m [12'] shark,fishing,other shark
1956-05-01,1956,Unprovoked,AUSTRALIA,Torres Strait,,Diving,,,N,,,diving,unknown
1956-02-26,1956,Unprovoked,AUSTRALIA,Queensland,Pioneer River near Mackay,Diving into water,M,15.0,Y,11h00,1.8 m [6'] shark,diving,other shark
1955-12-11,1955,Watercraft,USA,Florida,½ mile offshore & 9 miles north of Fort Pierce,Fishing for pompano,,,N,,,fishing,unknown
1955-02-06,1955,Unprovoked,USA,California,"Pacific Grove, Monterey County",Spearfishing,M,19.0,N,12h00,"White shark, 5 m to 6 m [16.5' to 20]",fishing,white shark
1954-09-21,1954,Unprovoked,USA,California,"La Jolla, San Diego County",Swimming,M,35.0,N,,1.5 m [5'] shark,swimming,other shark
1954-09-15,1954,Unprovoked,HONG KONG,,Junk Bay,Swimming,M,20.0,Y,,,swimming,unknown
1954-07-04,1954,Unprovoked,USA,Florida,Florida Keys,,,,N,,"Nurse shark, 2.5'",other,other shark
1954-07-01,1954,Invalid,CROATIA,,Pula,,M,,,,Shark involvement prior to death was not confirmed,other,other shark
1954-01-01,1954,Unprovoked,MARTINIQUE,,,,M,,N,,"Nurse shark, 1.8 m [6']",other,other shark
1950-02-18,1950,Unprovoked,AUSTRALIA,Western Australia,"Cottesloe, Perth",Spearfishing,M,,N,,small carpet shark,fishing,other shark
1950-01-01,1950,Unprovoked,SINGAPORE,Singapore Harbor,,Diving for coins,M,,Y,,,diving,unknown
1948-08-01,1948,Provoked,BAHAMAS,Bimini Islands,Lerner Marine Laboratory,Spearing a shark,M,41.0,N,,"Lemon shark, 4'",other,other shark
1947-02-06,1947,Provoked,BAHAMAS,New Providence Island,Cable Beach,Attempting to ride a shark,M,,N,,5' shark,other,other shark
1946-05-09,1946,Unprovoked,TANZANIA,Dar-es-Salaam,Dar-es-Salaam harbor,Swimming,M,,N,,,swimming,unknown
1945-09-06,1945,Unprovoked,IRAN,Shatt-al-Arab River,Bashamir,Swimming,M,13.0,N,,,swimming,unknown
,1942,Sea Disaster,SOUTHWEST PACIFIC OCEAN,,Southwestern Pacific Base,Adrift on life raft,M,,Y,,Tiger shark & others,other,tiger shark
1942-07-12,1942,Sea Disaster,ATLANTIC OCEAN,,,The SS Potlach was torpedoed & sunk by the U-153 on 27-Jun-1942.,M,32.0,Y,,,other,unknown
1942-06-01,1942,Unprovoked,,300 miles east of St. Thomas (Virgin Islands),,On life raft tethered to lifeboat. A seaman put hand over side to rinse a cup,M,,N,,,watercraft,unknown
1941-11-25,1941,Sea Disaster,SOUTH ATLANTIC OCEAN,"North of Pernambuco, Brazil",,British cruiser Dunedin torpedoed & sunk by the U-124,,,Y,,,other,unknown
1941-08-21,1941,Provoked,USA,New York,Montauk,Fishing,,,N,,,fishing,unknown
1940-12-20,1940,Unprovoked,SOUTH AFRICA,KwaZulu-Natal,"Inyoni Rocks, South Coast",Swimming,M,17.0,Y,10h00,,swimming,unknown
,1939,Watercraft,BAHAMAS,Andros Islands,Middle Bight,Fishing,,,N,,Tiger shark,fishing,tiger shark
1937-02-11,1937,Unprovoked,AUSTRALIA,New South Wales,Kempsey,Swimming ashore after launch capsized,M,,N,,,swimming,unknown
1936-08-11,1936,Provoked,CANADA,Newfoundland,Georges Bank,Fishing for cod,,,N,,"Shovelnose shark, 6 m [20']",fishing,other shark
1936-06-06,1936,Unprovoked,USA,Florida,"Boca Ciega Bay, Pinellas County",Swimming,M,,Y,,,swimming,unknown
1935-07-05,1935,Unprovoked,PANAMA,,off Culebra,"Fishing with dynamite, afterwards in water retrieving catch",M,14.0,Y,,,fishing,unknown
1934-10-08,1934,Provoked,BERMUDA,Hamilton,Hamilton Parish,Fishing,M,,N,Night,,fishing,unknown
1934-04-15,1934,Unprovoked,AUSTRALIA,Queensland,"Elephant Rock, Currumbin near Southport",Body surfing,M,34.0,N,09h30,,surfing,unknown
1932-01-01,1932,Unprovoked,SOUTH AFRICA,Eastern Cape Province,"Kowie River Mouth, Port Alfred",Collecting fish by lamplight in gully,M,23.0,N,After dusk,"Raggedtooth shark, 1.2 m to 1.5 m [4' to 5']",fishing,other shark
1931-08-30,1931,Invalid,USA,Hawaii,,,M,,,,Shark involvement prior to death unconfirmed,other,other shark
1931-06-04,1931,Unprovoked,USA,Florida,"Key West, Monroe County",Crabbing,M,,N,,6' shark,other,other shark
1929-01-06,1929,Watercraft,TURKEY,,San Stefano,Fishing boat,M,,Y,,,fishing,unknown
1927-05-29,1927,Sea Disaster,PHILIPPINES,Luzon Island,Bondoc Peninsula,Sea disaster,,,Y,,,other,unknown
1927-04-08,1927,Unprovoked,AUSTRALIA,Queensland,Near Thursday Island,Pearl diving,M,,N,,,diving,unknown
1926-10-29,1926,Unprovoked,PAPUA NEW GUINEA,Central Province,Roku Point,Jumped into the water,M,,Y,,,other,unknown
1925-11-01,1925,Unprovoked,USA,Puerto Rico,"Condado Beach, San Juan",,F,,N,,,other,unknown
1917-05-05,1917,Unprovoked,KUWAIT,,,Diving for pearls,M,,N,,,diving,unknown
1916-07-26,1916,Unprovoked,USA,North Carolina,"Atlantic, near New Bern, Craven County",Fishing,M,,N,,,fishing,unknown
1916-07-11,1916,Sea Disaster,BAHAMAS,,50 miles off Bahamas,S.S. Ramos foundered in a hurricane. Captain & 14 crew in water-logged lifeboats.,M,,Y,,,watercraft,unknown
1916-07-06,1916,Unprovoked,USA,New Jersey,"Spring Lake, Monmouth County",Swimming,M,,Y,Afternoon,Thought to involve a 2.6 m [8.5'] white shark,swimming,other shark
1913-12-30,1913,Provoked,USA,Florida,"Palm Beach, Palm Beach County",Fishing for mackerel,,,N,,13' shark,fishing,other shark
1913-09-21,1913,Unprovoked,USA,Florida,"West Palm Beach, Palm Beach County",,M,,N,,Said to involve a 2.4 m [8'] hammerhead shark,other,other shark
1913-01-01,1913,Unprovoked,REUNION,5aint-Denis,Barachois,Swimming,M,,Y,,,swimming,unknown
1912-02-03,1912,Unprovoked,NEW CALEDONIA,South Province,Noumea,Swimming,M,,N,,,swimming,unknown
1910-03-01,1910,Invalid,USA,Hawaii,"Pearl Harbor, O'ahu","Hard hat diving, laying some charge of powder",M,,,,Invalid,diving,unknown
1910-02-16,1910,Unprovoked,AUSTRALIA,Western Australia,Bunbury,Surf bathing,M,,N,Night,5.5' to 6' shark,surfing,other shark
1910-01-01,1910,Invalid,USA,Hawaii,"Hilo, Hawai'i","Fishing, thrown into water by heavy sea, clinging to rocks at the water line",M,,,,Shark involvement prior to death unconfirmed,fishing,other shark
1910-01-01,1910,Unprovoked,PHILIPPINES,Luzon Island,"Polinao Point, Manila",Swimming,M,,,,6 m [20'] shark,swimming,other shark
1907-08-08,1907,Unprovoked,USA,New Jersey,Lower Delaware Bay,Wading,M,,N,,,swimming,unknown
1907-07-04,1907,Invalid,AUSTRALIA,Queensland,Karra Garra,.,M,,,,Questionable,other,unknown
1905-12-29,1905,Invalid,AUSTRALIA,Western Australia,Geraldton,Bathing,M,,,,Shark involvement not confirmed,swimming,other shark
1905-01-01,1905,Watercraft,USA,North Carolina,"Cape Lookout, Carteret County",Harpooning turtles,,,N,,20' shark,other,other shark
1904-02-04,1904,Unprovoked,NEW ZEALAND,North Island,Waitara,Swimming,M,30.0,Y,,,swimming,unknown
1903-03-20,1903,Unprovoked,AUSTRALIA,New South Wales,Sydney,Suicide,M,,Y,,,other,unknown
1903-01-10,1903,Unprovoked,AUSTRALIA,New South Wales,"Lane Cove River, Sydney Harbor (Estuary)",,M,,Y,,Bull shark,other,bull shark
1902-07-15,1902,Provoked,ITALY,Liguria,"Galliera dock, Genoa",Fishing,M,,N,,,fishing,unknown
1901-12-01,1901,Unprovoked,AUSTRALIA,Queensland,Brisbane,Bathing,M,10.0,N,,,swimming,unknown
1900-07-31,1900,Unprovoked,CROATIA,Primorje-Gorski Kotar County,"Volosko, Opatija",Swimming,M,,Y,,,swimming,unknown
1899-12-18,1899,Unprovoked,AUSTRALIA,Queensland,Tingalpa Creek,Fell into the water,M,,N,Afternoon,,other,unknown
1898-01-01,1898,Unprovoked,USA,South Carolina,Ramshorn Creek,Fishing (Seining),M,15.0,N,,White shark,fishing,white shark
1896-01-01,1896,Unprovoked,USA,Florida,,Swimming ashore from a filibuster,M,,Y,,,swimming,unknown
1895-09-14,1895,Unprovoked,YEMEN,Aden,,Diving for coins,M,,Y,,,diving,unknown
1893-05-17,1893,Unprovoked,CUBA,Havana Province,Havana Harbor,His balloon crashed in the harbor,M,,Y,16h00,,other,unknown
1893-01-30,1893,Unprovoked,NEW ZEALAND,South Island?,Downs River,Bathing,M,,Y,,,swimming,unknown
1892-03-25,1892,Unprovoked,PACIFIC OCEAN,,,a canoe was pursuing a schooner that had forcibily abducted 5 young girls,M,,Y,,,other,unknown
1888-02-01,1888,Unprovoked,SOUTH AFRICA,Eastern Cape Province,Mzimvubu River mouth,Crossing the river mouth,M,,Y,,,other,unknown
1887-12-04,1887,Unprovoked,AUSTRALIA,New South Wales,"Ryde, Sydney (Estuary)",,M,,Y,11h30,12' to 14' shark,other,other shark
1886-04-11,1886,Invalid,NEW ZEALAND,South Island,Near the mouth of the Clarence River,Sea disaster : Wreck of the Taiaroa,M,,,,Shark involvement prior to death unconfirmed,other,other shark
1883-12-18,1883,Unprovoked,USA,Texas,Brazos,Knocked overboard,M,,Y,,,watercraft,unknown
1882-11-12,1882,Unprovoked,NEW ZEALAND,North Island,"Tararu, Thames",Bathing,M,,N,Morning,,swimming,unknown
,1880,Invalid,SYRIA,,,Diving for sponges,M,,,,Shark involvement prior to death unconfirmed,diving,other shark
1878-11-17,1878,Unprovoked,AUSTRALIA,New South Wales,"Lane Cove River, Sydney Harbor",Bathing,M,,N,,a small shark,swimming,other shark
1878-10-13,1878,Unprovoked,,,,Jumped overboard after murdering 2 shipmates,M,,Y,,,watercraft,unknown
1878-02-13,1878,Sea Disaster,SOUTH AFRICA,Western Cape Province,Olifantbos Point,Wreck of the Union Steamship Company 982-ton iron steamer Kafir,M,,Y,,,other,unknown
1876-02-06,1876,Unprovoked,AUSTRALIA,Victoria,Albert Park in Port Phillip Bay,Bathing,M,,Y,,,swimming,unknown
1876-01-01,1876,Unprovoked,AUSTRALIA,Western Australia,Between De Grey River and Port Walcott,Pearl diving,M,,N,,,diving,unknown
1874-06-15,1874,Unprovoked,,,,Salvaging a shipwreck,M,,N,,,other,unknown
1874-04-20,1874,Watercraft,CANADA,Newfoundland,St. Pierre Bank,Fishing,M,,N,,White shark,fishing,white shark
1870-05-18,1870,Unprovoked,INDIA,"22ºN, 88ºE","Hatkolah, Ghat,",Bathing,M,39.0,N,,,swimming,unknown
1865-09-02,1865,Unprovoked,USA,New York,"Greenport Sound, Long Island",Swimming alongside the schooner Catherine Wilcox,M,17.0,N,09h00,,swimming,unknown
1856-11-20,1856,Unprovoked,,,,Swimming,M,22.0,Y,,,swimming,unknown
1856-06-21,1856,Unprovoked,ENGLAND,Isle of Wight,Colwell Bay,Swimming,M,,Y,,,swimming,unknown
1852-05-24,1852,Unprovoked,SOUTH AFRICA,KwaZulu-Natal,Durban Bay,Swimming from capsized boat,M,,Y,,,swimming,unknown
1849-06-08,1849,Unprovoked,USA,Florida,"Pensacola, Escambia County",Bathing,F,,Y,,,swimming,unknown
1846-12-08,1846,Sea Disaster,MEXICO,Veracruz,Vera Cruz,Wreck of the USS Somers,M,,Y,,,other,unknown
,1839,Unprovoked,FIJI,Viti Levu Island,Rewa,,M,29.0,N,,,other,unknown
1830-07-26,1830,Unprovoked,USA,Massachusetts,"Swampscott, Essex County","Fishing from dory, shark upset boat & he fell into the water",M,52.0,Y,,,fishing,unknown
1784-12-12,1784,Unprovoked,JAMAICA,,Kingston,Swimming,M,,Y,22h00,,swimming,unknown
1749-01-01,1749,Unprovoked,CUBA,Havana Province,Havana Harbor,Swimming,M,14.0,N,,,swimming,unknown
,1500,Unprovoked,MEXICO,,,,M,,N,,,other,unknown
2023-04-09,2023,Unprovoked,USA,Hawaii,"Kewalos, Oahu",Surfing,M,58.0,N,07h00,Tiger shark,surfing,tiger shark
2023-03-06,2023,Unprovoked,BRAZIL,Pernambuco,Piedade Beach,Swimming,F,15.0,N,14h20,,swimming,unknown
2022-08-10,2022,Unprovoked,USA,California,"Lovers Point, Pacific Grove, Monterey County",Paddleboarding,M,,N,11h30,,watercraft,unknown
2022-07-07,2022,Unprovoked,USA,New York,"Ocean Beach, Long Island",Lifeguard Training Exercise,M,17.0,N,11hoo,,other,unknown
2022-06-21,2022,Unprovoked,USA,South Carolina,"Myrtle Beach, Horry County",,M,,N,,,other,unknown
2022-01-22,2022,Unprovoked,AUSTRALIA,Western Australia,Whalers Beach,Snorkeling,M,,N,,Wobbegong shark,other,other shark
2021-07-27,2021,Provoked,AUSTRALIA,Western Australia,Varanus Island,Fishing,M,34.0,N,20h30,"Sickelfin lemon shark, 3m",fishing,other shark
2021-07-23,2021,Provoked,THAILAND,Chanthaburi Province,Kung Krabaenbay Royal Département Study Center,Moving captive shark,M,55.0,N,,"Bull shark, +100kg",other,bull shark
2021-04-24,2021,Unprovoked,NEW CALEDONIA,,Nouville,Stand Up Paddleboarding,M,53.0,Y,,,watercraft,unknown
2020-12-30,2020,Unprovoked,USA,California,"Coronado, San Diego County",Swimming,M,,N,Afternoon,White shark,swimming,white shark
2019-10-27,2019,Provoked,USA,Florida,"New Smyrna Beach, Volusia County",Surfing,M,32.0,N,12h45,4' to 5' shark,surfing,other shark
2019-05-14,2019,Unprovoked,AUSTRALIA,Queensland,Yandaran Beach,Body Surfing,M,53.0,N,16h21,,surfing,unknown
2019-02-14,2019,Unprovoked,BRAZIL,Fernando de Noronha,Cacimba do Padre,Surfing,M,31.0,N,17h30,Lemon shark,surfing,other shark
2018-11-24,2018,Unprovoked,USA,Florida,"Juno Beach, Palm Beach County",Surfing,M,48.0,N,17h00,,surfing,unknown
2018-08-20,2018,Unprovoked,BAHAMAS,Abaco Islands,Carter's Cay,Spearfishing,M,29.0,N,,Reef shark,fishing,other shark
2018-08-03,2018,Unprovoked,EGYPT,,Marsa Alam,Snorkeling,M,42.0,Y,15h00,Tiger shark,other,tiger shark
2018-05-09,2018,Questionable,AUSTRALIA,New South Wales,"Sharpes Beach, Ballina",Surfing,M,,N,10h30,Shark involvement not confirmed,surfing,other shark
2018-02-01,2018,Invalid,AUSTRALIA,Western Australia,"Avalon Point, Manurah",Spearfishing,M,14.0,N,,2m shark,fishing,other shark
2017-09-25,2017,Unprovoked,USA,Florida,"Hanna Park, Jacksonville, Duval County",Surfing,M,,N,Morning,5' shark,surfing,other shark
2017-08-01,2017,Watercraft,USA,California,"Between Pescadero Point & Bean Hollow Beach, San Mateo County",Fishing,M,,N,10h45,"White shark, 10'",fishing,white shark
2017-07-20,2017,Invalid,USA,South Carolina,"Hilton Head Island, Beaufort County",Swimming,F,8.0,,,Shark involvement not confirmed,swimming,other shark
2017-04-05,2017,Unprovoked,USA,Florida,"New Smyrna Beach, Volusia County",Swimming,F,51.0,N,13h00,,swimming,unknown
2016-10-21,2016,Unprovoked,USA,Hawaii,"Hooipa Beach Park, Maui",Surfing,M,36.0,N,17h00,6' to 8' shark,surfing,other shark
2016-09-18,2016,Unprovoked,USA,Florida,"New Smyrna Beach, Volusia County",Surfing,M,16.0,N,13h00,,surfing,unknown
2016-09-17,2016,Unprovoked,AUSTRALIA,Victoria,Thirteenth Beach,Surfing,M,,N,,,surfing,unknown
2016-04-13,2016,Unprovoked,USA,Florida,"Off Singer Island, Palm Beach County",Spearfishing,M,26.0,N,,"Bull shark, 7'",fishing,bull shark
2016-03-10,2016,Unprovoked,Fiji,Vanua Levu,Dawara,Diving for beche-de-mer,M,45.0,Y,Afternoon,,diving,unknown
2015-10-19,2015,Unprovoked,USA,Florida,"Deerfield Beach, Broward County",Surfing,M,21.0,N,13h50,"Spinner shark, 5'",surfing,other shark
2015-10-17,2015,Invalid,USA,Hawaii,"Waikiki,",Surfing,M,32.0,,19h20,No shark involvement,surfing,other shark
2015-09-20,2015,Unprovoked,USA,Florida,"Vilano Beach, St.  Johns County",Photographing fish,M,16.0,N,07h30,,fishing,unknown
2015-08-10,2015,Provoked,USA,California,Cortes Bank,Spearfishing,M,57.0,N,08h00,Hammerhead shark. 6' to 7',fishing,other shark
2015-06-26,2015,Invalid,USA,Florida,"Jacksonville Beach, Duval County",Swimming,F,,,19h30,Shark involvement not confirmed,swimming,other shark
2015-06-19,2015,Unprovoked,PUERTO RICO,,Off Cabo Rojo,Spearfishing,M,36.0,N,Morning,,fishing,unknown
2015-05-15,2015,Unprovoked,USA,South Carolina,Sullivan's Island,,M,30.0,N,14h15,6' shark,other,other shark
2015-04-11,2015,Unprovoked,AUSTRALIA,New South Wales,McKenzies Beach,Paddle boarding,M,,N,07h30,,watercraft,unknown
2015-03-29,2015,Invalid,ITALY,Sardinia,,Diving,M,43.0,,,Shark involvement not cofirmed,diving,other shark
2015-01-17,2015,Watercraft,AUSTRALIA,New South Wales,Off Blacksmith Beach,Fishing,M,,N,13h45,5 m shark,fishing,other shark
2014-07-12,2014,Unprovoked,USA,North Carolina,"Masonboro Island, New Hanover County",Body surfing,M,,N,,,surfing,unknown
2014-05-13,2014,Unprovoked,USA,Florida,"Jacksonville Beach, Duval County",Wading,F,44.0,N,11h00,,swimming,unknown
2013-02-27,2013,Unprovoked,NEW ZEALAND,North Island,Muriwai,Swimming,M,46.0,Y,13h24,"White shark, 4m",swimming,white shark
2012-12-05,2012,Unprovoked,USA,Hawaii,Kauai,Surfing,M,60.0,N,13h20,10' shark,surfing,other shark
2012-07-21,2012,Invalid,TRINIDAD & TOBAGO,Trinidad,"Off Radix Village, Mayoro County",Swimming,M,24.0,,,,swimming,unknown
2013-04-01,2012,Unprovoked,USA,Florida,"Sanibel Island, Lee County",,M,,N,,a small shark,other,other shark
2012-03-04,2012,Unprovoked,USA,Florida,"Playalinda Beach, Brevard County",Kite Surfing,M,19.0,N,13h00,4' shark,surfing,other shark
2011-09-16,2011,Unprovoked,USA,Florida,New Smyrna Beach,Surfing,M,25.0,N,11h00,4' to 6' shark,surfing,other shark
2011-09-02,2011,Unprovoked,USA,Florida,"New Smyrna Beach, Volusia County",Surfing,M,19.0,N,11h00,"6' shark, possibly a blactip or spinner shark",surfing,other shark
2011-06-19,2011,Unprovoked,TURKS & CAICOS,Caicos Bank,French Cay,Spearfishing,M,35.0,N,,5' shark,fishing,other shark
2010-07-16,2010,Unprovoked,USA,Texas,Galveston,Fishing,M,,N,,,fishing,unknown
2010-02-06,2010,Provoked,NEW ZEALAND,South Island,Cosy Nook,Spearfishing,M,,N,,2 m to 3 m shark,fishing,other shark
2010-01-22,2010,Unprovoked,AUSTRALIA,Victoria,Geelong,Surfing,M,,N,07h30,,surfing,unknown
2009-12-13,2009,Unprovoked,AUSTRALIA,New South Wales,Coffee Head,Surfing,M,39.0,N,07h00,,surfing,unknown
2009-11-24,2009,Unprovoked,USA,Florida,"Lori Wilson Park, Cocoa Beach, Brevard County",Wading,M,10.0,N,Morning,6' shark,swimming,other shark
2009-06-27,2009,Unprovoked,AUSTRALIA,New South Wales,"Seven Mile Beach, Gerroa",Surfing,M,52.0,N,08h45,"Thought to involve a Bronze whale shark, 2m",surfing,other shark
2009-04-12,2009,Unprovoked,AUSTRALIA,New South Wales,Fingal Bay,Surf skiing,M,40.0,N,08h00,2' to 3' shark,surfing,other shark
2008-12-20,2008,Watercraft,USA,California,"Dillon Beach, Marin County",Kayaking,M,,N,15h00,White shark,watercraft,white shark
2008-09-01,2008,Unprovoked,USA,Florida,"New Smyrna Beach, Volusia County",Surfing,M,52.0,N,10h00,4' shark,surfing,other shark
2008-07-09,2008,Unprovoked,USA,North Carolina,"Emerald Isle, Carteret County",Swimming,F,14.0,N,19h30,,swimming,unknown
2008-06-21,2008,Watercraft,USA,California,"West Cove, Catalina Island",Kayaking,F,40.0,N,09h00,"White shark, 15'",watercraft,white shark
2008-06-01,2008,Unprovoked,USA,South Carolina,Cherry Grove,Body surfing,F,15.0,N,18h30,5' shark,surfing,other shark
2008-04-03,2008,Unprovoked,USA,Florida,"South of Ponce de Leon Jetty, New Smyrna Beach, Volusia County",Walking out of the water after surfing,M,18.0,N,12h00,,surfing,unknown
2007-12-14,2007,Invalid,AUSTRALIA,New South Wales,Bondi,Swimming,M,34.0,,20h30,Not a shark attack; it was a hoax,swimming,other shark
2007-10-07,2007,Unprovoked,USA,California,"Venice Pier, Venice, Los Angeles County",Surfing,M,22.0,N,20h30,3' to 4' shark,surfing,other shark
2007-09-30,2007,Unprovoked,USA,California,"Santa Monica, Los Angeles County",Surfing,M,,N,11h30,,surfing,unknown
2007-07-29,2007,Unprovoked,USA,Florida,"Ponce Inlet, Volusia County",Surfing,M,51.0,N,Afternoon,,surfing,unknown
2007-05-04,2007,Sea Disaster,TURKS & CAICOS,Providenciales,,Sea Disaster,,,Y,,,other,unknown
2006-08-13,2006,Unprovoked,SOUTH AFRICA,Western Cape Province,"Sunrise Beach, Muizenberg",Lifesaving drill,M,24.0,N,11h00,White shark,other,white shark
2006-07-31,2006,Unprovoked,USA,Oregon,Oswald State Park,Surfing,M,41.0,N,16h00,White shark?,surfing,white shark
2006-01-23,2006,Watercraft,ATLANTIC OCEAN,800 miles from land,,Competing in the Woodvale Atlantic Rowing Race,F,,N,,,other,unknown
2006-01-11,2006,Invalid,BAHAMAS,Grand Bahama Island,Sandy Cay,Diving for lobsters,M,,,Morning,Invalid,diving,unknown
2005-11-25,2005,Unprovoked,AUSTRALIA,Victoria,Flinders,Surfing,M,18.0,N,18h00,1.8 m shark,surfing,other shark
2005-09-05,2005,Unprovoked,USA,North Carolina,"North Topsail Beach, Onslow County",Wading,F,18.0,N,15h20,Bull shark,swimming,bull shark
2005-07-22,2005,Invalid,USA,Florida,"Quarter mile south of Ponce de Leon Inlet, Volusia County",Surfing,M,25.0,,11h15,Shark involvement not confirmed,surfing,other shark
2005-06-05,2005,Invalid,USA,New Jersey,"Surf City, Long Beach Island, Ocean County",Surfing,M,17.0,,11h00,"Mr. Burgess of ISAF announced the injury was the bite of a 1.8 m [6'], 2- to 3-year old white shark. Subsequent investigation revealed there was  no shark involvement in this incident",surfing,other shark
2005-04-06,2005,Invalid,HONDURAS,Bay Islands,Utila,SCUBA Diving,F,,,,Shark involvement not confirmed,diving,other shark
2005-03-27,2005,Unprovoked,AUSTRALIA,New South Wales,,Surfing,M,,N,,,surfing,unknown
2004-10-21,2004,Unprovoked,AUSTRALIA,New South Wales,Stockton Beach,Surfing,M,59.0,N,Afternoon,"Bronze whaler shark, 2.4 m [8']",surfing,other shark
2004-07-10,2004,Unprovoked,AUSTRALIA,Western Australia,"Lefthanders Beach, Margaret River",Surfing,M,30.0,Y,14h10,"2 sharks, 4.5 m & 3 m",surfing,other shark
2004-06-26,2004,Invalid,AUSTRALIA,Western Australia,Floreat Beach,Crayfishing,M,,,,Invalid,fishing,unknown
2004-02-14,2004,Unprovoked,EGYPT,,"Coral Bay, Sharm-el-Sheikh",Snorkeling,M,,Y,,,other,unknown
2003-06-24,2003,Unprovoked,USA,Florida,"Cocoa Beach, Brevard County",Standing,F,12.0,N,Afternoon,“small brown shark”,swimming,other shark
2003-04-20,2003,Unprovoked,USA,Florida,"Playalinda Beach, Brevard County",Surfing,M,30.0,N,Afternoon,Unidentified species,surfing,unknown
2002-05-31,2002,Unprovoked,USA,California,"Stinson Beach, Marin County",Surfing,M,24.0,N,14h15,3.7 m to 4.3 m [12' to 14'] white shark,surfing,other shark
2002-04-02,2002,Unprovoked,USA,Florida,"New Smyrna Beach, Volusia County",Wading,M,41.0,N,15h00,3'  shark,swimming,other shark
2000-12-12,2000,Unprovoked,FIJI,Taveuni,Garden Island Resort,Swimming back from anchored sailboat,M,47.0,Y,14h30,6 m [20'] shark,swimming,other shark
2000-10-20,2000,Unprovoked,USA,Florida,"Fort Pierce Inlet State Park, St Lucie County",Surfing,M,23.0,N,18h00,,surfing,unknown
2000-02-03,2000,Unprovoked,NEW ZEALAND,South Island,Oreti Beach (reported as the 4th person bitten in NZ in 2000),Surfing,M,12.0,N,,,surfing,unknown
1999-11-06,1999,Unprovoked,BRAZIL,Rio de Janeiro,"Rio de Janeiro, Guanabara Bay","Spearfishing, but swimming at surface",M,39.0,N,10h30,1.3 to 1.6 m shark,surfing,other shark
1999-10-20,1999,Unprovoked,USA,Florida,"Pet Den, Satellite Beach, Brevard County",Surfing,M,,N,Noon,"Lemon shark, 2.7 m [9']",surfing,other shark
1999-08-24,1999,Unprovoked,USA,North Carolina,"Fort Fisher, New Hanover County",Surfing,M,,N,,,surfing,unknown
1999-07-15,1999,Unprovoked,SOUTH AFRICA,Western Cape Province,Buffels Bay (near Knysna),Boogie boarding,M,14.0,Y,11h15,White shark,watercraft,white shark
1999-02-03,1999,Unprovoked,USA,Florida,"Hobe Sound, Martin County",Surfing,M,25.0,N,15h30,Spinner shark,surfing,other shark
1998-11-02,1998,Unprovoked,BRAZIL,Pernambuco,"Boa Viagem Beach, Recife",Surfing,M,22.0,Y,Late afternoon,Though to involve a white shark,surfing,other shark
1997-11-09,1997,Unprovoked,AUSTRALIA,Western Australia,Albany,Scuba diving (submerged riding a scooter),M,42.0,N,Morning,White shark,diving,white shark
1996-12-01,1996,Unprovoked,NEW CALEDONIA,South Province,L'llot Maetre,Attempting to attract dolphins,F,,N,,,other,unknown
1996-08-13,1996,Unprovoked,USA,California,"Bird Rock, Tomales Point",Free diving for abalone,M,36.0,N,11h15,6 m [20'] white shark,diving,other shark
1996-02-04,1996,Unprovoked,AUSTRALIA,New South Wales,"Ned's Beach, Lord Howe Island",Swimming,M,7.0,N,Afternoon,reef shark,swimming,other shark
1995-12-18,1995,Unprovoked,USA,Hawaii,Southwest of O'ahu,,M,,,,,other,unknown
1994-12-13,1994,Unprovoked,BRAZIL,Pernambuco,Piedade,Surfing,M,,N,,,surfing,unknown
1994-09-05,1994,Unprovoked,USA,Hawaii,Makaha Surf Beach,Jumped off rocks into white water,F,12.0,N,11h15,Small shark,other,other shark
1994-02-01,1994,Unprovoked,NEW CALEDONIA,South Province,Cap Goulvain,Fishing,,,Y,,,fishing,unknown
1993-02-04,1993,Provoked,AUSTRALIA,Queensland,Mooloolaba,Fishing,M,69.0,N,13h45,"Bronze whaler shark, 1.5 m",fishing,other shark
1992-08-01,1992,Invalid,USA,Florida,St. Lucie County,Fisherman,M,,,,Questionable incident,fishing,unknown
1992-02-19,1992,Unprovoked,USA,Hawaii,"Leftovers, near Waimea Bay, O'ahu",Body boarding,M,,Y,Late afternoon,Tiger shark?,watercraft,tiger shark
1992-01-01,1992,Unprovoked,FIJI,Tavenui,,,M,33.0,Y,,,other,unknown
1990-10-25,1990,Unprovoked,AUSTRALIA,South Australia,Goolwa Beach,Surfing,M,,N,10h30,,surfing,unknown
1990-02-05,1990,Unprovoked,USA,Florida,"Monster Hole, Sebastian Inlet, Indian River County",Board sailing,M,33.0,N,,,watercraft,unknown
1989-12-03,1989,Unprovoked,AUSTRALIA,Northern Territory,Gove Peninsula near Darwin,,M,17.0,,,"Tiger shark, 2m",other,tiger shark
1989-09-13,1989,Provoked,USA,Florida,"Gulf of Mexico, 22 miles from Pensacola","Fishing, stepped on hooked shark's head",M,51.0,N,Afternoon,150-lb shark,fishing,other shark
1989-01-01,1989,Unprovoked,PAPUA NEW GUINEA,New Ireland,Kavieng,"Scuba diving, hand feeding sharks",F,,N,,7' silvertip shark,diving,other shark
1988-10-14,1988,Unprovoked,USA,Florida,"Boca Raton, Palm Beach County",Surfing,M,15.0,N,,6' shark,surfing,other shark
1988-10-06,1988,Unprovoked,AUSTRALIA,South Australia,Moama Beach,Surfing,M,15.0,N,Afternoon,,surfing,unknown
1988-08-22,1988,Provoked,USA,Louisiana,New Orleans,Diving in Sharkey's Reef restaurant’s aquarium,M,,N,,"Tiger shark, 1.8 m [6']",diving,tiger shark
1988-07-11,1988,Unprovoked,USA,Florida,"Jensen Beach, Martin County",Swimming,F,15.0,N,10h30,,swimming,unknown
1988-07-04,1988,Unprovoked,BAHAMAS,,,Snorkeling,M,,N,,1.5 m [5'] shark,other,other shark
1988-04-24,1988,Unprovoked,USA,California,"North of Morro Rock, San Luis Obispo County",Surfing,M,,N,,White shark,surfing,white shark
1986-05-18,1986,Unprovoked,AUSTRALIA,New South Wales,"North Head, Sydney Harbour",Scuba diving,M,,N,,Wobbegong shark,diving,other shark
1984-11-30,1984,Unprovoked,AUSTRALIA,Queensland,1 km off Black's Beach,Sailing on catamaran & fell into the water,M,16.0,Y,12h33,"Tiger shark, 4 m",other,tiger shark
1983-08-06,1983,Watercraft,USA,Rhode Island,,Fishing,,,N,,,fishing,unknown
1982-02-28,1982,Unprovoked,AUSTRALIA,Tasmania,South Cape Bay,Spearfishing,M,32.0,Y,,5.5 m [18''] white shark,fishing,other shark
1982-01-01,1982,Unprovoked,TUNISIA,Biserta,Bechateur,Spearfishing,,,,,,fishing,unknown
1981-08-07,1981,Unprovoked,BAHAMAS,Grand Bahama Island,"Gingerbread Reef, east of Little Isaac Island",Snorkeling on surface,M,53.0,N,12h00,Mako shark (tooth fragments recovered),surfing,other shark
1978-11-26,1978,Unprovoked,USA,Hawaii,"Ewa, O'ahu",Surfing,M,,N,,2.4 m [8'] shark,surfing,other shark
1978-01-07,1978,Unprovoked,SOUTH AFRICA,KwaZulu-Natal,Glenashley,Surfing,M,17.0,N,12h45,Thought to involve a blacktip shark,surfing,other shark
1977-12-31,1977,Sea Disaster,USA,Hawaii,2 miles off Keahole Airport,"Swimming, after single-engine aircraft went down in the sea",M,49.0,N,Night,,swimming,unknown
1977-03-13,1977,Sea Disaster,AUSTRALIA,Queensland,Near Moreton Island in Moreton Bay,"Their 9 m launch was run down by a 25,000-ton Japanese freighter  on the night of 3-11-1977 & they drifted, clinging to an icebox for 2 days",M,32.0,N,,,other,unknown
1976-07-24,1976,Unprovoked,USA,Florida,St. Lucie County,Spearfishing,M,24.0,N,10h30,,fishing,unknown
1974-09-07,1974,Unprovoked,ISRAEL,Red Sea,"North Beach, Eilat",Swimming,F,20.0,N,17h00,"Shortfin mako shark, 2.3 m [7.5']",swimming,other shark
1973-08-27,1973,Unprovoked,AUSTRALIA,Queensland,Palm Cove Beach,,,21.0,,,,other,unknown
1971-06-01,1971,Unprovoked,BRITISH ISLES,South Devon,Beesands,Scuba diving,M,32.0,N,,3.6 m  porbeagle shark,diving,other shark
1970-09-01,1970,Unprovoked,USA,Florida,Pinellas County,Scuba diving,M,,N,,,diving,unknown
1970-06-13,1970,Unprovoked,GRENADA,St. Andrew Parish,Grenville,Wading,M,16.0,Y,14h00,,swimming,unknown
,1970,Unprovoked,IRAQ,Basrah,Shatt-al-Arab River near Abu al Khasib,Washing clothes on stairs,F,25.0,N,,,other,unknown
1969-06-01,1969,Unprovoked,USA,Florida,Sarasota County,Wading,M,8.0,N,20h00,,swimming,unknown
1969-05-24,1969,Provoked,USA,Florida,Sarasota County,Diving,M,23.0,N,11h00,Nurse shark,diving,other shark
1969-04-22,1969,Invalid,AUSTRALIA,New South Wales,"Kingscliffe Beach, south of Tweed Heads",Netting pilchards,M,,,,Considered a Doubtful incident,other,other shark
1969-03-09,1969,Unprovoked,USA,Hawaii,"Makaha, O'ahu",Surfing,M,16.0,N,17h30,"White shark, identified by tooth fragments in surfboard",surfing,white shark
1968-11-06,1968,Watercraft,SOUTH AFRICA,KwaZulu-Natal,Ramsgate,Fishing,M,22.0,N,,90-kg blackfin shark,fishing,other shark
1966-05-20,1966,Sea Disaster,AUSTRALIA,,7 miles offshore on east coast of Australia,Shipwreck,M,38.0,Y,Dark,Believed white shark and other smaller species of sharks involved.,other,other shark
1965-10-16,1965,Unprovoked,BAHAMAS,New Providence Island,Nassau,Sunbathing on beach when he saw child being attacked by the shark,M,32.0,N,,"1.8 m [6'], 180-lb shark",swimming,other shark
1964-12-10,1964,Unprovoked,PAPUA NEW GUINEA,Bougainville (North Solomons),Buka Island,,M,,N,,,other,unknown
1964-08-08,1964,Unprovoked,USA,Florida,"2 miles off Jupiter, Palm Beach County",Spearfishing using scuba,M,28.0,N,12h00,Hammerhead shark,fishing,other shark
1964-08-01,1964,Unprovoked,PANAMA,San Blas,Off Achutuppu Island near Ailigandi,Free diving / Spearfishingat edge of reef,M,21.0,N,,Less than 1.2 m [4'],fishing,other shark
1964-06-02,1964,Invalid,SOUTH AFRICA,KwaZulu-Natal,Port Edward,Swimming,M,40.0,,>17h00,Shark involvement prior to death was not confirmed,swimming,other shark
1964-02-11,1964,Unprovoked,NEW ZEALAND,North Island,"Palliser Bay, Whatarangi (east of Wellington)",preparing to go skin diving,M,,N,12h00,,diving,unknown
1964-02-05,1964,Unprovoked,NEW ZEALAND,South Island,"St. Clair Beach, Dunedin",Swimming,M,19.0,Y,06h45,"White shark, 3 m to 3.7 m [10' to 12']",swimming,white shark
1964-02-01,1964,Watercraft,NEW ZEALAND,South Island,"Ngatuka Bay, near Picton",Rowing,,,N,12h00,1.8 m [6'] shark,other,other shark
1964-02-01,1964,Unprovoked,COSTA RICA,Puntarenas Province,Puntarenas,Swimming,M,,Y,,,swimming,unknown
1963-12-22,1963,Invalid,ATLANTIC OCEAN,Between Southampton & Canary Islands,,"Greek steamship Lakonia caught fire, 98 of her 646 passengers, and 30 of her crew of 376 perished",F,,,,Invalid,other,unknown
1963-05-14,1963,Sea Disaster,PHILIPPINES,Luzon Island,100 miles southeast of Manila,"Boat, with 42 passengers onboard, capsized in rough seas",,,Y,,,watercraft,unknown
1963-04-08,1963,Invalid,USA,Hawaii,"Hapuna Beach, Hawai'i",Washed into sea while picking opihi,M,,,,Shark involvement prior to death was not confirmed,other,other shark
1963-01-28,1963,Unprovoked,AUSTRALIA,New South Wales,"Sugarloaf Bay, Middle Harbour, Sydney",Wading,F,32.0,Y,13h30,"Tooth fragments of “whaler” shark were recovered, a bull shark, according to Edwards",swimming,other shark
1962-11-29,1962,Unprovoked,AUSTRALIA,New South Wales,Sydney,"Spearfishing, Scuba diving",M,26.0,N,,3 m [10'] shark,fishing,other shark
1962-09-22,1962,Unprovoked,MEXICO,Veracruz,"Villa del Mar Beach, Veracruz",Swimming,M,20.0,N,15h00,,swimming,unknown
1962-02-18,1962,Provoked,NEW ZEALAND,Southland,Long Beach,Swimming,M,15.0,N,,1.8 m [6'] shark,swimming,other shark
1962-02-01,1962,Unprovoked,SOLOMON ISLANDS,Guadalcanal Province,"North Coast, Guadalcanal Island",Swimming outside fishing net,M,,Y,,,swimming,unknown
1962-01-11,1962,Unprovoked,PAPUA NEW GUINEA,"10ºS, 142ºE",Jukuataia Village,Spearfishing,M,24.0,N,12h00,White shark,fishing,white shark
1961-02-17,1961,Unprovoked,AUSTRALIA,Victoria,Mount Martha Beach,Standing,F,,N,18h00,2' banjo shark,swimming,other shark
1960-12-27,1960,Unprovoked,USA,Hawaii,"Maile Point, O'ahu",Swept out to sea while net fishing,M,,Y,,,fishing,unknown
1960-11-22,1960,Invalid,USA,Florida,"Hutchinson Island Beach, Martin County","Fell overboard, prop slashed arm",F,51.0,,,Shark involvement prior to death was not confirmed,watercraft,other shark
1960-11-01,1960,Unprovoked,PAPUA NEW GUINEA,Central Province,Abau Subdistrict,Fishing,M,,Y,,,fishing,unknown
1960-04-03,1960,Unprovoked,AUSTRALIA,Victoria,"Canadian Bay near Mount Eliza, 30 miles from Melbourne",Spearfishing,M,,N,,1.5 m [5'] shark,fishing,other shark
1959-10-01,1959,Unprovoked,FIJI,Kadavu,Great Astrolabe Reef,Spearfishing,M,36.0,N,12h00,"Tiger shark, 1.8 m [6']",fishing,tiger shark
1959-07-30,1959,Provoked,USA,California,"In kelp beds off La Jolla, San Diego County",Pulling anchor,,,N,16h00,"White shark, 3 m to 5 m [10' to 15']",other,white shark
1959-05-07,1959,Unprovoked,USA,California,"Baker Beach, San Francisco County",Treading water,M,18.0,Y,17h30,"White shark, 3 m [10']; identifed by Dr. W.I. Follett on tooth marks",swimming,white shark
1959-01-15,1959,Unprovoked,SOUTH AFRICA,Western Cape Province,Melkbaai,Swimming,M,18.0,N,16h15,"White shark, 1.8 m to 2.1 m [6' to 7']  according to Shreuder and a witness",swimming,white shark
1959-01-02,1959,Unprovoked,MOZAMBIQUE,Maputo Province,Off Inhaca Island,Swimming ashore from fishing boat swamped and sunk by a squall,M,,Y,08h00,,swimming,unknown
,1959,Unprovoked,INDIA,Orissa,Mouth of Devi River at Machgaon,,,,Y,,1.5 m to 1.8 m [5' to 6'] sharks,other,other shark
1958-12-28,1958,Watercraft,TURKEY,Ahirkapi coast,Constantinople,Fishing,,,,,White shark,fishing,white shark
1958-10-05,1958,Unprovoked,USA,Florida,"Baker's Haulover, Miami Beach",,M,60.0,N,,,other,unknown
1958-07-08,1958,Unprovoked,KENYA,Coast Province,Port Kilindeni / Mombasa Harbor,Swimming,M,21.0,Y,P.M.,,swimming,unknown
1958-06-26,1958,Provoked,USA,Florida,"Sanibel Island, Lee County",Wading,M,59.0,N,17h30,"Nurse shark, 2.1 m [7']  identified by Dr. E. Clark on color & tooth impressions",swimming,other shark
1958-01-01,1958,Boat,SOUTH AFRICA,Western Cape Province,Plettenberg Bay,Fishing (trolling),,,N,,White shark,fishing,white shark
1956-10-07,1956,Unprovoked,SENEGAL,"Near Dakar, Cap Vert Peninsula",Isle de Gorée,"Skindiving, fish at belt",M,19.0,N,18h15,Lemon shark,fishing,other shark
1956-09-23,1956,Unprovoked,USA,Florida,"Daytona Beach, Volusia County",Surf fishing,M,27.0,N,,a sand shark,surfing,other shark
1956-08-01,1956,Provoked,UNITED KINGDOM,Cornwall,The Lizard,Attempting to kill a shark with explosives,M,,Y,,,other,unknown
1956-08-01,1956,Boat,MALTA,Congreve Channel,between Filfla Island and Wied iz-Zurrieq,Fishing,,,N,,Porbeagle or white shark,fishing,other shark
1956-07-20,1956,Unprovoked,MALTA,St. Thomas Bay,Marsascala,Swimming,M,40.0,Y,,White shark,swimming,white shark
1955-02-01,1955,Watercraft,AUSTRALIA,New South Wales,Parramatta River,Rowing,,,N,,,other,unknown
,1955,Unprovoked,COLUMBIA,Isles del Rosario,Southwest of Cartegena,Spearfishing,M,12.0,N,,1.5 m [5'] shark,fishing,other shark
1954-05-26,1954,Unprovoked,PAPUA NEW GUINEA,East Sepik,Wewak,"Fishing / cleaning fish, dived into water to retrieve a lost fish",M,,Y,,,fishing,unknown
1953-12-30,1953,Unprovoked,SOUTH AFRICA,Eastern Cape Province,"Second Beach, Port St. Johns",Swimming,F,,N,Morning,Said to involve a >4 m [13'] shark,swimming,other shark
1953-07-09,1953,Watercraft,CANADA,Nova Scotia,"Fourchu, Cape Breton Island",Fishing for lobsters,M,,N,,"White shark, 3.7 m [12'], 500 to 500-kg [1,200 lb], identified by W. C. Shroeder based on tooth fragment ebedded in gunwale",fishing,white shark
1953-03-19,1953,Unprovoked,AUSTRALIA,South Australia,"Schnapper Rock, Kirton Point",Spearfishing,M,,N,,8' shark,fishing,other shark
1953-01-01,1953,Unprovoked,AUSTRALIA,,,Spearfishing,M,,N,,Wobbegong shark,fishing,other shark
1950-01-01,1950,Provoked,ITALY,Savona,Albenga,Fishing,M,,N,,,fishing,unknown
1950-07-09,1950,Invalid,USA,Texas,Galveston Bay,,M,,,,Shark involvement prior to death was not confirmed,other,other shark
,1950,Unprovoked,LIBERIA,Montserrado,Monrovia,Defecating in water beneath the docks,M,,Y,,,other,unknown
1949-05-16,1949,Unprovoked,AUSTRALIA,Western Australia,Broome,Bathing,F,22.0,N,,"Whaler shark, 2.7 m [9'], 350- to 450-lb  identified by G.P. Whitley",swimming,other shark
1946-12-24,1946,Watercraft,AUSTRALIA,Queensland,"Auckland Creek, Gladstone",,,,N,,7' shark,other,other shark
1946-08-18,1946,Unprovoked,AUSTRALIA,Queensland,"Ellis Beach, 20 miles from Cairns",Swimming after a tennis ball,M,30.0,Y,15h20,4.3 m [14'] shark,swimming,other shark
1945-09-16,1945,Sea Disaster,JAPAN,Ryukyu,,American minesweeper USS YMS-350 lost in a typhoon - swimming to shore,M,,Y,,,swimming,unknown
1942-01-18,1942,Watercraft,AUSTRALIA,New South Wales,Fairy Bower,,,,N,,,other,unknown
1942-01-01,1942,Sea Disaster,,,,Jumped overboard from torpedoed Panamanian freighter,M,,Y,,,watercraft,unknown
1942-01-01,1942,Unprovoked,PANAMA,Panama City,Bella Vista Beach,Swimming,M,,Y,,,swimming,unknown
1941-01-01,1941,Unprovoked,IRAN,Khuzestan Province,"Ahvaz, on the Karun River",,M,,Y,,,other,unknown
1941-01-01,1941,Unprovoked,IRAN,Khuzestan Province,"Ahvaz, on the Karun River",Standing,M,,Y,,,swimming,unknown
1939-07-18,1939,Sea Disaster,PACIFIC OCEAN,,,Japanese freighter Bokuyo Maru burned & sank,,3.0,Y,,,other,unknown
1939-02-26,1939,Unprovoked,INDIA,Tamil Nadu,Chennai (formerly Madras),Bathing/Swimming,M,,Y,,,swimming,unknown
1938-01-01,1938,Unprovoked,EGYPT,,Mersa Matruh,Sponge diving,M,,Y,,,diving,unknown
1937-10-27,1937,Unprovoked,AUSTRALIA,Queensland,"Kirra Beach, Coolangatta",Swimming,M,25.0,Y,17h30,Tiger shark,swimming,tiger shark
1937-09-12,1937,Watercraft,SCOTLAND,Argyllshire,Arran,Pleasure boating,,,N,,Basking shark,watercraft,other shark
1937-06-15,1937,Provoked,AUSTRALIA,New South Wales,"Wallamba River, near entrance to Wallis Lake","Fishing from launch, fell into net with shark",M,,N,,"Whaler shark, 4 m [13']",fishing,other shark
1936-12-12,1936,Unprovoked,AUSTRALIA,New South Wales,"Throsby Creek, Newcastle",Swimming,M,15.0,Y,11h30,,swimming,unknown
1936-01-05,1936,Invalid,AUSTRALIA,Queensland,"Main Beach, Southport",Surfing,M,17.0,,,Shark involvement prior to death was not confirmed,surfing,other shark
1935-07-27,1935,Invalid,USA,California,Santa Barbara Channel,fishing boat exploded & sank,M,53.0,,,Invalid,fishing,unknown
1935-03-25,1935,Provoked,SOUTH AFRICA,KwaZulu-Natal,"North Pier, Durban",Put foot inside mouth of supposedly dead shark,M,,N,,,other,unknown
1934-01-27,1934,Unprovoked,AUSTRALIA,New South Wales,"Lambeth Street Wharf, George’s River, East Hills (20 miles from river mouth)",Swimming outside the safety enclosure attempting to retrieve a tennis ball drifting toward midstream,M,15.0,N,,,swimming,unknown
1932-02-13,1932,Unprovoked,AUSTRALIA,Queensland,Calliope River,Fishing with dynamite,M,,N,,,fishing,unknown
1931-11-26,1931,Unprovoked,AUSTRALIA,Torres Strait,Barrier Reef near Innisfail,Diving for trochus from lugger,M,45.0,N,,4 m [13'] shark,diving,other shark
1931-03-22,1931,Unprovoked,AUSTRALIA,Queensland,"Ross River, Townsville",Fishing with a cast net,M,19.0,Y,,,fishing,unknown
1930-03-07,1930,Unprovoked,USA,Florida,70 miles off Tarpon Springs,Sponge diving,M,,N,,,diving,unknown
1930-01-22,1930,Watercraft,MEXICO,Veracruz,Panuco River Mouth,Fishing schooner Jose Luis foundered,,,Y,,,fishing,unknown
1929-10-02,1929,Unprovoked,SPAIN,Valencia,Nasareth Beach,Fishing,M,,N,,,fishing,unknown
1929-01-05,1929,Unprovoked,FIJI,Viti Levu Island,Suva Harbor,Diving for coins thrown from ship S.S. Moeraki,M,,Y,,,diving,unknown
1927-04-20,1927,Unprovoked,AUSTRALIA,Torres Strait,Near Thursday Island,Diving,M,,N,,,diving,unknown
1926-11-17,1926,Unprovoked,AUSTRALIA,Torres Strait,Near Thursday Island,Diving,M,,N,,,diving,unknown
1926-07-23,1926,Unprovoked,ITALY,Golfo di Genova in the Ligurian Sea,Varazze,Swimming,M,20.0,Y,11h00,Said to involve 6 to 7 m [20' to 23'] white shark,swimming,other shark
1926-07-03,1926,Invalid,SPAIN,Sants-Montjic,"Casa Antunez Beach, Barcelona",Bathing,M,,,,"Questionable, 2m shark suspected",swimming,other shark
1924-02-08,1924,Invalid,AUSTRALIA,Queensland,Currumbin,Bathing,M,,,16h00,Shark involvement prior to death unconfirmed,swimming,other shark
1923-12-12,1923,Unprovoked,AUSTRALIA,New South Wales,"Murwillumbah, Tweed River",Swimming,M,,N,,,swimming,unknown
1923-01-27,1923,Invalid,AUSTRALIA,Western Australia,Bunbury,,M,,,,Shark involvement prior to death was not confirmed,other,other shark
1922-09-26,1922,Unprovoked,ENGLAND,East Yorkshire,Hornsea,Swimming,M,,Y,,,swimming,unknown
1920-03-08,1920,Unprovoked,AUSTRALIA,Queensland,"Between Bay Rock & Magnetic Island, Cleveland Bay","Boat capsized, swimming to shore",M,20.0,N,,,swimming,unknown
1919-01-05,1919,Unprovoked,AUSTRALIA,Queensland,"Ross River, Townsville",Wading (shrimping),M,38.0,Y,10h00,,swimming,unknown
1916-07-12,1916,Unprovoked,USA,New Jersey,"Matawan Creek, 10 miles from the sea, Monmouth County",Swimming,M,10.0,Y,A.M.,,swimming,unknown
1916-07-08,1916,Unprovoked,SPAIN,Gran Canaria,Las Palmas,Diving,M,,N,,,diving,unknown
1913-09-03,1913,Provoked,CROATIA,Istria County,Pula,,M,,N,,2 m shark,other,other shark
1911-03-29,1911,Unprovoked,AUSTRALIA,Torres Strait,Thursday Island,Swimming,M,,Y,,,swimming,unknown
1908-12-31,1908,Unprovoked,SOUTH AFRICA,Western Cape Province,Stilbaai,Swimming,M,16.0,Y,,,swimming,unknown
1907-10-08,1907,Unprovoked,USA,Hawaii,"Kalepolepo, Kihei, Maui","Diving, retrieving fish caught in net",M,,N,09h00,,fishing,unknown
1905-09-06,1905,Provoked,USA,Florida,"Fort Pierce, St Lucie County",Fishing,M,,N,,,fishing,unknown
1904-01-01,1904,Invalid,USA,,,Diving on a wreck,M,,,,Questionable,diving,unknown
1898-12-28,1898,Unprovoked,AUSTRALIA,Queensland,The Narrows,Fell oveboard,M,,Y,,,watercraft,unknown
1897-06-09,1897,Sea Disaster,YEMEN,Socotra Islands,Socotra,Wreck of the steamship Sultan of Bombay,,,Y,,,other,unknown
1896-07-25,1896,Unprovoked,USA,Hawaii,"Kahului, Maui",Fishing,M,35.0,Y,10h30,,fishing,unknown
1893-07-03,1893,Sea Disaster,PHILIPPINES,Luzon Island,Off Manila,Abandoning burning steamship Don Juan,M,,Y,,,other,unknown
1892-05-19,1892,Unprovoked,NEW ZEALAND,North Island,Rockhampton,Bathing,M,,N,,,swimming,unknown
1889-01-01,1889,Unprovoked,SIERRA LEONE,Western Area,Freetown,Cleaning the side of a ship,M,,Y,,,other,unknown
1888-07-04,1888,Invalid,CROATIA,Lukovo,,,,,,,Shark involvement prior to death unconfirmed,other,other shark
1888-01-01,1888,Unprovoked,LIBYA,Mediterranean Sea,Off Tripoli,Sponge diving,M,,N,,,diving,unknown
1886-02-13,1886,Watercraft,AUSTRALIA,Victoria,Mordialloc,Fishing,M,,N,,,fishing,unknown
1884-08-28,1884,Unprovoked,USA,New Jersey,"Bayonne, Hudson County",Watercraft,M,,N,,,watercraft,unknown
1884-01-14,1884,Unprovoked,AUSTRALIA,South Australia,"Port Pirie, Spencer Gulf, 230 km north of Adelaide",Fell overboard,F,,Y,,Said to involve 2 sharks,watercraft,other shark
1881-09-05,1881,Unprovoked,USA,North Carolina,"Elizabeth City, Pasquotank County",Bathing,M,,Y,A.M.,,swimming,unknown
1880-11-25,1880,Unprovoked,AUSTRALIA,Queensland,"Petrie Bight, Brisbane River",Swimming,M,12.0,Y,Afternoon,Bull shark,swimming,bull shark
1880-01-03,1880,Unprovoked,AUSTRALIA,New South Wales,Cooranbong,Bathing,F,13.0,N,,,swimming,unknown
1868-09-01,1868,Unprovoked,ITALY,Adriatic Sea,Trieste,,M,,Y,,White shark,other,white shark
,1868,Unprovoked,NEW ZEALAND,North Island,"Brickfield Bay, Auckland Harbour",Bathing close inshore,M,,N,,Shark caught later,swimming,other shark
1864-01-16,1864,Unprovoked,NEW ZEALAND,Foveaux Strait,Stewart Island,Boat swamped,M,,Y,,,watercraft,unknown
1864-01-01,1864,Unprovoked,INDONESIA,Sumatra,Off Acheen Head,Reaching for life preserver,M,,Y,16h00,,other,unknown
1862-08-02,1862,Invalid,SPAIN,Malaga,Fuengirola,,M,,,,Shark involvement prior to death unconfirmed,other,other shark
1849-01-27,1849,Invalid,AUSTRALIA,New South Wales,Sydney,boat capsized,M,,,,Shark involvement prior to death unconfirmed,watercraft,other shark
1847-02-12,1847,Sea Disaster,MEXICO,,,Wreck of the Tweed,,,Y,,,other,unknown
1847-01-01,1847,Invalid,USA,South Carolina,"Charleston Harbor, Charleston County",Swimming,M,,,,Shark involvement prior to death unconfirmed,swimming,other shark
,1847,Unprovoked,USA,South Carolina,,Watercraft,M,,N,,,watercraft,unknown
1844-07-20,1844,Unprovoked,NAMIBIA,,,Boat capsized,M,,Y,,,watercraft,unknown
1837-09-09,1837,Unprovoked,USA,South Carolina,"Magwoods Wharf, Charleston Harbor, Charleston County",Bathing,M,,N,,,swimming,unknown
,1837,Invalid,USA,South Carolina,“Southern Wharf”,,M,,,,Shark involvement prior to death unconfirmed,other,other shark
1832-06-04,1832,Unprovoked,AUSTRALIA,New South Wales,"South Head, Sydney",Fishing,F,,N,,,fishing,unknown
1826-08-15,1826,Unprovoked,ENGLAND,Cumberland,Whitehaven,Bathing,,,,,,swimming,unknown
1817-02-22,1817,Unprovoked,SRI LANKA,,Gulf of Mannar,Conch diver,M,,N,13h00,,diving,unknown
1783-03-02,1783,Sea Disaster,MARTINIQUE,,Foundering of the privateer Holker,,M,,Y,06h00,,other,unknown
1758-01-01,1758,Unprovoked,MEDITERRANEAN SEA,,,"Fell overboard from a frigate & was swallowed by a shark. The captain fired a gun at the shark, and the creature cast the man out of his throat.",M,,N,,"The fish was harpooned, dried, and presented to the sailor, who went round Europe exhibiting it  It was said to be 20 feet long.",watercraft,other shark
,1617,Unprovoked,INDIA,West Bengal,Ganges Delta,,,,,,,other,unknown
2023-08-07,2023,Unprovoked,USA,New York,Rockaway,Wading,F,65.0,N,17h50,,swimming,unknown
2023-07-04,2023,Unprovoked,USA,New York,"Fire Island Pines, Suffolk County",Swimming,M,49.0,N,13h55,3' shark,swimming,other shark
2023-05-18,2023,Unprovoked,USA,Florida,"Marathon, Monroe County",Spearfishing,M,20.0,N,15h00,,fishing,unknown
2023-05-01,2023,Unprovoked,SOUTH AFRICA,Easten Cape Province,Mngcibe Beach,Diving for crayfish,M,39.0,N,,,fishing,unknown
2023-01-30,2023,Unprovoked,AUSTRALIA,Queensland,Lady Musgrave Island,Fishing,M,8.0,N,,A small shark,fishing,other shark
2022-10-28,2022,Unprovoked,BAHAMAS,,Cat Island,Diving,M,,N,,,diving,unknown
2022-07-20,2022,Unprovoked,USA,New York,"Kismet Beach, Long Island",Surfing,M,16.0,N,17h45,6' shark,surfing,other shark
2022-06-30,2022,Unprovoked,USA,New York,"Jones Beach, Nassau County",Swimming,M,,N,13h00,Shark involvement not confirmed,swimming,other shark
2022-04-09,2022,Provoked,USA,New Jersey,Tutle Back Zoo,Feeding sharks & stingrays,F,12.0,N,Afternoon,Epaulette shark,other,other shark
2021-11-07,2021,Unprovoked,USA,Hawaii,"Lahaina, Maui",Spearfishing,F,27.0,N,10h30,,fishing,unknown
2021-11-02,2021,Unprovoked,NEW ZEALAND,North Island,Taranaki,Surfing,M,26.0,N,,Broadnose seven gill shark,surfing,other shark
2021-07-10,2021,Unprovoked,USA,Florida,"46 miles off Mayport, Duval County",Spearfishing,M,36.0,Y,,,fishing,unknown
2021-05-06,2021,Unprovoked,USA,Florida,"Daytona Beach Shores, Volusia County",Wading,F,21.0,N,11h30,,swimming,unknown
2021-01-02,2021,Unprovoked,USA,Hawaii,"Anaehoomalu Bay
Waikoloa, Hawaii County",Swimming,F,68.0,N,08h00,,swimming,unknown
2020-10-07,2020,Unprovoked,USA,Florida,"Miami Beach, Miami-Dade County",Body Surfing,M,31.0,N,Afternoon,Blacktip shark,surfing,other shark
2020-08-23,2020,Unprovoked,USA,Florida,"New Smyrna Beach, Volusia County",Standing,M,23.0,N,15h00,,swimming,unknown
2020-07-27,2020,Unprovoked,USA,Maine,"Bailey Island, Cumberland County",Swimming,F,63.0,Y,15h59,"White shark, 11'?",swimming,white shark
2020-06-10,2020,Unprovoked,NEW CALEDONIA,South Province,"Plateau de Ricaudy, Nouméa",Windsurfing,M,30.0,Y,Afternoon,Tiger shark,surfing,tiger shark
2020-04-29,2020,,USA,California,"Moonlight Beach, San Diego County",Body Boarding,M,16.0,N,17h45,,watercraft,unknown
2019-11-02,2019,Questionable,REUNION ISLAND,Saint-Gilles,L’Hermitage Lagoon,Snorkeling,M,44.0,Y,,10' tiger shark,other,other shark
2019-08-27,2019,Provoked,USA,Florida,"New Smyrna Beach, Volusia County",Surfing,M,40.0,N,11h55,6.5' shark,surfing,other shark
2019-07-09,2019,Unprovoked,AUSTRALIA,Queensland,"Pelican Waters, Caloundra",Paddle boarding,M,43.0,N,08h00,Bull shark pup,watercraft,bull shark
2019-07-04,2019,Unprovoked,BAHAMAS,Abaco Islands,Great Guana Cay,Snorkeling,M,32.0,N,17h30,,other,unknown
2019-06-30,2019,Unprovoked,USA,Florida,"New Smyrna Beach, Volusia County",Surfing,M,18.0,N,16h30,,surfing,unknown
2019-06-21,2019,Unprovoked,BAHAMAS,Abaco Islands,,Spearfishing,M,,N,,,fishing,unknown
2017-08-03,2017,Provoked,USA,Massachusetts,"Menauhant Beach, Falmouth,
Barnstable County",Fishing,M,34.0,N,23h30,4' shark,fishing,other shark
2017-07-23,2017,Unprovoked,SPAIN,Majorca,"Estanys Beach, Colonia de Sant",Swimming,F,,N,Afternoon,Blue shark 6',swimming,other shark
2017-01-01,2017,Unprovoked,FRENCH POLYNESIA,Marquesas,"Atuona Bay, Hiva Oa Island",Surfing,M,,N,,,surfing,unknown
2017-04-13,2017,Unprovoked,USA,Florida,"Hanna Park, Jacksonville, Duval County",Surfing,M,17.0,N,13h30,,surfing,unknown
2016-06-07,2016,Invalid,USA,South Carolina,"Folly Beach, Charleston County",Surfing,M,27.0,,11h30,Said to involve an 8' shark but more likely damage caused by debris,surfing,other shark
2016-02-19,2016,Unprovoked,NEW CALEDONIA,South Province,Yate,Spearfishing,M,31.0,N,16h00,,fishing,unknown
2015-10-17,2015,Unprovoked,USA,Hawaii,"Lanikai Beach, Kailua, Oahu",Swimming,M,44.0,N,11h30,"Tiger shark, 7'",swimming,tiger shark
2015-09-01,2015,Unprovoked,FIJI,,,Spearfishing,M,,N,,Tiger shark,fishing,tiger shark
2015-07-23,2015,Provoked,USA,California,"La Jolla, San Diego County",Kayak Fishing,M,31.0,N,,"Mako shark, 100-lb",fishing,other shark
2015-07-04,2015,Unprovoked,BAHAMAS,Grand Bahama Island,"Port Lucaya, Freeport",Spearfishing,F,23.0,N,,6' shark,fishing,other shark
2015-05-07,2015,Unprovoked,USA,Florida,"Cocoa Beach, Brevard  County",Swimming,M,,N,15h00,,swimming,unknown
2015-02-08,2015,Unprovoked,AUSTRALIA,New South Wales,"Seven Mile Beach, Byron Bay",Surfing,M,35.0,N,06h45,2 m to  3 m shark,surfing,other shark
2014-11-19,2014,Watercraft,AUSTRALIA,Western Australia,Freo,Fishing,M,,N,,White shark,fishing,white shark
2014-09-01,2014,Unprovoked,SPAIN,Catalonia,Salou,Playing with an air mattress,M,16.0,N,,,other,unknown
2014-08-29,2014,Invalid,USA,Florida,"Atlantic Beach, Duval County",,,,,16h18,Shark involvement not confirmed,other,other shark
2014-08-27,2014,Unprovoked,SPAIN,Alicante,Benidorm,Swimming,F,,N,,small shark,swimming,other shark
2014-07-27,2014,Unprovoked,USA,North Carolina,"Sunset Beach, Brunswick County",Swimming,M,,N,,Possibly juvenile tiger shark,swimming,other shark
2014-07-16,2014,Unprovoked,USA,Hawaii,"Paia Bay, Maui",Swimming,M,61.0,N,17h50,6' to 8' shark,swimming,other shark
2014-05-06,2014,Unprovoked,USA,South Carolina,"Coligny Beach, Hilton Head, Beaufort County",Swimming,F,40.0,N,15h00,4' to 5' shark,swimming,other shark
2013-11-10,2013,Provoked,BAHAMAS,,Off Cape Eleuthera,Shark fishing,M,77.0,N,11h00,,fishing,unknown
2013-10-11,2013,Unprovoked,SOUTH AFRICA,Eastern Cape Province,"Albatros Point, near Jeffrey's Bay",Swimming / snorkeling,M,74.0,Y,11h30,White shark,swimming,white shark
2013-09-25,2013,Unprovoked,USA,Florida,"Panama City, Bay County",Standing,M,7.0,N,10h30,,swimming,unknown
2013-07-28,2013,Unprovoked,BAHAMAS,Abaco Islands,Grand Cay,Diving,M,50.0,N,11h15,,diving,unknown
2012-09-10,2012,Unprovoked,TONGA,Vava'u,Eueiki Island,Swimming,F,29.0,N,,Possibly a 3 m bull shark,swimming,other shark
2012-04-11,2012,Watercraft,AUSTRALIA,South Australia,"Dolphin Bay, Innes National Park",Kayaking,M,27.0,N,,"White shark, 6m",watercraft,white shark
2012-03-22,2012,Watercraft,AUSTRALIA,Western Australia,Kalbarri,Crayfishing,,,N,05h50,White shark,fishing,white shark
2011-10-20,2011,Unprovoked,USA,Oregon,"Newport, Lincoln County",Surfing,M,41.0,N,,"White shark, 15'",surfing,white shark
2011-09-17,2011,Unprovoked,KENYA,Coast Province,"Mama Ngina Beach, Mombasa",Swimming,M,17.0,Y,,,swimming,unknown
2011-08-26,2011,Unprovoked,RUSSIA,Primorsky Krai,Slavyanka,"Standing, collecting sea stars",M,,N,Morning,,swimming,unknown
2011-02-12,2011,Unprovoked,AUSTRALIA,Western Australia,Exmouth,Snorkeling,M,58.0,N,Late afternoon,,other,unknown
2011-01-20,2011,Invalid,AUSTRALIA,New South Wales,Cudgen Creek,Swimming,F,7.0,,17h00,Shark involvement not confirmed,swimming,other shark
2010-11-14,2010,Unprovoked,INDONESIA,Bali,Balian,Surfing,M,,N,,,surfing,unknown
2010-07-19,2010,Unprovoked,USA,South Carolina,Myrtle Beach,Swimming,M,10.0,N,10h35,Possibly a small blacktip shark,swimming,other shark
2010-07-16,2010,Provoked,SPAIN,Grand Canary Island,"Sardina del Norte, Gáldar",Swimming,M,9.0,N,19h15,Angel shark,swimming,other shark
2009-11-13,2009,Unprovoked,USA,Florida,"Jupiter, Palm Beach County",Surfing,F,27.0,N,16h30,,surfing,unknown
2008-11-09,2008,Watercraft,AUSTRALIA,South Australia,North Haven,Fishing,M,,N,,Bronze whaler shark,fishing,other shark
2008-10-22,2008,Provoked,AUSTRALIA,New South Wales,"Oceanworld, Manley",Scuba diving,M,34.0,N,17h20,"Grey nurse shark, 3m",diving,other shark
2008-09-09,2008,Unprovoked,USA,Hawaii,"Ka'a'awa, Oahu",Surfing,M,40.0,N,16h30,Tiger shark,surfing,tiger shark
2008-07-11,2008,Unprovoked,USA,South Carolina,"Isle of Palms, Charleston County",Surfing,M,24.0,N,14h00,,surfing,unknown
2008-04-25,2008,Unprovoked,USA,California,"Solana Beach, San Diego County",Swimming,M,66.0,Y,07h00,"White shark, 12' to 15'",swimming,white shark
2007-06-30,2007,Provoked,USA,Florida,Marques Island,Removing hook from shark,M,,N,,"Lemon shark, 6' female",other,other shark
2007-03-20,2007,Unprovoked,AUSTRALIA,New South Wales,South Golden Beach,Surfing,F,42.0,N,10h00,1.5 m shark,surfing,other shark
2006-06-05,2006,Unprovoked,AUSTRALIA,South Australia,Waitpinga,Surfing,M,40.0,N,11h30,14' white shark,surfing,other shark
2006-05-24,2006,Provoked,USA,Hawaii,Lanai,Spearfishing,M,15.0,N,16h30,"Grey reef shark, 5' to 8'",fishing,other shark
2006-02-13,2006,Unprovoked,AUSTRALIA,Queensland,"Golden Beach, Caloundra",Wading,M,18.0,N,11h00,,swimming,unknown
2005-10-03,2005,Unprovoked,BAHAMAS,Abaco Islands,Grand Cay,Diving,M,35.0,N,,,diving,unknown
2005-06-07,2005,Unprovoked,USA,South Carolina,"Kiawah Island, Charleston County",Boogie boarding,F,11.0,N,11h30,,watercraft,unknown
2005-05-27,2005,Unprovoked,USA,Florida,"Sand Key Beach, Clearwater, Pinellas County",Crouching in 2' of water,F,,N,18h30,18 to 36 shark,other,other shark
2005-03-28,2005,Unprovoked,SOUTH AFRICA,Western Cape Province,Noordhoek,Surfing,M,32.0,N,09h45,4 m [13'] shark,surfing,other shark
2005-01-19,2005,Provoked,AUSTRALIA,Victoria,Port Phillip Bay,Spearfishing,M,,N,,3 m shark,fishing,other shark
2004-05-29,2004,Unprovoked,USA,Texas,"Pirate's Beach, Galveston Island",Wading,M,16.0,N,19h45,0.9 m to 1.5 m [3' to 5'] shark,swimming,other shark
2004-04-26,2004,Unprovoked,AUSTRALIA,New South Wales,"Latitude Reef, near Forster",Diving,M,,N,Morning,"Wobbegong shark, 1.2 m [4'] k",diving,other shark
2004-04-05,2004,Unprovoked,SOUTH AFRICA,Western Cape Province,"Surfers' Corner, Muizenberg, False Bay",Surfing,M,16.0,N,14h00,5 m [16.5'] white shark,surfing,other shark
2004-01-21,2004,Unprovoked,VENEZUELA,Anzoategui,"Playa Colorada Beach, Mochima National Park, only 200 m west of Santa Cruz Beach",Swimming,M,,N,14h30,"Bull shark, 1.65 m [5'5] was speared & killed",swimming,bull shark
2003-09-17,2003,Unprovoked,USA,Florida,"New Smyrna Beach, Volusia County",Surfing,M,17.0,N,14h00,,surfing,unknown
2003-06-30,2003,Unprovoked,USA,Florida,"New Smyrna Beach, Volusia County",Surfing,M,17.0,N,13h53,Unidentified species,surfing,unknown
2003-06-22,2003,Unprovoked,USA,Johnston Atoll,,Swimming,M,51.0,N,Afternoon,Unidentified species,swimming,unknown
2003-04-04,2003,Unprovoked,USA,Florida,"New Smyrna Beach, Volusia County",Surfing,M,50.0,N,08h00,4' to 5' shark,surfing,other shark
2003-01-17,2003,Invalid,SOUTH AFRICA,Western Cape Province,"Near the lagoon at Table View, Cape Peninsula",Unknown,M,14.0,,--,Shark involvement prior to death was not confirmed,other,other shark
2002-11-17,2002,Unprovoked,USA,Hawaii,Ka'anapali,Swimming,F,34.0,N,10h45,2.4 m to 3 m [8' to 10'] grey colored shark,swimming,other shark
2002-08-17,2002,Unprovoked,USA,Alabama,"Gulf of Mexico, 65 miles offshore from Mobile",Swimming,F,29.0,N,17h00,,swimming,unknown
2002-06-13,2002,Unprovoked,PAPUA NEW GUINEA,Louisiade Archipelago,"Gawa Reefs, Sudest Island",Attempting to retreive a dinghy,,,Y,,,other,unknown
2002-06-11,2002,Unprovoked,USA,Hawaii,"Anini Beach, Kaua'i",Sitting on surfboard,,,N,13h345,"Tiger shark, 2.4 m to 2.7 m [8' to 9']",surfing,tiger shark
2001-09-01,2001,Unprovoked,USA,Virginia,"Sandbridge Beach, Princess Anne County",Swimming,M,10.0,Y,18h00,bull shark,swimming,other shark
2001-04-12,2001,Unprovoked,USA,Florida,"Waveland Beach, Hutchinson Island, St Lucie County",,M,,N,16h00,,other,unknown
2001-04-08,2001,Provoked,AUSTRALIA,New South Wales,Bronte Beach,Snorkeling,M,,N,,Wobbegong shark,other,other shark
2001-03-09,2001,Unprovoked,USA,Florida,"Coral Cove Park, Jupiter Island, Martin County",Surfing,M,,N,,"Spinner shark, 1.2 m to 1.5 m [4' to 5']",surfing,other shark
2001-03-08,2001,Invalid,BRAZIL,Bahia,Nova Vicosa,Attempting to catch a crocodile,M,12.0,,,Shark involvement not confirmed,other,other shark
2000-04-09,2000,Unprovoked,USA,Florida,"Municipal Beach, Riviera Beach, Palm Beach County",Boogie boarding / wading,M,,N,14h30,,swimming,unknown
2000-03-31,2000,Unprovoked,USA,Florida,Santa Rosa Sound Escambia County,Fishing,M,,N,,,fishing,unknown
1999-12-31,1999,Unprovoked,NEW ZEALAND,South Island,Oreti Beach,Bathing,F,12.0,N,,Sevengill shark,swimming,other shark
1999-04-22,1999,Unprovoked,MAURITIUS,Grand Baie,Pointe aux Canonniers,Swimming,F,41.0,N,06h00,"Grey reef shark, 1.5 m",swimming,other shark
1999-02-26,1999,Watercraft,USA,North Carolina,Frying Pan Shoals,Cruising,,,N,,Basking shark,other,other shark
1998-08-15,1998,Unprovoked,BAHAMAS,Berry Islands,Ambergris Cay,Spearfishing,M,28.0,N,16h30,"Caribbean reef shark, 1.2 m to 1.5 m [4' to 5']",fishing,other shark
1998-06-22,1998,Unprovoked,SOUTH AFRICA,Eastern Cape Province,"Gonubie, 13 km northeast of East London",Body Boarding,M,20.0,Y,09h55,White shark,watercraft,white shark
1995-10-21,1995,Unprovoked,USA,Florida,"North Beach, St. Lucie County",Surfing,M,17.0,N,,,surfing,unknown
1995-09-30,1995,Unprovoked,USA,Florida,"Crescent Beach, St. Augustine, St. Johns County",Surfing,M,14.0,N,Morning,1.5 to 1.8 m [5' to 6'] shark,surfing,other shark
1995-09-16,1995,Unprovoked,REUNION,Saint-Denis,,Body-boarding,M,,Y,,,watercraft,unknown
1995-09-11,1995,Unprovoked,AUSTRALIA,Western Australia,"Honeymoon Island, near Hopetown",Abalone diving using Hookah (near calving whales),M,29.0,Y,15h00,White shark,diving,white shark
1995-08-15,1995,Unprovoked,USA,Florida,"Daytona Beach, Volusia County",Wading,M,20.0,N,08h30,1.8 m [6'] shark,swimming,other shark
1994-07-09,1994,Unprovoked,BRAZIL,Pernambuco,"Boa Viagem, Recife",Swimming,M,,Y,,,swimming,unknown
1994-02-13,1994,Provoked,USA,Hawaii,Kailua Bay,Fishing,M,,N,17h00,,fishing,unknown
1994-01-03,1994,Unprovoked,SOUTH AFRICA,KwaZulu-Natal,Hibberdene,Swimming,M,33.0,N,16h15,1.3 m [4'3] shark,swimming,other shark
1991-02-24,1991,Unprovoked,USA,Oregon,"Neskowin, Tillamook County",Surfing,M,38.0,N,09h30,5.5 m [18'] white shark,surfing,other shark
1991-01-01,1991,Unprovoked,AUSTRALIA,Queensland,Pelican Banks near Gladstone,Surfing (or sailboarding),M,22.0,N,,2 m shark,surfing,other shark
1989-07-19,1989,Unprovoked,REUNION,Sainte-Suzanne,Temple Tamoule,Surfing,M,,Y,17h00 Sunset,,surfing,unknown
1989-07-14,1989,Unprovoked,USA,Florida,"Cocoa Beach, Brevard County",Surfing,M,16.0,N,Afternoon,,surfing,unknown
1988-09-28,1988,Unprovoked,USA,Florida,"New Smyrna Beach, Volusia County",Surfing,M,21.0,N,Afternoon,5' shark,surfing,other shark
1988-08-11,1988,Unprovoked,USA,California,"Klamath River, Del Norte County",Surfing,M,27.0,N,09h30,2.4 m to 3 m [8' to 10'] white shark,surfing,other shark
1987-05-08,1987,Unprovoked,USA,Florida,"St Augustine, St. Johns County",Surfing,M,,N,,,surfing,unknown
1986-11-04,1986,Unprovoked,USA,Florida,"Tiger Shores Beach, Martin County",Surfing,M,23.0,N,,,surfing,unknown
1983-12-30,1983,Invalid,GREECE,Andikira Fokithes,,Spearfishing,M,36.0,,02h45,Invalid,fishing,unknown
1983-06-20,1983,Unprovoked,USA,Florida,"Cocoa Beach, Brevard County",Surfing & dangling foot in water amid baitfish,M,21.0,N,16h30,,surfing,unknown
1982-02-07,1982,Unprovoked,USA,California,"Stillwater Cove, Sonoma County",Scuba diving (submerged),M,,N,11h00,5 m [16.5'] white shark,diving,other shark
1982-01-29,1982,Unprovoked,SOUTH AFRICA,Eastern Cape Province,Mpekeweni,Swimming,M,20.0,N,16h30,Raggedtooth shark,swimming,other shark
1981-10-19,1981,Provoked,SOUTH AFRICA,Western Cape Province,Mossel Bay,Inspecting teeth of supposedly dead (hooked & shot) shark,M,,N,,"3.5 m [11.5'], 510-kg [1125-lb] hooked & shot white shark",other,other shark
1980-04-25,1980,Provoked,JAMAICA,St. Mary's Parish,"Priestman's River area, East Portland",Spearfishing,M,,N,,,fishing,unknown
1980-03-11,1980,Provoked,SOUTH AFRICA,Western Cape Province,Velddrif,Fishing,M,61.0,N,,1.5 m [5'] hammerhead shark,fishing,other shark
1979-08-05,1979,Unprovoked,USA,Florida,"Daytona Beach, Volusia County",Kayaking,M,49.0,N,,,watercraft,unknown
,1978,Unprovoked,AUSTRALIA,Tasmania,Beechford,Scuba diving,M,,N,,"Sevengill shark, 2.4 m",diving,other shark
1976-04-28,1976,Invalid,USA,Texas,Galveston Island,,,,,,Shark involvement prior to death was not confirmed,other,other shark
1975-08-17,1975,Unprovoked,SOUTH AFRICA,Eastern Cape Province,Cape St. Francis,Surfing,M,19.0,N,13h30,"White shark, 2.4 m [8']",surfing,white shark
1974-12-21,1974,Watercraft,AUSTRALIA,South Australia,Glenelg,Fishing,M,,N,Morning,White shark,fishing,white shark
1974-08-05,1974,Unprovoked,USA,California,"San Gregorio Beach, San Mateo County",Surfing,M,,N,,"White shark, 5 m",surfing,white shark
1974-04-20,1974,Unprovoked,SOUTH AFRICA,Western Cape Province,Arniston,Spearfishing,M,22.0,N,Late afternoon,"Raggedtooth shark, 1.5 m [5']",fishing,other shark
1974-01-07,1974,Unprovoked,MOZAMBIQUE,Gaza,Xai Xai,Swimming,M,,Y,,,swimming,unknown
1973-12-21,1973,Unprovoked,MOZAMBIQUE,Gaza,Xai Xai,Swimming,M,20.0,Y,12h00,,swimming,unknown
1973-03-26,1973,Unprovoked,AUSTRALIA,Queensland,Palm Island,,M,,N,,,other,unknown
1972-01-01,1972,Unprovoked,MARSHALL ISLANDS,Illeginni Atoll,,"Free diving, collecting shells",M,,N,,1.8 m [6'] grey reef shark,diving,other shark
1968-07-01,1968,Invalid,MEXICO,Baja California,,,M,43.0,,Afternoon,Not authenticated,other,other shark
1968-06-25,1968,Unprovoked,BAHAMAS,Eleuthera,Spanish Wells,Spearfishing,M,17.0,N,,1.5 m to 2 m [5' to 6.75'] Caribbean reef shark,fishing,other shark
1968-02-02,1968,Unprovoked,AUSTRALIA,New South Wales,Brunswick Heads,,,,N,,,other,unknown
1967-08-14,1967,Unprovoked,COLUMBIA,,,,M,,N,,,other,unknown
1966-12-26,1966,Unprovoked,AUSTRALIA,New South Wales,Coogee,Spearfishing,M,29.0,N,,1.8 m [6'] shark,fishing,other shark
1965-09-21,1965,Provoked,PAPUA NEW GUINEA,Madang Province,Sek Harbor,Spearing fish,M,,N,,small shark,fishing,other shark
,1965,Unprovoked,RED SEA,East of the Gulf of Aqaba,,Standing in waist-deep water,M,,N,,Small shark with white-tipped dorsal fin,swimming,other shark
1964-07-08,1964,Provoked,USA,Florida,"Palm Beach, Palm Beach County",Tagging sharks,M,,N,,white shark,other,other shark
1964-05-01,1964,Unprovoked,PANAMA,San Blas Islands,"Achutupu, a small island ner Ailigandi",Skin diving,M,13.0,Y,,1.8 m [6'] shark,diving,other shark
1964-02-05,1964,Unprovoked,NEW ZEALAND,North Island,"Hokio Beach, near Levin",Lying in 2 feet of water,M,,N,,sand shark,other,other shark
1964-01-22,1964,Unprovoked,SOUTH AFRICA,Eastern Cape Province,Nahoon,Standing,M,17.0,N,11h00,,swimming,unknown
1963-12-22,1963,Provoked,SOUTH AFRICA,KwaZulu-Natal,"Next to West Street groyne, Durban",Helping friend land hooked shark,M,13.0,N,18h30,"Dusky shark, 1 m",other,other shark
1963-11-05,1963,Unprovoked,PAPUA NEW GUINEA,New Britain,,Wading,M,,N,,6' shark,swimming,other shark
1963-11-04,1963,Unprovoked,PALAU,Western Caroline Islands,Koror,Fishing,M,35.0,N,03h00,Dooley believed his Injury was caused by stingray (Dasyatidae family),fishing,other shark
1963-02-04,1963,Invalid,USA,Florida,Off Key West,"S.S. Marine Sulphur Queen, laden with molten sulphur was bound from Beaumont, Texas for Norfolk, VA, when she disappeared with 39 on board",M,,,,Shark involvement prior to death was not confirmed,watercraft,other shark
1963-01-22,1963,Watercraft,SOUTH AFRICA,Western Cape Province,False Bay,Fishing,,,N,,193-lb shark,fishing,other shark
1962-10-15,1962,Unprovoked,ADMIRALTY ISLANDS,Manus Island,Sisi  (west coast of island),,M,26.0,N,,,other,unknown
1962-08-12,1962,Unprovoked,USA,New Jersey,"Manasquan, Ocean County",Standing,M,24.0,N,14h00 - 15h00,1.8 m [6'] shark,swimming,other shark
1962-06-11,1962,Unprovoked,USA,California,San Francisco Bay,Escaping from Alacatraz,M,31.0,N,night,,other,unknown
1962-02-15,1962,Unprovoked,AUSTRALIA,Queensland,Between Smith’s Rock & Moreton Island,Fishing for snappers & cleaning mullet. Put mullet over side of boat to wash it,M,,N,A.M.,3.7 m [12'] shark,fishing,other shark
1961-10-01,1961,Unprovoked,USA,Florida,"Boca Raton, Palm Beach County",,M,45.0,Y,,,other,unknown
1961-09-06,1961,Provoked,ITALY,Venice Province,Chioggia,Fishing,M,,N,,1 m shark,fishing,other shark
1961-06-06,1961,Watercraft,USA,Florida,"Ponte Vedra Beach, St. Johns County",Spearfishing on Scuba,M,,N,,Hammerhead shark,fishing,other shark
1961-04-01,1961,Provoked,AUSTRALIA,Western Australia,Rottnest Island,Spearfishing,M,,N,,"Wobbegong shark, 1.4 m [4.6']",fishing,other shark
1960-12-01,1960,Unprovoked,AUSTRALIA,Queensland,"Colledge's Crossing, Brisbane River",Fishing,M,,N,,"Bull shark, 1m",fishing,bull shark
1960-08-21,1960,Unprovoked,USA,New Jersey,"Sea Girt, Monmouth County",Standing in knee-deep water,M,24.0,N,16h00,,swimming,unknown
1960-06-04,1960,Unprovoked,USA,Georgia,"North picnic area, Jekyll Island, Glynn County",Swimming,M,24.0,N,15h45,,swimming,unknown
1960-05-19,1960,Unprovoked,USA,California,"Aptos, Santa Cruz County",Swimming,F,16.0,N,13h00,"White shark, 4 m to 5 m [13' to 16.5']",swimming,white shark
1959-10-05,1959,Unprovoked,PAPUA NEW GUINEA,Madang,Taludig,,,,N,,,other,unknown
1959-09-10,1959,Unprovoked,INDIA,Orissa,Machhagan,,,,Y,,6' shark,other,other shark
1959-02-27,1959,Unprovoked,VENEZUELA,Nueva Esparta,Margarita Island,Fell into water while attempting to boat a swordfish,M,,N,,,fishing,unknown
1959-01-01,1959,Provoked,PAPUA NEW GUINEA,Morobe Province,,Fishing,M,,N,,,fishing,unknown
1958-11-14,1958,Invalid,SOUTH AFRICA,Western Cape Province,False Bay,Fishing,M,,,,Questionable incident,fishing,unknown
1958-09-13,1958,Unprovoked,ANDAMAN / NICOBAR ISLANDAS,,,Climbing up to ship after repairing the stern in water,M,32.0,Y,14h00,Blue shark,other,other shark
1958-07-27,1958,Unprovoked,USA,Florida,"Longboat Key, Sarasota, Sarasota County","Swimming, ducking for shells in water 0.9 m deep",M,8.0,N,16h10,"Tiger shark, 1.5 m to 1.8 m [5' to 6']",swimming,tiger shark
1958-01-01,1958,Unprovoked,PAPUA NEW GUINEA,West New Britain Province,"Kombe, Talasea",Spearfishing,M,,Y,,Several sharks involved,fishing,other shark
1957-12-23,1957,Unprovoked,SOUTH AFRICA,KwaZulu-Natal,Margate,Floating,M,23.0,Y,16h23,>3 m [10'] shark,other,other shark
1957-04-22,1957,Provoked,USA,Florida,"Ormond Beach, Volusia County",Standing,M,17.0,N,11h00,4 m [13'] shark,swimming,other shark
1957-01-01,1957,Unprovoked,CUBA,Havana Province,Havana,Fishing for sharks,M,18.0,Y,,,fishing,unknown
1955-03-09,1955,Unprovoked,AUSTRALIA,New South Wales,Wamberal,Body surfing,M,22.0,Y,18h00,,surfing,unknown
1954-10-06,1954,Provoked,UNITED KINGDOM,Isle of Man,Off Fleetwood,Fishing  (trawling),M,62.0,N,,20' shark,fishing,other shark
1954-01-30,1954,Unprovoked,AUSTRALIA,New South Wales,Avoca Beach,Swimming,M,,N,,,swimming,unknown
1953-09-02,1953,Unprovoked,USA,Hawaii,"Waiau, Pearl Harbor, O'ahu",Crabbing,M,,N,,"Hammerhead shark, 1.5 m [5']",other,other shark
1952-12-21,1952,Unprovoked,AUSTRALIA,South Australia,Cape Douglas,"Fishing, setting nets",M,25.0,N,After dark,2.4 m [8'] shark,fishing,other shark
1951-01-01,1951,Invalid,MOZAMBIQUE,Sofala Province,Beira,Swimming,M,,,,Invalid,swimming,unknown
1951-03-15,1951,Unprovoked,SOUTH AFRICA,KwaZulu-Natal,"South Beach, Durban",Body surfing,M,19.0,N,12h00,,surfing,unknown
1948-04-10,1948,Provoked,SOUTH AFRICA,Western Cape Province,Gansbaai,"Bringing hooked, harpooned shark onboard boat",M,,N,,,watercraft,unknown
1948-01-25,1948,Unprovoked,AUSTRALIA,New South Wales,"Mona Vale, near Sydney",Surf skiing,M,,N,,6' shark,surfing,other shark
1947-04-01,1947,Provoked,PACIFIC OCEAN,,Off Central American coast at 8N.79W,"Moving shark from tuna vessel when boat rolled, placing both man & shark in chest-deep water",M,29.0,N,11h00,,watercraft,unknown
1947-02-23,1947,Watercraft,AUSTRALIA,Queensland,Palm Beach,Fishing,,,N,,,fishing,unknown
1946-01-01,1946,Unprovoked,PERSIAN GULF,Head of the Gulf,,Bitten after dhow shipwrecked,F,,N,,,other,unknown
1944-10-24,1944,Sea Disaster,,,225 miles east of Hong Kong,Japanese POW ship Arisan Maru with 1800 American prisoners of war on board bound for slave labor camps was torpedoed by an American submarine,M,,Y,>17h30,,watercraft,unknown
1943-03-21,1943,Unprovoked,SOUTH AFRICA,KwaZulu-Natal,"North Beach, Durban",Swimming,M,31.0,Y,16h10,,swimming,unknown
1942-09-12,1942,Sea Disaster,ATLANTIC OCEAN,,360 miles north of Ascension Island,"The Pacquebot Laconia, enroute to Liverpool with 600 Italian prisoners onboard, was torpedoed by the German submarine  U-156 and only 2 rafts were launched before the ship went down. Unable to board an overcrowded raft, he was swimming.",M,,N,,,swimming,unknown
1941-11-27,1941,Sea Disaster,SOUTH ATLANTIC OCEAN,Off Libya,,HMAS Parramatta torpedoed & sunk by the U-559,M,23.0,N,,Tiger shark,other,tiger shark
1941-07-22,1941,Watercraft,USA,New Jersey,"Brielle, Monmouth County (Offshore)",Fishing for tuna,,,N,12h00,Mako shark,fishing,other shark
1940-02-20,1940,Watercraft,AUSTRALIA,New South Wales,Sydney Harbour,Canoeing,,,N,15h30,,other,unknown
,1940,Watercraft,SLOVENIA,Adriatic Sea,Koper,Boating,,,N,,White shark,watercraft,white shark
1936-02-23,1936,Provoked,AUSTRALIA,New South Wales,"Angourie, near Yamba",Touching the mouth of a supposedly dead shark,F,,N,,,other,unknown
1936-01-22,1936,Unprovoked,AUSTRALIA,South Australia,"West Beach, near Adelaide","Swimming. Passer-by, Len Bedford, heard him shriek , saw shark leap from the water & swimmer disappeared",M,13.0,Y,18h00,White shark,swimming,white shark
1934-03-01,1934,Provoked,AUSTRALIA,New South Wales,Cronulla,Fishing,,,N,,"Mako shark, 3.7 m [12'] identified by tooth fragments by G.P. Whitley",fishing,other shark
1933-11-18,1933,Unprovoked,AUSTRALIA,Queensland,Near Barrow Point,Pearl diving,M,17.0,N,,Tiger shark,diving,tiger shark
1932-07-14,1932,Invalid,USA,Texas,Galveston,,M,17.0,,,Shark involvement prior to death unconfirmed,other,other shark
1931-08-31,1931,Unprovoked,CUBA,Havana Province,"Vedado Baths, Miramar, Havana",Swimming,M,18.0,Y,FATAL  (Wire netting installed at local beaches after this incident.),,swimming,unknown
1929-03-04,1929,Unprovoked,AUSTRALIA,South Australia,Ardrossan,Launching rowboat through the surf,M,12.0,N,,a dog shark,surfing,other shark
1929-01-01,1929,Unprovoked,USA,Florida,"Cape Canaveral, Brevard County",Hardhat diving,M,27.0,N,,,diving,unknown
,1928,Provoked,ITALY,Tuscany,Viareggio,Watercraft,M,,N,,"Species unknown, possibly a white shark",watercraft,other shark
1927-01-20,1927,Unprovoked,SOUTH AFRICA,Eastern Cape Province,Kidd’s Beach,Body surfing,M,,N,11h45,"Raggedtooth shark, 1.5 m [5']",surfing,other shark
1923-01-01,1923,Watercraft,USA,New Jersey,"Sea Bright, Monmouth County",Fishing,M,,N,,,fishing,unknown
1922-09-21,1922,Watercraft,USA,Massachusetts,Nahant,Fishing,,,N,,A pack of 6 sharks,fishing,other shark
1922-04-26,1922,Unprovoked,AUSTRALIA,New South Wales,Hawkesbury River,Swimming,M,,Y,,,swimming,unknown
1922-02-02,1922,Invalid,AUSTRALIA,New South Wales,"Bilgola Beach, Sydney",Swimming,M,,,,Shark involvement prior to death unconfirmed,swimming,other shark
1921-07-21,1921,Unprovoked,CUBA,,Havana Harbor,Fell overboard,M,,Y,,,watercraft,unknown
1920-01-01,1920,Unprovoked,NEW ZEALAND,North Island,"Stanley Bay, Auckland Harbor",,F,,N,,,other,unknown
1919-01-15,1919,Unprovoked,NEW ZEALAND,South Island,"Tahuna Beach, Nelson",Swimming,F,,N,Afternoon,,swimming,unknown
1916-11-10,1916,Unprovoked,AUSTRALIA,Queensland,Townsville,Swimming,M,,Y,06h00,,swimming,unknown
1915-07-06,1915,Unprovoked,MEXICO,Tamaulipas,Tampico,Fishing,M,,Y,,,fishing,unknown
1915-05-15,1915,Invalid,EGYPT,,Alexandria,Fell overboard,M,,,,Shark involvement prior to death unconfirmed,watercraft,other shark
1915-01-13,1915,Invalid,NEW ZEALAND,North Island,Otaki,Fishing,M,,,,Shark involvement prior to death unconfirmed,fishing,other shark
1913-12-26,1913,Sea Disaster,CUBA,,off Neuvitas,,M,,Y,,,other,unknown
1913-07-12,1913,Unprovoked,USA,South Carolina,Charleston,,M,,Y,,,other,unknown
1913-01-01,1913,Unprovoked,REUNION,Saint-Denis,Barachoise bridge,Swimming after his hat,M,,Y,,,swimming,unknown
1912-01-06,1912,Unprovoked,AUSTRALIA,New South Wales,Sydney Harbor,,M,,N,,"C. macrurus captured 48 hours after attack with tissue removed from man in its gut; species identified by G.P. Whitley,  reported as C. obscurus by  R. Steel",other,other shark
1911-10-26,1911,Unprovoked,USA,South Carolina,Off Charleston,Fell overboard from steamship Rio Grande,M,,Y,,,watercraft,unknown
1911-01-04,1911,Sea Disaster,AUSTRALIA,Western Australia,Off Legendre Island,3-masted steel barque Glenbank foundered during a cyclone,M,22.0,N,,,other,unknown
1908-08-28,1908,Unprovoked,SPAIN,Galicia,Cape Finisterre,Fell overboard from P&O steamship Arabia,M,,Y,,,watercraft,unknown
1907-10-14,1907,Unprovoked,AUSTRALIA,New South Wales,"Merewether Beach, near Newcastle",Bathing,M,,N,11h00,,swimming,unknown
1906-09-05,1906,Unprovoked,AUSTRALIA,Torres Strait,Mabiuag,Swimming,M,,Y,,,swimming,unknown
1904-08-01,1904,Unprovoked,CUBA,Villa Clara Province,Caibarien Harbor,"Ship's boat capsized in squall, captain & 2 sailors clinging onto hull",M,,Y,,,watercraft,unknown
1899-05-04,1899,Unprovoked,ITALY,Imperia Province,Bordighera,Bathing,M,,Y,,,swimming,unknown
1898-01-01,1898,Sea Disaster,USA,Hawaii,,Loss of the schooner Nomad,M,,Y,,,other,unknown
1892-03-02,1892,Provoked,AUSTRALIA,New South Wales,Lake Macquarie,Fishing,M,21.0,N,Night,12' shark,fishing,other shark
1889-11-22,1889,Unprovoked,AUSTRALIA,Queensland,Bowen,Fell into the water,M,,Y,,,other,unknown
1888-12-01,1888,Unprovoked,AUSTRALIA,New South Wales,"Hawkesbury Bridge, Sydney",Working on the bridge when he fell into the river,M,,Y,,,other,unknown
1885-11-26,1885,Unprovoked,AUSTRALIA,Western Australia,Bunbury,Bathing,M,,N,Evening,,swimming,unknown
1885-03-28,1885,Unprovoked,SOUTH AFRICA,KwaZulu-Natal,Kokstad District,Fishing,M,,N,,3 m [10'] shark,fishing,other shark
1882-09-01,1882,Unprovoked,JAPAN,,,Clinging to shipwrecked junk,M,,N,,,other,unknown
,1882,Unprovoked,ATLANTIC OCEAN,,,Fell overboard from the Selim,M,,Y,,,watercraft,unknown
1880-10-10,1880,Sea Disaster,AUSTRALIA,New South Wales,Bermagui,Traveling by boat,M,,Y,,,watercraft,unknown
,1874,Unprovoked,AUSTRALIA,New South Wales,"Darling Harbor, Sydney",Bathing,M,,N,,,swimming,unknown
1864-09-01,1864,Unprovoked,SCOTLAND,Edinburgh,Granton,,M,,N,,3' shark,other,other shark
1862-07-14,1862,Unprovoked,SPAIN,Cádiz,Off Algeciras,,M,18.0,Y,,16' shark,other,other shark
1851-01-01,1851,Unprovoked,USA,California,"San Francisco Bay (or San Leandro Bay), near cannery, Alameda County",Hard hat diving,M,,N,,18' shark,diving,other shark
1847-09-10,1847,Unprovoked,USA,Massachusetts,"Chelsea Beach, Suffolk County",Wading,M,,N,,,swimming,unknown
1816-09-03,1816,Unprovoked,USA,Rhode Island,Bristol Harbor,Swimming,M,,Y,,,swimming,unknown
1780-08-08,1780,Unprovoked,USA,Florida,"Pensacola Harbor, Escambia County",Swimming,M,,Y,,,swimming,unknown
1753-10-27,1753,Unprovoked,JAMAICA,,Kingston Harbor,Fell overboard,M,,Y,,,watercraft,unknown
1742-12-17,1742,Unprovoked,,,Carlisle Bay,Swimming,M,,Y,,,swimming,unknown
1738-04-06,1738,Unprovoked,ITALY,Sicily,Strait of Messina,Swimming,M,,Y,,,swimming,unknown
2023-06-23,2023,Unprovoked,USA,Florida,"Cocoa Beach, Brevard County",Swimming,F,,N,,,swimming,unknown
2023-05-21,2023,Unprovoked,USA,New Jersey,"Stone Harbor, Cape May County",Surfing,F,15.0,N,15h00,,surfing,unknown
2023-01-05,2023,Unprovoked,MeXICO,Gulf of California,Tobari Bay,Diving with  surface-supplied air,M,53.0,Y,11h30,,surfing,unknown
2022-08-15,2022,Unprovoked,USA,South Carolina,"Myrtle Beach, Horry County",Standing,F,,N,12h00,Blacktip shark,swimming,other shark
2021-08-07,2021,Unprovoked,USA,Florida,"New Smyrna Beach, Volusia County",Surfing,M,35.0,N,10h00,,surfing,unknown
2021-07-11,2021,Provoked,BAHAMAS,,,Jackass Team's publicity stunt for Discovery Channel's Shark Week 2021,M,,N,,,other,unknown
2021-07-03,2021,Unprovoked,ECUADOR,Galapagos,,Diving,M,31.0,N,,Galapagos shark,diving,other shark
2021-06-23,2021,Unprovoked,AUSTRALIA,Western Australia,Gum Tree Bay,Surfing,M,25.0,N,14h00,,surfing,unknown
2021-06-18,2021,Unprovoked,USA,Florida,"Bethune Beach, Volusia County",Standing,M,12.0,N,15h57,,swimming,unknown
2020-12-09,2020,Unprovoked,AUSTRALIA,Western Australia,Cable Beach,Surfing,M,,N,07h00,,surfing,unknown
2020-11-26,2020,Unprovoked,USA,Hawaii,Maui,Snorkeling,F,35.0,N,14h00,,other,unknown
2020-08-28,2020,Unprovoked,USA,California,"Shelter Cove, Humboldt County",Kayak fishing,M,,N,Afternoon,White shark,fishing,white shark
2020-08-20,2020,Unprovoked,USA,Florida,"New Smyrna Beach, Volusia County",Boogie boarding,F,50.0,N,11h00,,watercraft,unknown
2020-07-31,2020,Unprovoked,USA,Alabama,"Orange Beach, Baldwin County",Swimming,M,14.0,N,13h00,Blacktip or Spinner shark,swimming,other shark
2019-11-23,2019,Questionable,AUSTRALIA,Queensland,"Elliot Head, near Bundaberg.",Spearfishing,M,38.0,,,,fishing,unknown
2019-10-08,2019,Unprovoked,USA,Florida,"Fort Pierce, St. Lucie County",Surfing,M,20.0,N,12h00,,surfing,unknown
2019-10-05,2019,Unprovoked,AUSTRALIA,New South Wales,Lighthouse Beach,Surfing,M,29.0,N,16h00,"White shark, 3.5 m",surfing,white shark
2019-09-26,2019,Unprovoked,USA,Hawaii,"Kihei, South Maui",Surfing,F,,N,09h15,6' to 7' shark,surfing,other shark
2019-08-11,2019,Unprovoked,USA,Hawaii,"Makaha Beach, Oahu",Surfing,M,16.0,N,19h30,10' to 12' shark,surfing,other shark
2019-04-06,2019,Questionable,USA,Hawaii,"North Koahala, Big Island",Picking opihi,M,58.0,N,Night,Tiger shark,other,tiger shark
2018-11-07,2018,Unprovoked,AUSTRALIA,New South Wales,"Shelly Beach, Ballina",Surfing,M,42.0,N,06h45,5' shark,surfing,other shark
2018-09-27,2018,Watercraft,USA,California,Humboldt County,Fishing,M,55.0,N,15h00,White shark,fishing,white shark
2018-08-15,2018,Unprovoked,USA,Massachusetts,"Longnook Beach, Truro, Barnstable County",Swimming,M,61.0,N,16h00,White shark,swimming,white shark
2018-07-13,2018,Unprovoked,USA,Florida,"Fernandina Beach, Nassau County",Wading,M,17.0,N,15h40,,swimming,unknown
2018-06-18,2018,Provoked,USA,Florida,"Near the Bahia Honda Bridge, Monroe County",Fishing,M,,N,,Nurse shark,fishing,other shark
2017-09-02,2017,Unprovoked,USA,Florida,"New Smyrna Beach, Volusia County",Surfing,M,17.0,N,10h44,,surfing,unknown
2017-02-21,2017,Unprovoked,REUNION,Saint-Andre,,Body boarding,M,26.0,Y,09h30,,watercraft,unknown
2016-10-12,2016,Unprovoked,AUSTRALIA,New South Wales,"Sharpes Beach, Ballina",Surfing,M,25.0,N,10h30,,surfing,unknown
2016-04-18,2016,Provoked,FRENCH POLYNESIA,Tuamotos,Makemo Atoll,Spearfishing,M,26.0,N,Morning,"Grey reef shark, 2 m",fishing,other shark
2016-03-13,2016,Invalid,USA,California,"Bolsa Chica State Park, Orange County",Surfing,,,,Morning,Shark involvement not confirmed,surfing,other shark
2016-02-04,2016,Unprovoked,AUSTRALIA,New South Wales,Hams Beach,Windsurfing,M,40.0,N,Late afternoon,,surfing,unknown
2015-12-22,2015,Unprovoked,USA,Hawaii,La'aloa Beach Park,Paddle boarding,M,71.0,N,Morning,9' shark,watercraft,other shark
2015-07-25,2015,Unprovoked,AUSTRALIA,Tasmania,"Lachan Island, Mercury Passage",Scallop diving on hookah,M,46.0,Y,10h00,"White shark, 3.9 to 4.2 m",diving,white shark
2015-07-19,2015,Unprovoked,SOUTH AFRICA,Eastern Cape Province,Jeffrey's Bay,Surfing,M,34.0,N,,White shark,surfing,white shark
2015-06-27,2015,Unprovoked,USA,North Carolina,"Rodanthe, Dare County",Swimming,M,18.0,N,16h00,Bull shark,swimming,bull shark
2015-06-05,2015,Unprovoked,USA,Florida,Fort Lauderdale,Attempting to rescue a shark,F,17.0,N,,small nurse shark,other,other shark
2014-12-03,2014,Provoked,SPAIN,Granada,Off Motril,Fishing for blue sharks,M,,N,07h00,,fishing,unknown
2014-11-16,2014,Unprovoked,USA,Florida,"Indian Harbor Beach, Brevard County",Surfing,M,44.0,N,13h00,2' shark,surfing,other shark
2014-09-12,2014,Unprovoked,FRENCH POLYNESIA,Moorea,Tiahura Lagoon,Feeding fish,F,36.0,N,,Blacktip shark,fishing,other shark
2014-09-03,2014,Watercraft,USA,Massachusetts,"Manomet Point, Plymouth, Plymouth County",Kayaking,F,,N,18h00,"White shark, 12' to 14'",watercraft,white shark
2014-04-24,2014,Unprovoked,AUSTRALIA,Western Australia,"South Passage, south of Coral Bay",Spearfishing,M,,N,,reef shark?,fishing,other shark
2013-12-02,2013,Unprovoked,USA,Hawaii,"Between  Makena & Molokini, Maui",Kayaking / Fishing,M,57.0,Y,09h00,,fishing,unknown
2013-09-08,2013,Unprovoked,USA,South Carolina,"St. Helena Island, Beaufort County",,F,,,,,other,unknown
2013-07-07,2013,Invalid,SPAIN,Catalonia,"Sant Marti d’Empuries Beach, L’Escala",Swimming,M,48.0,,,Shark involvement not confirmed,swimming,other shark
2012-12-01,2012,Unprovoked,NEW ZEALAND,South Island,"Sunday Cove, Fiordland",Scuba diving,F,25.0,N,,Seven-gill shark,diving,other shark
2012-07-31,2012,Unprovoked,AUSTRALIA,South Australia,Streaky Bay,Surfing,M,48.0,N,14h40,White shark or bronze whaler,surfing,white shark
2012-06-03,2012,Unprovoked,AUSTRALIA,New South Wales,"Redhead Beach, Newcastle",Surf skiing,M,30.0,N,14h30,"White shark, 2 m",surfing,white shark
2012-05-16,2012,Unprovoked,FIJI,,Matacucu Reef,Spearfishing,M,20.0,N,,,fishing,unknown
2012-01-03,2012,Unprovoked,AUSTRALIA,New South Wales,North Avoca Beach,Surfing,M,28.0,N,20h00,2 m shark,surfing,other shark
2011-12-21,2011,Watercraft,SOUTH AFRICA,Eastern Cape Province,"Noordhoek, Port Elizabeth",Kayak Fishing,M,35.0,N,Dawn,,fishing,unknown
2011-11-29,2011,Unprovoked,INDONESIA,Bali,Tabanan,Surfing,M,18.0,N,13h30,,surfing,unknown
2011-09-04,2011,Unprovoked,AUSTRALIA,Western Australia,Bunker Bay,Body boarding,M,21.0,Y,13h26,White shark,watercraft,white shark
2011-08-17,2011,Invalid,USA,North Carolina,"Wrightsville Beach, New Hanover County",,M,12.0,,16h00,Shark involvement not confirmed,other,other shark
2011-06-29,2011,Unprovoked,BRAZIL,Pernambuco,Praia do Pina,Surfing,M,21.0,N,10h00,,surfing,unknown
2011-03-24,2011,Unprovoked,MEXICO,Quintana Roo,"Gaviotas Beach, Cancun",Swimming,F,,N,,Bull shark,swimming,bull shark
2010-12-05,2010,Unprovoked,EGYPT,South Sinai Peninsula,"Middle Garden, Sharm el-Shiekh",Snorkeling,F,70.0,Y,12h00,"Oceanic whitetip shark, 2.5m",other,other shark
2008-11-09,2008,Sea Disaster,TAIWAN,,50 miles off Kaohsiung,Fishing boat swamped in storm,M,45.0,Y,,,fishing,unknown
2008-06-20,2008,Unprovoked,USA,Florida,"Fernandina Beach, Nassau County",Wading,F,35.0,N,11h10,,swimming,unknown
2008-05-10,2008,Unprovoked,AUSTRALIA,Western Australia,Albany,Swimming,M,37.0,N,07h30,"White shark, 4m",swimming,white shark
2007-10-29,2007,Unprovoked,USA,Hawaii,"Wailea, Maui",Floating,M,32.0,N,15h30,Tiger shark,other,tiger shark
2007-09-28,2007,Unprovoked,BAHAMAS,Grand Bahama Island,Sweetings Cay,Spearfishing,F,48.0,N,12h00,Caribbean reef shark,fishing,other shark
2007-08-19,2007,Unprovoked,USA,Florida,"New Smyrna Beach, Volusia County",Surfing,M,16.0,N,12h39,4' to 5' shark,surfing,other shark
2007-07-28,2007,Unprovoked,USA,California,"Imperial Beach, San Diego County",Surfing,M,20.0,N,23h00,,surfing,unknown
2007-07-17,2007,Invalid,USA,California,"Faria Beach, Ventura County",Swimming,F,43.0,,11h00,Shark involvement not confirmed,swimming,other shark
2007-05-10,2007,Unprovoked,USA,Florida,"New Smyrna Beach, Volusia County",Surfing,F,21.0,N,16h00,4' to 5' shark,surfing,other shark
2007-05-07,2007,Unprovoked,USA,Hawaii,"Keawakapu Beach, Maui",Snorkeling,F,63.0,N,08h30,"Tiger shark, 14'",other,tiger shark
2007-03-12,2007,Unprovoked,AUSTRALIA,Queensland,"Moore Park, north of Bundaberg",Swimming,F,59.0,N,15h30,2 to 2.5 m shark,swimming,other shark
2006-05-27,2006,Unprovoked,USA,Hawaii,"North Shore, O'ahu",Surfing,M,31.0,N,16h00,,surfing,unknown
2006-05-19,2006,Unprovoked,USA,Guam,Gun Beach,Scuba diving,F,,N,15h30,"Tiger shark, 10' to 12'",diving,tiger shark
2005-11-02,2005,Unprovoked,USA,California,"Mavericks, Half Moon Bay, San Mateo County",Surfing,M,25.0,N,16h45,,surfing,unknown
2005-06-02,2005,Unprovoked,USA,Texas,"Mustang Island, Corpus Christi",Wading,M,6.0,N,Morning,,swimming,unknown
2005-05-02,2005,Unprovoked,USA,Hawaii,"Noreiga's, Maui",Surfing,M,47.0,N,10h30,"Tiger shark, 3 m [10']",surfing,tiger shark
2004-10-30,2004,Invalid,NEW ZEALAND,North Island,Whangarei,,,,,,Invalid,other,unknown
2004-05-22,2004,Unprovoked,BRAZIL,Pernambuco,"Piedade Beach, Recife",Wading,F,24.0,N,16h00,,swimming,unknown
2003-09-21,2003,Unprovoked,USA,Florida,"Ponce Inlet, New Smyrna Beach, Volusia County",Surfing,M,21.0,N,11h45,,surfing,unknown
2003-09-13,2003,Unprovoked,USA,South Carolina,"Isle of Palms, Charleston County","Standing, stepped on shark",M,15.0,N,Afternoon,7' shark,swimming,other shark
2003-07-04,2003,Unprovoked,BAHAMAS,Abaco Islands,10 miles west of Walker’s Cay,Spearfishing,M,39.0,N,14h45,2.1 m  [7'] bull shark,fishing,other shark
2003-05-03,2003,Unprovoked,USA,Florida,"Daytona Beach Shores, Volusia County",Walking,F,9.0,N,12h20,,other,unknown
2003-04-20,2003,Unprovoked,USA,Florida,"Sunglow Pier, Daytona Beach Shores, Volusia County",Surfing,M,23.0,N,09h00,0.9 m to 1.2 m [3' to 4'] shark,surfing,other shark
2002-06-03,2002,Unprovoked,SOUTH AFRICA,KwaZulu-Natal between Port Edward and Port St Johns,Off Mkhambati,Snorkeling (filming the sardine run),M,50.0,N,,1.5 to 2.5 m [5' to 8.25'] copper shark,other,other shark
2001-09-30,2001,Watercraft,AUSTRALIA,Queensland,"Moreton Bay, NE of Brisbane",,M,31.0,N,P.M.,4 m [13'] white shark,other,other shark
2001-09-03,2001,Unprovoked,USA,North Carolina,"Avon, Hatteras Island, Outer Banks, Dare County",Swimming,F,23.0,N,18h00,A large white shark was filmed by divers on a local wreck 2 days prior to the incident.,swimming,other shark
2001-01-09,2001,Unprovoked,USA,California,"Sunset Cliffs, San Diego",Surfing,M,,N,,1.8 m to 2.4 m [6' to 8'] black finned shark,surfing,other shark
2000-12-24,2000,Unprovoked,AUSTRALIA,Queensland,Flinders Cay,Scuba diving,M,23.0,N,,,diving,unknown
2000-11-06,2000,Unprovoked,AUSTRALIA,Western Australia,"Cottesloe Beach, Perth",Swimming,M,52.0,N,06h30,"White shark, 4.9 m [16']",swimming,white shark
2000-10-14,2000,Unprovoked,USA,Florida,"South Beach, Sebastian, Indian River County",Swimming,M,69.0,N,15h30,,swimming,unknown
2000-09-16,2000,Unprovoked,USA,South Carolina,"Isle of Palms, Charleston County",,,,N,,,other,unknown
2000-05-09,2000,Invalid,AUSTRALIA,Victoria,"Koonya Beach, Melbourne",,,,,,Shark involvement prior to death was not confirmed,other,other shark
2000-02-01,2000,Unprovoked,AUSTRALIA,South Australia,"Point Sinclair, Cactus Beach near Penong",Surfing,M,26.0,N,,3 m [10'] shark,surfing,other shark
1999-12-31,1999,Unprovoked,NEW ZEALAND,South Island,Oreti Beach,Swimming,F,13.0,N,,Sevengill shark,swimming,other shark
1999-06-17,1999,Unprovoked,USA,Florida,"South of Ponce Inlet, Volusia County",Surfing,M,21.0,N,09h15,3' to 4' shark,surfing,other shark
1999-06-09,1999,Unprovoked,USA,Florida,"Atlantic Dunes Park, Delray Beach, Palm Beach County",Splashing / wading,M,5.0,N,16h00,Blacktip or spinner shark,swimming,other shark
1999-01-01,1999,Watercraft,NEW ZEALAND,North Island,"Papamoa, near Tauranga, Bay of Plenty",Inflatable boat,,,N,,,watercraft,unknown
1999-01-03,1999,Invalid,AUSTRALIA,Northern Territory,Gulf of Carpenteria,Fishing,F,37.0,,,Shark involvement not confirmed,fishing,other shark
1998-07-11,1998,Unprovoked,SOUTH AFRICA,Eastern Cape Province,St. Francis Bay,Surfing,M,16.0,N,Morning,5' to 6' shark,surfing,other shark
1998-04-21,1998,Unprovoked,USA,Oregon,Gleneden Beach,Surfing (lying prone on his board),M,50.0,N,09h30,5 m [16.5'] white shark,surfing,other shark
1998-01-01,1998,Unprovoked,NEW CALEDONIA,South Province,l'Anse-Vata,Windsurfing,M,,N,,1.7 m shark,surfing,other shark
1997-11-05,1997,Invalid,AUSTRALIA,New South Wales,Botany Bay?,Unknown,M,21.0,,,Shark involvement prior to death suspected but not confirmed,other,other shark
1997-08-05,1997,Unprovoked,USA,Texas,"East Beach, Galveston",Wading,F,10.0,N,,1 m shark,swimming,other shark
1997-01-01,1997,Watercraft,AUSTRALIA,Victoria,"Seal Rocks, Phillip Island",Watching seals,,,N,,White shark,other,white shark
1996-04-28,1996,Unprovoked,USA,Hawaii,"La'ie Point, O'ahu",,M,,,,,other,unknown
1996-02-26,1996,Unprovoked,AUSTRALIA,New South Wales,"Charles Street Wharf, Parramatta River",Dived naked into the water on a bet,M,24.0,N,Night,Bronze whaler shark,diving,other shark
1995-09-17,1995,Unprovoked,USA,Florida,"Daytona Beach, Volusia County",Swimming,F,19.0,N,15h40,,swimming,unknown
1993-02-19,1993,Sea Disaster,TONGA,Tongapatu Group,Between 'Ata and Tongapatu,Sea disaster,M,,N,03h00,,other,unknown
1992-11-11,1992,Unprovoked,USA,California,"San Nicholas Island, Santa Barbara County",Scuba diving (submerged),M,40.0,N,14h00,Unidentified shark,diving,other shark
1992-10-15,1992,Unprovoked,AUSTRALIA,New South Wales,Avalon Beach,Scuba diving,M,,N,,Grey nurse shark,diving,other shark
1992-08-21,1992,Invalid,USA,Hawaii,"Twin Arches, Hana Ranch, Maui",Fell from cliff while fishing & disappeared in strong current,M,,,15h00,Questionable incident,fishing,unknown
1991-11-26,1991,Unprovoked,USA,Hawaii,"Olowalu, Maui",Snorkeling,F,41.0,Y,09h00,"Tiger shark, 2.4 m 3.4 m [8' to 11']",other,tiger shark
1991-07-07,1991,Unprovoked,USA,Florida,"South Miami Beach, Dade County",Swimming,M,22.0,N,18h45,,swimming,unknown
1991-04-24,1991,Provoked,BRAZIL,Pernambuco,"Praia de Pau Amarelo, Recife",Fishing,,,N,Afternoon,"170-kg, 2.8 m shark",fishing,other shark
1990-10-30,1990,Unprovoked,USA,Florida,"Melbourne Beach, Brevard County",Surfing,M,50.0,N,16h55,1.8 m [6'] shark,surfing,other shark
1990-08-19,1990,Unprovoked,USA,Texas,"Near Port Aransas, Nueces County",Wade fishing,M,18.0,N,13h30,,fishing,unknown
1990-05-10,1990,Unprovoked,AUSTRALIA,Queensland,Outer Barrier Reef near Port Douglas,Snorkeling,F,,N,,2 m hammerhead,other,other shark
1990-04-08,1990,Unprovoked,AUSTRALIA,Queensland,"Dingo Reef, 80 nm off Townsville",Free diving for trochus,M,37.0,Y,,,diving,unknown
1989-04-23,1989,Unprovoked,USA,Florida,"Loggerhead Park, Juno Beach, Palm Beach County",Swimming,M,19.0,N,,1.2 m [4'] shark,swimming,other shark
1989-01-03,1989,Unprovoked,AUSTRALIA,New South Wales,"Half Tide Beach, Evans Head",Surfing with dolphins,M,17.0,N,17h15,"Tiger shark, 4 m [13']",surfing,tiger shark
1988-06-09,1988,Unprovoked,USA,South Carolina,"Sea Pines Beach Club, Hilton Head, Beaufort County",Sittting in water with his child,M,37.0,N,16h00,Sand shark?,other,other shark
1988-04-28,1988,Unprovoked,REUNION,Saint-Louis,Embouchure de l'étang du Gol,pêcheur de bichiques,M,,Y,17h30,,other,unknown
1988-01-14,1988,Provoked,USA,Louisiana,,Fishing,M,,N,,Mako shark,fishing,other shark
1986-12-06,1986,Unprovoked,USA,California,"Monastery Beach, Carmel River State Park, Monterey Peninsula, Monterey California",Free diving  & spearfishing (submerged),M,27.0,N,10h00,5 m to 6 m [16.5' to 20'] white shark,fishing,other shark
1984-02-12,1984,Invalid,SOUTH AFRICA,Eastern Cape Province,St. George’s Strand,,,,,,Shark involvement prior to death was not confirmed,other,other shark
1983-07-25,1983,Sea Disaster,AUSTRALIA,Queensland,"Off Lodestone Reef, Great Barrier Reef, north of Townsville",14 m prawn trawler New Venture capsized  & sank in heavy seas Three people in the water,M,28.0,N,Night,"Tiger shark, 5 m [16.5']",other,tiger shark
1983-01-24,1983,Provoked,USA,South Carolina,60 miles southeast of Beaufort,Fishing,M,43.0,N,,,fishing,unknown
1982-08-29,1982,Unprovoked,SOUTH AFRICA,Western Cape Province,Langebaan,Swimming,F,18.0,N,12h00,,swimming,unknown
1981-09-28,1981,Unprovoked,USA,Florida,"Cocoa Beach, Brevard County",Surfing,M,28.0,N,18h00,,surfing,unknown
1981-02-16,1981,Unprovoked,AUSTRALIA,Western Australia,"Leighton Beach, north of Freemantle",Exercising his dog in the shallows,M,,N,,1 m hammerhead shark,other,other shark
1980-08-04,1980,Unprovoked,USA,Hawaii,"Puamana, Lahaina, Maui",Resting on body board,M,,N,,"Tiger shark, 4.3 m [14']",watercraft,tiger shark
1980-01-01,1980,Invalid,SOUTH AFRICA,Eastern Cape Province,Bonza Bay,Spearfishing,M,20.0,,Early afternoon,Invalid,fishing,unknown
1979-12-21,1979,Unprovoked,SOUTH AFRICA,Eastern Cape Province,Kenton-on-Sea,Swimming,M,18.0,N,16h20,,swimming,unknown
1979-03-24,1979,Unprovoked,USA,Florida,"Singer Island, Riviera Beach, Palm Beach County",Surfing,M,27.0,N,11h30,Blacktip or spinner shark,surfing,other shark
1979-03-11,1979,Unprovoked,USA,California,"Ano Nuevo Island, San Mateo, County",Scuba diving (submerged),M,,N,10h00,"White shark, 4 m to 5 m [13' to 16.5']",diving,white shark
1979-01-01,1979,Unprovoked,USA,Hawaii,"South Kohala, Hawai'i",Fishing,M,,Y,,,fishing,unknown
1978-08-05,1978,Unprovoked,USA,California,"Pajaro Dunes, Santa Cruz County",Wading,M,,N,12h45,2 m [6'9] shark,swimming,other shark
1976-08-24,1976,Unprovoked,USA,Oregon,Winchester Bay,Surfing,M,19.0,N,14h00,"White shark, 4.5 m",surfing,white shark
1975-03-01,1975,Sea Disaster,BANGLADESH,Ganges-Brahmaputra delta,,Ferry capsized,,,Y,,,other,unknown
1975-02-07,1975,Unprovoked,AUSTRALIA,Queensland,Currumbin Rock,,M,,N,,,other,unknown
1973-12-25,1973,Unprovoked,MOZAMBIQUE,Gaza,Xai Xai,Spearfishing,M,41.0,N,11h20,,fishing,unknown
1973-09-09,1973,Unprovoked,MEXICO,Baja California,Guadalupe Island,"Free diving, Spearfishing",M,37.0,Y,16h45,White shark,fishing,white shark
1972-05-06,1972,Unprovoked,FRENCH POLYNESIA,Tuamotus,Ahé Atoll,Spearfishing,M,27.0,N,,1.5 m grey reef shark,fishing,other shark
1972-01-01,1972,Unprovoked,FRANCE,Antibes,,Swimming,,,N,,White shark,swimming,white shark
1970-11-01,1970,Unprovoked,,,,,M,,N,,,other,unknown
1970-06-13,1970,Unprovoked,GRENADA,St. Andrew Parish,Grenville,Wading,M,18.0,Y,14h00,,swimming,unknown
1969-11-05,1969,Provoked,AUSTRALIA,New South Wales,"Marineland, Sydney",,M,27.0,N,,,other,unknown
1969-09-06,1969,Unprovoked,USA,California,"Bird Rock, Tomales Point, near Marin County / Sonoma County border",Free diving for abalone,M,53.0,N,11h20,"White shark, 4.3 m 4.9 m [14' to 16']",diving,white shark
1969-06-27,1969,Unprovoked,USA,Florida,Florida Keys,Wading,M,22.0,,1600,,swimming,unknown
1969-02-17,1969,Provoked,AUSTRALIA,Tasmania,Taroona,Fishing,M,49.0,N,Daytime,7-gill shark,fishing,other shark
1968-12-25,1968,Unprovoked,NEW ZEALAND,South Island,"St. Clair Beach, Dunedin",Surfing,M,17.0,N,17h45,White shark,surfing,white shark
1968-12-09,1968,Unprovoked,AUSTRALIA,South Australia,Thistle Island,,M,,N,,White shark,other,white shark
1968-06-09,1968,Unprovoked,USA,Florida,"Mullet Key, Pinellas County",Clamming,M,17.0,N,09h30,,other,unknown
1966-07-17,1966,Unprovoked,USA,Texas,"Point Comfort, Calhoun County",Fishing,M,14.0,N,15h00,,fishing,unknown
1966-07-02,1966,Watercraft,CARIBBEAN SEA,,Between USA & Cuba,,,,N,,,other,unknown
1966-01-14,1966,Sea Disaster,COLUMBIA,,Off Cartagena,Colombian  (Avianca) DC-4 airliner plunged into the sea 5 minutes after takeoff,,,Y,,Shark involvement not confirmed,other,other shark
1965-12-19,1965,Unprovoked,JOHNSTON ISLAND,,,Freediving,M,,N,14h00,Grey reef shark,diving,other shark
1965-12-10,1965,Watercraft,AUSTRALIA,South Australia,Cape Jervis,Fishing,,,N,10h30,15' shark,fishing,other shark
1965-11-21,1965,Unprovoked,PACIFIC OCEAN,"250 miles southwest of O'ahu, Hawaii",Japanese fishing boat Taihei Maru No.10,"Hauling dead shark aboard, when another shark leapt out of the water & bit him",M,44.0,N,23h30,,watercraft,unknown
1964-06-29,1964,Sea Disaster,BERMUDA,Hamilton,2 miles south of Castle Island Harbour entrance to Hamilton,Conducting a promotional film project for the Gemini space program (a practice astronaut recovery),,,Y,,,other,unknown
1964-03-28,1964,Sea Disaster,PAPUA NEW GUINEA,Central Province,30 miles from Port Moresby,"Canoe capsized with 10 occupants, 8 survived,  Hamilton swam off to seek help",M,32.0,Y,Midnight,,other,unknown
1963-05-18,1963,Invalid,USA,California,San Mateo County,Swimming,M,,,,Shark involvement not confirmed,swimming,other shark
1963-04-12,1963,Unprovoked,USA,Hawaii,"Awili, South Kona, Hawai'i",Surfing,M,15.0,N,14h00,3.7 to 4.5 m [12' to 15'] shark seen in vicinity,surfing,other shark
1963-01-30,1963,Unprovoked,FIJI,,,Freediving,M,41.0,N,,,diving,unknown
1962-12-30,1962,Provoked,SOUTH AFRICA,KwaZulu-Natal,Shark tank at Oceanographic Research Institute,Scuba diving,M,,N,10h30,"Dusky shark, 1 m",diving,other shark
1962-06-17,1962,Unprovoked,USA,Florida,"New Smyrna Beach, Volusia County",Rolled off raft,M,11.0,N,11h50,1.8 m [6'] shark,other,other shark
1962-02-05,1962,Unprovoked,SOUTH AFRICA,KwaZulu-Natal,Winkelspruit,Treading water,M,13.0,Y,16h20,"White shark, 3 m",swimming,white shark
1962-01-07,1962,Unprovoked,AUSTRALIA,New South Wales,Sydney,Surfing,,,N,,,surfing,unknown
1961-04-16,1961,Unprovoked,USA,Florida,"Fowey Rock Light, Miami",Spearfishing,M,22.0,N,,"Tiger shark, 3 m [10']",fishing,tiger shark
1961-01-03,1961,Unprovoked,SOUTH AFRICA,Western Cape Province,Strandfontein,Standing,M,,N,15h30,,swimming,unknown
1960-10-01,1960,Unprovoked,PAPUA NEW GUINEA,New Britain,"East Nakanai, Talasea",Collecting shells,M,26.0,N,,,other,unknown
1959-08-25,1959,Invalid,JAPAN,Hokkaido Prefecture,"Okushiri Island, Hiyama Subprefecture",,M,14.0,,,Questionable incident,other,unknown
1958-07-31,1958,Unprovoked,MEXICO,Guerrero,"Caleta Beach, Acapulco",Swimming,F,,Y,,,swimming,unknown
1958-04-30,1958,Provoked,USA,Florida,1 mile off Miami Beach,Free diving,M,29.0,N,,"Nurse shark, 1.5 m [5']",diving,other shark
1958-04-01,1958,Unprovoked,PAPUA NEW GUINEA,Morobe Province,"Nasigilatu (Near Malasanga, Finschhafen, in the Huon Gulf)","Fishing, holding fish in his left hand",M,,N,,,fishing,unknown
1958-02-01,1958,Provoked,USA,US Virgin Islands,Water Island,Spearfishing on Scuba,M,18.0,N,,"Nurse shark, 1.5 m [5']",fishing,other shark
1956-07-12,1956,Unprovoked,USA,South Carolina,"Isle of Palms, Charleston County",Swimming,M,7.0,N,15h00j,,swimming,unknown
1955-08-08,1955,Unprovoked,AMERICAN SAMOA,Tutuila Island,Pago Pago Bay,Swimming,M,28.0,Y,A.M.,Blue shark,swimming,other shark
1955-03-01,1955,Provoked,AUSTRALIA,Western Australia,Woodman’s Point,"Competing in U/W endurance record, standing beside drum in 10' of water",M,25.0,N,11h55,,swimming,unknown
1954-12-04,1954,Unprovoked,SOUTH AFRICA,KwaZulu-Natal,"Rocket Hut Beach, Durban",Swimming,M,16.0,N,11h00,Reported as  a shark bite but toothmarks appear to be those of a dolphin,swimming,other shark
1954-01-01,1954,Unprovoked,PAPUA NEW GUINEA,West New Britain Province,"Volupai, Talasea",Swimming,M,12.0,N,,,swimming,unknown
1951-07-19,1951,Unprovoked,USA,California,"Long Beach, Los Angeles County",,M,13.0,N,,,other,unknown
,1950,Unprovoked,GREECE,,"Piraeus, Athens",Swimming,,,Y,,,swimming,unknown
,1949,Watercraft,AUSTRALIA,South Australia,18 miles south of Port Augusta,,,,,,,other,unknown
1948-09-15,1948,Sea Disaster,MID ATLANTIC OCEAN,,Bound from New York to London in ballast,Leicester abandoned in a hurricane,M,,Y,,,other,unknown
1948-08-03,1948,Unprovoked,IRAN,Shatt-al-Arab River,Bashamir,Swimming,M,15.0,N,,,swimming,unknown
1948-06-06,1948,Unprovoked,NORTHERN MARIANA ISLANDS,Saipan,,Swimming,M,,N,,,swimming,unknown
1947-07-01,1947,Invalid,GREECE,Carpathian Sea,Dodecanese Islands,Jumped overboard,M,,,,Questionable,watercraft,unknown
1947-06-27,1947,Unprovoked,USA,Hawaii,"Off Waianae, O'ahu",Fishing,M,35.0,N,10h30,,fishing,unknown
1946-08-24,1946,Unprovoked,ISRAEL,Gaza,Jura Village,Fishing,M,15.0,N,,,fishing,unknown
1945-09-23,1945,Unprovoked,HONG KONG,,Tweed Beach,Bathing,M,,Y,shortly before dusk,,swimming,unknown
1944-05-04,1944,Unprovoked,PANAMA,Caribbean Sea,,Washed overboard by swell,M,,Y,,"White shark, 2.4 m [8']",watercraft,white shark
1944-03-14,1944,Unprovoked,SOUTH AFRICA,KwaZulu-Natal,"Country Club Beach, Durban",Treading water,M,16.0,N,17h30,,swimming,unknown
1943-12-12,1943,Unprovoked,SOUTH AFRICA,KwaZulu-Natal,"Inyoni Rocks, Amazimtoti",Treading water,M,17.0,Y,11h30,,swimming,unknown
1942-06-08,1942,Invalid,BRAZIL,,,boat capsized during filming,M,,,,Shark involvement prior to death unconfirmed,watercraft,other shark
1941-12-03,1941,Unprovoked,AUSTRALIA,Western Australia,Carnarvon,Swimming,M,10.0,N,Night,,swimming,unknown
1940-09-01,1940,Unprovoked,PANAMA,Panama Bay (Pacific Ocean),Otoque Island,Bathing,M,18.0,Y,,5.5 m [18'] shark,swimming,other shark
1937-03-09,1937,Invalid,AUSTRALIA,Victoria,Port Melbourne,Swimming,M,43.0,,,Shark involvement prior to death was not confirmed,swimming,other shark
1936-12-01,1936,Watercraft,AUSTRALIA,Victoria,Mordialloc,Fishing,M,50.0,Y,,Thought to involve a 12' white shark,fishing,other shark
1935-07-27,1935,Invalid,USA,California,Santa Barbara Channel,fishing boat exploded & sank,M,23.0,,,Invalid,fishing,unknown
1934-04-01,1934,Unprovoked,SOUTH AFRICA,KwaZulu-Natal,"Danger Pool, Winkelspruit",Swimming,M,12.0,N,12h00,,swimming,unknown
1934-02-22,1934,Unprovoked,CHILE,Elqui Province,Coquimbo,Fell into the water,M,,Y,,,other,unknown
1933-06-13,1933,Invalid,AUSTRALIA,Northern Territory,Darwin,Fishing,M,,,,Invalid,fishing,unknown
1930-12-25,1930,Unprovoked,AUSTRALIA,New South Wales,"Homebush Bay, Parramatta River, Sydney",Swimming,M,49.0,N,14h30,,swimming,unknown
1929-06-23,1929,Provoked,USA,Florida,"Fort Pierce, St Lucie County",Fishing,M,,N,,9-foot shark,fishing,other shark
1928-04-04,1928,Unprovoked,AUSTRALIA,New South Wales,"Cooks Hill, Newcastle",Standing in waist-deep water,M,28.0,Y,18h00,,swimming,unknown
1924-04-25,1924,Unprovoked,AUSTRALIA,New South Wales,Kiama,"Fishing, fell in water & swimming strongly to shore",M,20.0,Y,Afternoon,,swimming,unknown
1922-01-15,1922,Unprovoked,AUSTRALIA,Queensland,"Ross River, Townsville",Swimming,M,54.0,Y,17h30,,swimming,unknown
1917-01-01,1917,Unprovoked,LIBYA,Mediterranean Sea,Tripoli,Diving for sponges,M,,N,,,diving,unknown
1915-11-10,1915,Unprovoked,AUSTRALIA,Queensland,"Cabbage Tree Creek, Sandgate",Bathing,M,10.0,N,,,swimming,unknown
1914-07-15,1914,Unprovoked,CROATIA,Zadar County,Biograd na moru,Washing clothes,F,,N,,1.5 m [5'] shark,other,other shark
1911-09-20,1911,Unprovoked,USA,Florida,"Pensacola Bay, Escambia County",Fell overboard & swimming,M,,Y,,,swimming,unknown
1910-12-25,1910,Invalid,CROATIA,Primorje-Gorski Kotar County,Rijeka,,M,,,,Questionable,other,unknown
1910-01-26,1910,Unprovoked,AUSTRALIA,New South Wales,Newcastle Harbor,,M,,Y,,,other,unknown
1909-04-27,1909,Provoked,SPAIN,Andalucia,"Puente Mayorga, San Roque, Cádiz",Fishing,M,,N,,,fishing,unknown
1909-01-01,1909,Unprovoked,AUSTRALIA,New South Wales,Woy Woy,,,,N,,,other,unknown
1906-09-01,1906,Provoked,USA,California,"Avalon, Los Angeles County",Fishing,M,,N,,"Shortfin mako shark, 175-lb",fishing,other shark
1903-03-12,1903,Unprovoked,AUSTRALIA,Queensland,Logan River,Swimming,M,,Y,,,swimming,unknown
1898-07-14,1898,Unprovoked,YEMEN,Aden,Sapper Bay,Standing,M,22.0,Y,,,swimming,unknown
1888-06-24,1888,Watercraft,AUSTRALIA,Victoria,Port Melbourne,Fishing,,,N,Evening,,fishing,unknown
1886-05-06,1886,Unprovoked,NEW CALEDONIA,South Province,Noumea,Bathing,M,,Y,12h00,,swimming,unknown
1885-04-16,1885,Unprovoked,,,,Swimming,M,,Y,,,swimming,unknown
,1871,Unprovoked,AUSTRALIA,New South Wales,Jervis Bay & Long Reef,Fishing,M,,N,Night,Wobbegongs,fishing,other shark
1863-04-01,1863,Unprovoked,AUSTRALIA,Queensland,Caloundra Heads,Launching a boat,M,,Y,,2 sharks,watercraft,other shark
1862-06-03,1862,Unprovoked,SOUTH AFRICA,KwaZulu-Natal,Durban Harbor,,M,,N,,,other,unknown
1858-01-14,1858,Unprovoked,USA,Hawaii,,Swimming,M,,Y,,,swimming,unknown
1845-09-16,1845,Unprovoked,ENGLAND,,,,M,,N,,,other,unknown
1808-12-25,1808,Unprovoked,JAMAICA,Kingston Parish,Port Royal Harbour,Swimming,M,,Y,,,swimming,unknown
1776-01-01,1776,Watercraft,GREENLAND,,,,,,Y,,White sharks,other,white shark
,1554,Unprovoked,FRANCE,Nice & Marseilles,,,M,,,,Possibly white sharks,other,other shark
2023-07-04,2023,Unprovoked,USA,New York,"Cherry Grove, Suffolk County",Standing,F,,N,16h25,4' shark,swimming,other shark
,2023,Unprovoked,USA,Florida,"Outer Mole, Fort Zachrry Tatlor Historic Park, Key West, Monroe County",Swimming,M,34.0,N,14h00,,swimming,unknown
2022-07-19,2022,Questionable,USA,Florida,"Cape Canaveral, Brevard County",,,,N,10jh45,Shark involvement not confirmed,other,other shark
2022-02-05,2022,Unprovoked,AUSTRALIA,Western Australia,"Beds, Wylie Bay, Esperance",Floating in inflatable pool ring,F,20.0,N,11h15,White shark,other,white shark
2022-01-09,2022,Unprovoked,NEW ZEALAND,South Island,"Friendly Bay, Oamaru",Swimming,F,13.0,N,16h30,Sevengill shark,swimming,other shark
2022-01-01,2022,Unprovoked,AUSTRALIA,Western Australia,North Lancelin,Surfing,M,,N,,,surfing,unknown
2021-07-27,2021,Unprovoked,USA,North Carolina,Wrightsville Beach,Standing,M,15.0,N,13h30,,swimming,unknown
2021-07-21,2021,,USA,Florida,"Near Patrick AFB, Brevard County",,F,35.0,N,12h23,,other,unknown
2021-07-04,2021,Provoked,USA,BAHAMAS,,Spearfishing,F,19.0,N,,Said to involve a bull shark,fishing,other shark
2021-06-30,2021,Unprovoked,USA,California,"Catalina Island, Orange County",Canoeing,M,15.0,N,07h15,,other,unknown
2021-04-14,2021,Unprovoked,SOUTH AFRICA,KwaZulu-Natal,Mdloti,Spearfishing,M,38.0,N,Afternoon,1.3m shark,fishing,other shark
2020-10-25,2020,Unprovoked,EGYPT,South Sinai,"Shark Reef, Ras Muhammed",Snorkeling,,,N,,,other,unknown
2020-09-15,2020,Unprovoked,USA,Florida,"Melbourne Beach, Brevard County",Surfing,M,25.0,N,08h15,,surfing,unknown
2020-08-01,2020,Unprovoked,USA,North Carolina,"Surf City, Pender County",Surfing,M,54.0,N,14h00-15h00,,surfing,unknown
2020-07-19,2020,Unprovoked,USA,Florida,"Cocoa Beach, Brevard  County",Wading,F,12.0,N,Afternoon,,swimming,unknown
2020-06-06,2020,Unprovoked,AUSTRALIA,Western Australia,"Tantabitti Beach, Nigaloo",,F,,,,,other,unknown
2019-11-06,2019,Unprovoked,USA,California,"San Onofre, San Diego County",Surfing,F,,N,08h00,Juvenile white shark?,surfing,other shark
2019-05-17,2019,Unprovoked,FIJI,,Beqa,Scuba diving,M,,N,,"Tiger shark, 4m to 5m",diving,tiger shark
2018-02-18,2019,Unprovoked,USA,California,"Dog Beach, Huntington Beach",Surfing,M,,N,08h15,6' to 7' shark,surfing,other shark
2018-09-01,2018,Provoked,IRELAND,County Cork,,Fishing,M,40.0,N,18h00,"Blue shark, 47kg",fishing,other shark
2018-07-07,2018,Invalid,USA,Florida,"John Pennekamp Coral Reef State Park, Monroe County",Snorkeling,M,,N,13h30,"Injury most likely caused by barracuda, not a shark",other,other shark
2018-06-03,2018,Unprovoked,AUSTRALIA,New South Wales,"Flat Rock, Ballina",Kite surfing,M,,N,,,surfing,unknown
2018-04-25,2018,Unprovoked,AUSTRALIA,Western Australia,"Surfers Point, Prevelly",Surfing,M,60.0,N,09h30,3 m shark,surfing,other shark
2018-04-22,2018,Unprovoked,SOUTH AFRICA,Western Cape Province,"Robberg Beach, Plettenberg Bay",Surf-skiing,M,33.0,N,09h40,"White shark, 2.5 m",surfing,white shark
2017-09-24,2017,Unprovoked,USA,Florida,Fort Worth,Surfing,M,,N,14h00,4' to 5' shark,surfing,other shark
2017-09-03,2017,Unprovoked,JAPAN,Shizuoka Prefecture,Iwata City,Surfing,M,42.0,N,10h00,,surfing,unknown
2017-08-26,2017,Invalid,SPAIN,Castellón,Grao de Moncofa,Swimming,F,11.0,,Midday,Shark involvement questionable,swimming,other shark
2017-04-17,2017,Unprovoked,USA,Florida,"Daytona Beach, Volusia County",,,,N,Afternoon,,other,unknown
2017-02-01,2017,Watercraft,USA,South Carolina,16 miles off Hilton Head,Fishing,,,N,,"White shark, female, 14'",fishing,white shark
2017-01-05,2017,Unprovoked,USA,Florida,"Blockhouse Beach, Brevard County",Wading,M,47.0,N,12h30,,swimming,unknown
2016-12-06,2016,Provoked,AUSTRALIA,New South Wales,Merimbula,Surf fishing,M,20.0,N,02h00,"Wobbegong shark, 2m",surfing,other shark
2016-06-11,2016,Unprovoked,USA,North Carolina,"Atlantic Beach, Emerald Isle, Carteret County",Standing,M,19.0,N,15h00,3' shark,swimming,other shark
2016-06-05,2016,Unprovoked,AUSTRALIA,Western Australia,Mindarie,Diving,F,60.0,Y,11h30,3+ m shark,diving,other shark
2016-03-26,2016,Provoked,BAHAMAS,,,,M,9.0,N,,"Nurse shark, 2.5-ft",other,other shark
2016-03-04,2016,Unprovoked,USA,Florida,"Ocean Reef Park, Singer Island, Palm Beach County",,M,12.0,N,Afternoon,,other,unknown
2016-02-22,2016,Unprovoked,NEW CALEDONIA,South Province,"Ricaudy Reef, Noumea",Kite surfing,M,21.0,N,19h00,,surfing,unknown
2016-01-23,2016,Unprovoked,USA,Hawaii,"Wailea Beach, Maui",Paddle boarding,M,48.0,N,Morning,"Tiger shark, 14'",watercraft,tiger shark
2015-10-25,2015,Unprovoked,SOUTH AFRICA,Western Cape Province,Stil Bay,Surfing,M,42.0,N,15h00,"White shark, 3 to 3.5m",surfing,white shark
2015-09-19,2015,Watercraft,USA,California,"Gaviota State Beach, Santa Barbara County",Kayak Fishing,M,,N,,Hammerhead shark,fishing,other shark
2015-07-31,2015,Unprovoked,AUSTRALIA,New South Wales,Evans Head,Surfing,M,52.0,N,06h00,White shark,surfing,white shark
2015-07-10,2015,Unprovoked,USA,California,"Huntington Beach, Orange County",Surfing,M,38.0,N,08h45,"White shark, 7'",surfing,white shark
2015-06-26,2015,Unprovoked,USA,South Carolina,"South Beach, Hunting Island State Park, Beaufort County",Standing,M,43.0,N,11h00,4' shark,swimming,other shark
2015-03-10,2015,Provoked,MEXICO,Sinaloa,Mazlatan,Fishing,M,36.0,N,10h20,,fishing,unknown
2015-01-06,2015,Unprovoked,BAHAMAS,Abaco Islands,"Tahiti Beach, Elbow Cay",Snorkeling,F,34.0,N,16h00,White shark or oceanic whitetip shark,other,white shark
2014-10-11,2014,Watercraft,AUSTRALIA,Western Australia,"Castle Rock, north of Dunsborough",Kayaking,M,,N,17h20,,watercraft,unknown
2014-05-22,2014,Provoked,AUSTRALIA,New South Wales,The Australian Shark and Ray Centre,Teasing a shark,M,10.0,N,,"Tawney nurse shark, 1m",other,other shark
2014-04-22,2014,Unprovoked,USA,Florida,"Cocoa Beach, Brevard  County",Swimming,M,42.0,N,15h30,,swimming,unknown
2014-03-13,2014,Invalid,CAYMAN ISLANDS,,,Scuba diving / culling lionfish,M,,,,Invalid,fishing,unknown
2014-01-25,2014,Unprovoked,NEW ZEALAND,South Island,Garden Bay near Cosy Nook,Spearfishing,M,24.0,N,,7-gill shark,fishing,other shark
2013-12-13,2013,Unprovoked,KIRIBATI,740 miles SE of Tarawa Atoll,,Attempting to remove fishing net from submerged object,M,35.0,N,,,fishing,unknown
2013-09-01,2013,Unprovoked,BAHAMAS,,,,M,,N,,,other,unknown
2013-08-25,2013,Unprovoked,AUSTRALIA,New South Wales,Smiths,Wrangling a shark,M,,N,15h00,,other,unknown
2013-05-27,2013,Unprovoked,USA,Florida,"Ormond Beach, Volusia County",Swimming,M,11.0,N,Afternoon,,swimming,unknown
2013-05-08,2013,Unprovoked,REUNION,Saint-Gilles,Brisant Beach,Body boarding,M,36.0,Y,08h20,Bull shark,watercraft,bull shark
2013-04-13,2013,Unprovoked,USA,Florida,"New Smyrna Beach, Volusia County",Surfing,M,21.0,N,13h30,Bull shark,surfing,bull shark
2012-10-23,2012,Unprovoked,USA,California,"Surf Beach, Lompoc, Santa Barbara County",Surfing,M,39.0,Y,11h00,"White shark, 15' to 16'",surfing,white shark
2012-06-12,2012,Unprovoked,AUSTRALIA,Victoria,Port Campbell,Surfing,M,42.0,N,Morning,1.5 m shark,surfing,other shark
2012-04-19,2012,Unprovoked,USA,Florida,"Indialantic, Brevard County",Surfing,M,28.0,N,19h28,5' shark,surfing,other shark
2012-03-06,2012,Unprovoked,NEW ZEALAND,North Island,"Opunake, Taranake",Surfing,M,,N,19h00,,surfing,unknown
2012-03-03,2012,Invalid,SAUDI ARABIA,Tabuk Province,Off Duba,Attempting to Kite surf from Egypt to Saudi Arabia,M,42.0,,,,surfing,unknown
2012-01-22,2012,Unprovoked,BAHAMAS,,Cat Island,"Diving, photographing sharks",M,,N,,Tiger shark,diving,tiger shark
2012-01-18,2012,Unprovoked,AUSTRALIA,New South Wales,Redhead Beach,Surfing,M,44.0,N,16h45,"White shark, 2.7 m",surfing,white shark
2011-12-31,2011,Unprovoked,USA,Florida,"Jupiter, Palm Beach County",,M,,N,18h00,,other,unknown
2011-10-22,2011,Unprovoked,AUSTRALIA,Western Australia,Rottnest Island,Diving,M,32.0,Y,13h25,"White shark, 10'",diving,white shark
2011-10-19,2011,Unprovoked,AUSTRALIA,Victoria,Elwood Beach,Diving,M,50.0,N,16h00,"Port Jackson shark, 1m",diving,other shark
2011-10-11,2011,Unprovoked,USA,Florida,Cape Canaveral,Surfing,M,,N,,3' shark,surfing,other shark
2011-08-23,2011,Unprovoked,SOUTH AFRICA,Western Cape Province,"Lookout Beach, near the Keurbooms river mouth in Plettenberg Bay",Surfing,M,49.0,Y,09h11,"White shark, >6'",surfing,white shark
2011-07-19,2011,Unprovoked,USA,North Carolina,"Ocracoke Island, Hyde County",Boogie Boarding,F,6.0,N,17h30,,watercraft,unknown
2011-07-05,2011,Unprovoked,COLUMBIA,Sucre,"Libertad, San Onofre",Kayaking,M,17.0,N,10h30,,watercraft,unknown
2011-02-28,2011,Provoked,AUSTRALIA,Queensland,Between,Fishing,M,36.0,N,10h45,"Bull shark, 2m",fishing,bull shark
2010-11-30,2010,Unprovoked,EGYPT,South Sinai Peninsula,"Coral Bay, Sharm el-Sheikh",Snorkeling,F,70.0,N,14h55,"Oceanic whitetip shark, 2.5m, female",other,other shark
2010-11-30,2010,Unprovoked,EGYPT,South Sinai Peninsula,"Coral Bay, Sharm el-Sheikh",Snorkeling,F,48.0,N,14h40,"Oceanic whitetip shark, 2.5m, female",other,other shark
2010-08-05,2010,Invalid,USA,Florida,"Bethune Beach, Volusia County",Swimming,F,,,19h15,Shark involvement not confirmed,swimming,other shark
2009-12-18,2009,Invalid,SOUTH AFRICA,KwaZulu-Natal,"North Beach, Durban",Surfing,M,,,,No shark involvement,surfing,other shark
2009-08-10,2009,Unprovoked,USA,Florida,"Ponce, Volusia County",Swimming,M,26.0,N,19h00,,swimming,unknown
2009-01-27,2009,Provoked,AZORES,,Onboard the fishing vessel Nuevo Cedes,Fishing,M,49.0,N,,,fishing,unknown
2006-12-06,2008,Watercraft,AUSTRALIA,New South Wales,Mowarry Point,Fishing,,,N,Morning,"White shark, 4.5 to 5 m",fishing,white shark
2008-10-06,2008,Unprovoked,CROATIA,"Split-Dalmatia Count,","Smokvina Bay, Vis Island",Spearfishing,M,43.0,N,12h00,5 m white shark,fishing,other shark
2008-08-24,2008,Invalid,USA,North Carolina,"Surf City, Topsail Island, Pender County",Surfing,F,20.0,,18h00,Shark involvement not confirmed,surfing,other shark
2008-08-16,2008,Unprovoked,USA,US Virgin Islands,Buck Island,Treading water,F,38.0,N,Dusk,8' bull shark or Caribbean reef shark,swimming,other shark
2008-08-11,2008,Unprovoked,USA,Hawaii,"Ala Moana Beach Park, Oah'u",Diving,M,,N,14h00,"Tiger shark, 12'",diving,tiger shark
2008-07-24,2008,Unprovoked,USA,North Carolina,"Surf City, Topsail Island, Pender County",Wading,M,9.0,N,,3' shark,swimming,other shark
2008-06-01,2008,Unprovoked,BRAZIL,Pernambuco,"Piedade, Recife",Swimming,M,14.0,N,15h00,Bull shark,swimming,bull shark
2008-03-28,2008,Unprovoked,USA,Florida,"Near Cocoa Beach, Brevard  County",Boogie Boarding,M,,N,,a small shark,watercraft,other shark
2007-11-03,2007,Unprovoked,SOUTH AFRICA,Eastern Cape Province,Bonza Bay,Surfing,M,37.0,N,08h45,"White shark, 3m to 4m",surfing,white shark
2007-08-28,2007,Unprovoked,USA,Hawaii,"Ka'a'awa, Oahu",Body boarding,M,15.0,N,16h30,"Tiger shark, 10' to 12'",watercraft,tiger shark
2007-08-19,2007,Unprovoked,USA,Florida,"Islamorada Founder's Park, Plantation Key, Monroe County",Swimming,M,52.0,N,20h15,,swimming,unknown
2006-10-10,2006,Unprovoked,USA,Florida,"Daytona Beach, Volusia County",Surfing,M,20.0,N,11h30,,surfing,unknown
2006-02-27,2006,Unprovoked,USA,Hawaii,"Makena, Maui",Standing,F,15.0,N,16h30,5' to 7' shark,swimming,other shark
2005-07-17,2005,Invalid,LIBERIA,,,Swimming,M,,,,Shark involvement prior to death was not confirmed,swimming,other shark
2005-06-04,2005,Unprovoked,SOUTH AFRICA,Western Cape Province,Miller's Point,Spearfishing (Free diving),M,22.0,Y,15h45,White shark,fishing,white shark
2004-11-26,2004,Unprovoked,SOUTH AFRICA,Eastern Cape Province,Gonubie,Playing,M,16.0,N,,Raggedtooth shark,other,other shark
2004-11-11,2004,Unprovoked,USA,California,"Bunkers, Humboldt Bay, Eureka, Humboldt County",Surfing,,38.0,N,13h30,5.5 m [18'] white shark,surfing,other shark
2004-10-09,2004,Unprovoked,USA,Hawaii,Moloka'i,Spearfishing,M,34.0,N,12h40,"Tiger shark, 2.4 m to 3.7 m [8' to 12']",fishing,tiger shark
2004-10-01,2004,Unprovoked,USA,California,"Lifeguard Tower 16, Huntington Beach, Orange County",Surfing,M,40.0,N,14h00,,surfing,unknown
2004-09-10,2004,Invalid,USA,Texas,South Padre Island,Surf fishing,M,,,Between 05h00 and 08h00,Shark involvement questionable,surfing,other shark
2004-08-20,2004,Unprovoked,USA,California,"204s, San Clemente, Orange County",Surfing,M,,N,17h30,0.9 m to 1.2 m [3' to 4'] white shark,surfing,other shark
2004-06-26,2004,Unprovoked,USA,California,"San Onofre State Beach, San Diego County",Surfing,M,45.0,N,09h00,9'2 white shark,surfing,other shark
2004-01-21,2004,Unprovoked,VENEZUELA,Anzoategui,"Santa Cruz Beach, Mochima National Park, 250 km from Caracas",Spearfishing,M,40.0,N,11h00,"Bull shark, 132-kg [291-lb]",fishing,bull shark
2003-10-31,2003,Unprovoked,AUSTRALIA,New South Wales,"Lighthouse Beach, Seal Rocks",Surfing,M,22.0,N,17h30,"1.5 m [5'] shark, either a bronze whaler or a grey nurse shark",surfing,other shark
2003-07-15,2003,Unprovoked,USA,Florida,"Daytona Beach, Volusia County",Wading,F,15.0,N,14h37,,swimming,unknown
2003-04-15,2003,Unprovoked,USA,Florida,"Cocoa Beach, Brevard County",Swimming (using a float),M,20.0,N,13h00,15 cm to 20 cm [6 to 8] bite diameter just below left knee,swimming,other shark
2003-01-02,2003,Unprovoked,AUSTRALIA,Western Australia,Left break at the ‘Hot Spot’ at Sheringa Beach,Surfing,F,,N,13h00,"Bronze whaler shark, 2.5 m [8.25']",surfing,other shark
2001-04-12,2001,Unprovoked,USA,Florida,"New Smyrna Beach, Volusia County",Body boarding,M,12.0,N,12h34,Possibly a juvenile blacktip or spinner shark,watercraft,other shark
2001-02-26,2001,Watercraft,AUSTRALIA,Western Australia,Albany (incident took place 200 metres from swimmers),Fishing for whiting,,,N,,"White shark, 5 m [16.5']",fishing,white shark
2000-12-05,2000,Unprovoked,CANADA,New Brunswick,Bay of Fundy,Diving for sea urchins,M,30.0,N,,"Porbeagle shark, 3 m [10']rk",diving,other shark
,2000,Unprovoked,TANZANIA,,"Coco Beach in Oyster Bay, 7 km north of Dar-es-Salaam",Swimming,M,,Y,,Thought to involve a Zambesi shark,swimming,other shark
2000-03-26,2000,Unprovoked,USA,Florida,"Juno Beach, Palm Beach County",Boogie boarding,F,14.0,N,11h15,1.8 m [6'] shark,watercraft,other shark
1998-08-12,1998,Provoked,SOUTH AFRICA,Transvaal,"National Zoological Gardens Aquarium, Pretoria",Moving a shark in a net,M,,N,,"Sandtiger shark, 2 m, male",other,other shark
1997-10-11,1997,Watercraft,SOUTH AFRICA,Eastern Cape Province,Off Port Alfred,Fishingat,,,N,,Soupfin shark,fishing,other shark
1997-07-27,1997,Unprovoked,AUSTRALIA,Queensland,"Pincushion, north of Maroochydore Beach",Surfing,M,19.0,N,14h25,,surfing,unknown
1997-07-02,1997,Unprovoked,BRAZIL,Pernambuco,Paiva,Surfing,,,N,,,surfing,unknown
1997-06-15,1997,Unprovoked,FIJI,Taveuni,Off a small island 5 km from Garden Island Resort,Snorkeling,F,47.0,N,14h30,"Tiger shark, 2.7m  [9']",other,tiger shark
1997-02-28,1997,Unprovoked,AUSTRALIA,Queensland,"Carrara, Nerang River",Swimming,F,21.0,N,,a small shark,swimming,other shark
1996-10-28,1996,Unprovoked,BRAZIL,Pernambuco,Barra de Jangada,Surfing,M,,N,,,surfing,unknown
1996-02-09,1996,Unprovoked,PAPUA NEW GUINEA,Madang Province,Madang,,M,,Y,,,other,unknown
1996-02-09,1996,Unprovoked,PAPUA NEW GUINEA,Madang Province,Madang,Diving,,14.0,Y,,,diving,unknown
1996-01-10,1996,Unprovoked,REUNION,Saint-Paul,Embouchure de l'étang de Saint Paul,Surfing,M,25.0,Y,16h00,"Tiger shark, 300-kg [662-lb]",surfing,tiger shark
1995-07-06,1995,Unprovoked,USA,Texas,Port Aransas,Surfing,M,34.0,N,,,surfing,unknown
1995-05-18,1995,Unprovoked,AUSTRALIA,Western Australia,"Bernier Island, Shark Bay",,,,,,,other,unknown
1994-04-15,1994,Unprovoked,REUNION,Saint-Joseph,Lieu-dit Cayenne,,,,Y,,"3 m [10'], 200-kg [441-lb] bull shark",other,other shark
1994-01-09,1994,Unprovoked,AUSTRALIA,Queensland,"Katana Downs Reach, Brisbane River","Swimming, after falling off towed kneeboard",M,23.0,N,,1.5 m shark,swimming,other shark
1993-05-01,1993,Unprovoked,SOMALIA,Banaadir Region,"Arroyo Beach, Mogadishu",Swimming,F,,Y,,,swimming,unknown
1993-01-01,1993,Unprovoked,TONGA,Vava’u,Between Ofu & Fafini Islands,Spearfishing,,30.0,N,,,fishing,unknown
1992-11-14,1992,Watercraft,USA,California,"Ano Nuevo, San Mateo County",Kayaking,M,46.0,N,12h50,5 m to 6 m white shark,watercraft,other shark
1992-07-21,1992,Unprovoked,USA,Florida,"Manasota Beach, Sarasota County",Standing,F,42.0,N,12h33,a small shark,swimming,other shark
1991-09-08,1991,Unprovoked,AUSTRALIA,South Australia,"Snapper Point, Aldinga Beach, Adelaide",Scuba diving,M,19.0,Y,15h00,4 m [13'] white shark,diving,other shark
1990-12-26,1990,Invalid,SOUTH AFRICA,Eastern Cape Province,Port Elizabeth,,M,,,,Questionable incident,other,unknown
1990-09-08,1990,Unprovoked,USA,California,"Russian Gulch, Jenner, Sonoma County","Free diving / spearfishing, from paddleboard & floating on the surface",M,49.0,N,13h00,White shark,surfing,white shark
1989-08-06,1989,Provoked,AUSTRALIA,Queensland,Moreton Bay,Fishing for sharks,M,41.0,N,,3.5 m white shark,fishing,other shark
1989-06-17,1989,Unprovoked,USA,Louisiana,40 miles off Cocodrie,Spearfishing,M,45.0,N,,1.8 m [6'] sandtiger shark,fishing,other shark
1988-10-24,1988,Sea Disaster,PHILIPPINES,Viscayan Sea,,The MV Dona Marilyn sank in Typhoon Unsang with the loss of 389 lives,,,Y,,,other,unknown
1988-10-01,1988,Unprovoked,USA,Florida,"Sanibel Island, Lee County",Wading,F,23.0,N,,1.2 m [4'] shark,swimming,other shark
1988-09-21,1988,Unprovoked,PAPUA NEW GUINEA,New Ireland,Between Nago and Makau,Diving,M,27.0,Y,Morning,,diving,unknown
1988-07-19,1988,Unprovoked,BAHAMAS,,,Spearfishing on scuba,M,28.0,N,,1.5 m [5'] Caribbean reef shark,fishing,other shark
1987-06-13,1987,Provoked,USA,Florida,"Nest Key, Monroe County",Fishing,M,,N,Afternoon,1.5 m [5'] blacktip shark,fishing,other shark
1986-02-18,1986,Unprovoked,SOUTH AFRICA,Eastern Cape Province,East London,Surfing,M,21.0,N,12h00,>2.4 m [8'] white shark,surfing,other shark
1985-09-08,1985,Unprovoked,USA,Florida,"Palm Beach, Palm Beach County",Scuba diving,M,,N,15h00,1.8 m silky shark,diving,other shark
1985-07-25,1985,Unprovoked,USA,Florida,"New Smyrna Beach, Volusia County",Surfing,M,15.0,N,10h22,,surfing,unknown
1985-01-01,1985,Unprovoked,VANUATU,Malampa Province,"Port Sandwich Bay, Lamap, Malakula",,M,,Y,,,other,unknown
1984-10-21,1984,Unprovoked,USA,Florida,"3 miles south of Sebastian Inlet State Park, Indian River County",Surfing or body surfing,F,23.0,N,13h30,1.5 m [5'] shark,surfing,other shark
1984-10-14,1984,Unprovoked,USA,Florida,"Bob Graham Beach, Martin County",Surfing,M,15.0,N,15h00,1.2 m [4'] blacktip shark,surfing,other shark
1984-09-30,1984,Unprovoked,USA,California,"Tomales Point, Marin County","Free diving , but surfacing",M,,N,10h00,3 m to 4 m [10' to 13']  white shark,surfing,other shark
1983-08-13,1983,Unprovoked,USA,Florida,"6 miles south of Boca Chica Key, Monroe County",Diving,F,22.0,N,Morning,6' to 8' bull shark,diving,other shark
1983-07-25,1983,Sea Disaster,AUSTRALIA,Queensland,"Off Lodestone Reef, Great Barrier Reef, north of Townsville",Swimming from the New Venture,M,24.0,Y,Night,"Tiger shark, 5 m [16.5']",swimming,tiger shark
1981-06-12,1981,Invalid,USA,Hawaii,"Honoli'i Pali, Hilo Bay ('Alae Point), Hawai'i",,M,,,,Shark involvement prior to death was not confirmed,other,other shark
1980-05-15,1980,Unprovoked,SOUTH AFRICA,Eastern Cape Province,Fuller’s Bay,Surfing,M,22.0,N,08h00,1.8 m [6'] shark,surfing,other shark
1978-12-12,1978,Unprovoked,SOUTH AFRICA,KwaZulu-Natal,Sodwana,Spearfishing,M,23.0,Y,16h45,"White shark, 2.3 m [7.5'], tooth fragment recovered",fishing,white shark
1978-06-07,1978,Invalid,ITALY,Golfo de Venezia,Acqua alta research platform,,,,,,Invalid,other,unknown
1977-10-30,1977,Unprovoked,SOUTH AFRICA,Western Cape Province,"Bluegums Rock, Partridge Point",Spearfishing,M,25.0,N,16h00,"White shark, 5 m [16.5']",fishing,white shark
1976-11-23,1976,Invalid,SOUTH AFRICA,KwaZulu-Natal,Warner Beach,Swimming,M,17.0,,,Questionable incident,swimming,unknown
1976-06-10,1976,Unprovoked,USA,Hawaii,"Kama'ole Beach, Park No. 1, Kihei, Maui",Swimming,M,,N,,0.9 m to 1.5 m [3' to 5'] shark,swimming,other shark
1976-03-12,1976,Watercraft,SOUTH AFRICA,Western Cape Province,Robberg Point,Fishing,,,N,,Whale shark,fishing,other shark
1975-12-29,1975,Watercraft,AUSTRALIA,South Australia,Glenelg,Attempting to drive shark away from the beach,,,N,,2.4 m [8'] shark,other,other shark
1975-06-01,1975,Provoked,USA,Florida,"New Smyrna Beach, Volusia County",,M,,N,,,other,unknown
1975-04-18,1975,Invalid,SOUTH AFRICA,KwaZulu-Natal,Durban,,M,,,,Shark involvement prior to death was not confirmed,other,other shark
1975-02-09,1975,Unprovoked,AUSTRALIA,Victoria,Anglesea,Crayfishing,M,45.0,N,,"Carpet shark, 10'",fishing,other shark
1974-02-13,1974,Unprovoked,SOUTH AFRICA,KwaZulu-Natal,"Inyoni Rocks, Amanzimtoti",Swimming,M,19.0,N,19h00,,swimming,unknown
1971-12-16,1971,Unprovoked,SOUTH AFRICA,Western Cape Province,"Fish Hoek, False Bay",Swimming,F,16.0,N,14h45,"White shark, 3 m [10']rk",swimming,white shark
1969-07-22,1969,Provoked,USA,Florida,Florida Keys,,M,13.0,N,16h00,Nurse shark,other,other shark
1967-11-30,1967,Provoked,AUSTRALIA,New South Wales,Wollongong,Freediving,M,15.0,N,,Grey nurse shark,diving,other shark
1967-09-20,1967,Invalid,USA,Hawaii,"Kailua Bay, O'ahu",Boat capsized between O'ahu & Molokai,M,,,,Shark involvement prior to death was not confirmed,watercraft,other shark
1967-08-26,1967,Unprovoked,JAPAN,Kagawa Prefecture,Sakaide,,M,19.0,Y,14h30,,other,unknown
1967-08-07,1967,Unprovoked,USA,Florida,Near Key West,Spearfishing,M,15.0,N,14h30,"Nurse shark, 106 cm, 28-lb, male",fishing,other shark
1966-01-10,1966,Unprovoked,AUSTRALIA,Western Australia,Woodman Point,Jumped into the water,M,43.0,N,,76 cm [2.5'] carpet shark,other,other shark
1965-06-09,1965,Unprovoked,MEXICO,Veracruz,Mocambo,Swimming,M,38.0,N,14h00,,swimming,unknown
1965-01-09,1965,Unprovoked,NEW GUINEA,Central Province,Off Gaire Village,Free diving,M,30.0,Y,,4.9 m [16'] whaler,diving,other shark
1964-02-02,1964,Invalid,AUSTRALIA,Queensland,Brisbane,Swimming,M,23.0,,09h30,Shark involvement prior to death was not confirmed,swimming,other shark
1963-12-20,1963,Unprovoked,SOUTH AFRICA,Western Cape Province,Hartenbos,Spearfishing,M,,N,12h00,"White shark, 1.7 m [5.5']",fishing,white shark
1963-09-26,1963,Invalid,USA,Florida,100 miles offshore,"Commercial fishing vessel, Ev-nn, struck object & sank. Ken Crosby and  Jame & Ann Dumas adrift on makeshift raft.",,25.0,,,Invalid,fishing,unknown
1963-02-27,1963,Unprovoked,PAPUA NEW GUINEA,New Ireland Province,Namatanai,Swimming,M,,N,11h00,,swimming,unknown
1963-01-14,1963,Provoked,NEW ZEALAND,North Island,"Petone Beach, Wellington",Fishing,,14.0,N,Afternoon,"Grey nurse shark, 1.8 m [6']",fishing,other shark
1962-07-03,1962,Invalid,GREECE,Cyclades,Near Mykonos Island,,,,,,Questionable incident,other,unknown
1962-01-14,1962,Provoked,AUSTRALIA,New South Wales,"Long Reef, North Manly",Spearfishing,,,N,,"Grey nurse shark,  3 m [10']",fishing,other shark
1961-05-15,1961,Unprovoked,USA,Florida,"Laguna Beach, Bay County",Walking in chest-deep water,M,52.0,N,11h30,"Hammerhead shark, 500-llb",other,other shark
1961-03-30,1961,Unprovoked,AUSTRALIA,South Australia,Glenelg Breakwater,Spearfishing,M,24.0,N,,"Bronze whaler shark, 2.4 m [8'] Identified by Clyde Buttery",fishing,other shark
1961-02-16,1961,Unprovoked,JAMAICA,,,,M,,Y,,,other,unknown
1961-01-06,1961,Unprovoked,SOUTH AFRICA,KwaZulu-Natal,Winkelspruit,Standing,M,13.0,N,19h35,"White shark, based on bite pattern",swimming,white shark
1959-08-11,1959,Unprovoked,JAPAN,Wakayama Prefecture,"Isonoura Beach, Wakayama City",Swimming,M,,Y,14h30,"Blue shark, 3 m [10']",swimming,other shark
1959-03-29,1959,Unprovoked,USA,Florida,"Vaca Cut Channel & bridge under Marathon, Monroe County",Swimming,M,13.0,N,14h30,,swimming,unknown
1959-01-27,1959,Unprovoked,ECUADOR,Galapagos Islands,Crewing on  the tuna clipper Mary Barbara,Washed overboard into school of fish,M,57.0,N,,Bitten by several 1.8 m [6'] sharks,fishing,other shark
1957-11-04,1957,Boat,AUSTRALIA,New South Wales,Off Scotts,Fishing,,,N,,,fishing,unknown
1957-06-21,1957,Invalid,CUBA,Yucatan Channel,,M.V. Tropical sank. Sole survivor rode oil drums for 8 days without food or water.,,,,,Invalid,other,unknown
1956-08-25,1956,Unprovoked,PAPUA NEW GUINEA,Central Province,"Paga Point or Fishermans Island, Port Moresby",Fishing,M,34.0,Y,,4.3 m [14'] shark,fishing,other shark
1956-08-01,1956,Unprovoked,PAPUA NEW GUINEA,Central Province,Yule Island,Fishing,M,,N,,,fishing,unknown
1956-01-01,1956,Unprovoked,PAPUA NEW GUINEA,"Admiralty Islands, Manus Province",Hus Island,,M,,N,,,other,unknown
1955-01-01,1955,Unprovoked,USA,Florida,"Vero Beach, Indian River County",,,,,,,other,unknown
1955-01-01,1955,Unprovoked,MADAGASCAR,18S / 50E,,Standing in knee-deep water,M,16.0,Y,15h00,,swimming,unknown
1954-01-22,1954,Unprovoked,ARGENTINA,Buenos Aires Province,"Miramar Beach, 46 km south of Mar de Plata, Buenos Aires",Floating,M,18.0,N,13h05,White shark tooth fragment recovered from ankle & identified by Dr. W. I. Follett,other,white shark
1962-12-14,1952,Invalid,GUATEMALA,,,Air Disaster,F,,,,Shark involvement prior to death was not confirmed,other,other shark
1951-11-28,1951,Unprovoked,JAMAICA,Kingston Parish,Kingston Harbor,Fishing,M,81.0,N,,,fishing,unknown
1950-07-15,1950,Unprovoked,CUBA,Caribbean Sea,,Swept off deck of S.S.Frontenac enroute from West Indies to US,M,30.0,N,18h15 to 21h30,,other,unknown
1950-01-16,1950,Invalid,USA,Hawaii,"Kahakuloa, Maui","Fishing, one of three fishermen swept into the sea by a large wave",M,,,Night,Shark involvement prior to death was not confirmed,fishing,other shark
1949-07-28,1949,Unprovoked,IRAN,Shatt-al-Arab River,Bashamir,Swimming,M,18.0,Y,,,swimming,unknown
1948-01-01,1948,Provoked,PAPUA NEW GUINEA,Bougainville (North Solomons),"Tung Island, off the west coast of Buka Island",Spearfishing,M,,N,,,fishing,unknown
1946-07-18,1946,Unprovoked,IRAN,Khuzestan Province,"Ahvaz, on the Karun River, 275 km from the sea",Swimming,M,12.0,N,,Possibly C. leucas,swimming,other shark
1944-09-01,1944,Unprovoked,CARIBBEAN SEA,,,Fell overboard from US Navy PC boat,M,,Y,,,watercraft,unknown
1943-06-16,1943,Watercraft,AUSTRALIA,Tasmania,Triabunna,Fishing for cod,M,18.0,N,,"White shark, 3.9 m, 550 kg, male",fishing,white shark
1942-11-21,1942,Sea Disaster,INDIAN OCEAN,,Bound from Cape Town for St. Helena,"On 6-Nov-1942, the German submarine U-68 sank the City of Cairo 5 days from Cape Town, survivors took to lifeboats & rafts. On the 15th day, a fireman jumped over the stern & was taken by sharks",M,,Y,,,watercraft,unknown
1942-11-01,1942,Sea Disaster,,Off South American coast,,"Dutch merchant ship Zaandam torpedoed  by the U-174 amidships, sank & dozens of survivors took to rafts & boats. One man, Izzi, who drifted 83 days on a raft related that sharks attacked many men in the water when the ship went down",M,,Y,,,watercraft,unknown
1941-02-01,1941,Provoked,JAMAICA,Trelawney Province,Bogue (near Falmouth),Seine netting,M,,N,07h30,,other,unknown
1939-12-28,1939,Invalid,AUSTRALIA,New South Wales,"Cabramatta Creek, George’s River",Swimming,M,40.0,,,"Questionable incident, said to involve a 6' shark",swimming,other shark
1939-11-06,1939,Watercraft,AUSTRALIA,New South Wales,Wollongong,,,,,,,other,unknown
1939-10-25,1939,Unprovoked,AUSTRALIA,Queensland,Near Restoration Rock off Portland Roads,"Free diving for trochus shell, swimming to dinghy",M,27.0,N,,"Tiger shark, 4.3 m [14'], 3 tooth fragments retrieved from his wounds",swimming,tiger shark
1935-03-13,1935,Provoked,AUSTRALIA,Queensland,Pimpana River,Hauling in net with shark in it,M,38.0,N,,Blue nose shark,other,other shark
1933-09-27,1933,Watercraft,ISRAEL,,Nabi Rubin,Fishing,M,,N,,3 sharks,fishing,other shark
1932-12-09,1932,Provoked,NEW ZEALAND,North Island,Mahurangi River Mouth,Fishing,M,,N,,,fishing,unknown
1932-04-16,1932,Unprovoked,PHILIPPINES,Manila,Fort Mills,Standing,F,,Y,,,swimming,unknown
1930-06-04,1930,Unprovoked,AUSTRALIA,Torres Strait,Near Mabuiag Island,,M,,Y,,,other,unknown
1930-05-27,1930,Unprovoked,USA,Texas,High Island,Swimming / floating,M,,N,18h00,,swimming,unknown
,1929,Provoked,AUSTRALIA,South Australia,Ardrossan,"Wading, netting fish",M,,N,,a dog shark,swimming,other shark
1928-11-18,1928,Provoked,USA,New Jersey,"Seabright, Monmouth County",Fishing,M,,N,,Blue nose sharks,fishing,other shark
1928-09-01,1928,Unprovoked,USA,Texas,Corpus Christi,Fishing,M,,N,,,fishing,unknown
1924-11-21,1924,Unprovoked,USA,Puerto Rico,Santurce,Bathing,M,35.0,Y,Late afternon,,swimming,unknown
1922-01-28,1922,Unprovoked,IRAQ,,Shatt-al Arab River,Bathing,M,,Y,,,swimming,unknown
1919-03-16,1919,Invalid,AUSTRALIA,New South Wales,Sydney Harbor,Cutter capsized,M,,,Late afternon,Shark involvement prior to death unconfirmed,other,other shark
1917-09-21,1917,Unprovoked,USA,New Jersey,"Sea Bright, Monmouth County","Swimming, towing an empty barrel",M,,N,,,swimming,unknown
1913-08-27,1913,Invalid,USA,New Jersey,"Lavalette, Ocean County",,M,,,,Shark involvement prior to death unconfirmed,other,other shark
1910-06-25,1910,Unprovoked,MEXICO,,LaBarra,Swimming,M,,N,,,swimming,unknown
1907-12-21,1907,Unprovoked,AUSTRALIA,New South Wales,"Middle Harbour, Sugarloaf Bay, Sydney (Estuary)",Bathing,M,,Y,,Bull shark,swimming,bull shark
1903-05-04,1903,Unprovoked,MEXICO,Veracruz,Coatzacoalcos,Bathing,M,,Y,,,swimming,unknown
1899-10-12,1899,Unprovoked,LIBYA,Mediterranean Sea,Off Bengasi,Diving,M,,N,,,diving,unknown
1898-01-01,1898,Unprovoked,SRI LANKA,,Colombo Harbor,Swimming,M,,Y,01h00,,swimming,unknown
1897-01-01,1897,Unprovoked,NEW ZEALAND,,,,M,,N,,,other,unknown
1895-08-02,1895,Unprovoked,USA,New Jersey,Raritan Bay,Fishing,M,,N,,,fishing,unknown
1894-04-28,1894,Unprovoked,BURMA,Rangoon,Amherst,Bathing,F,,Y,,,swimming,unknown
1890-01-01,1890,Unprovoked,NEW ZEALAND,North Island,"Lampton Harbour, Wellington",Swimming,M,,Y,,,swimming,unknown
1889-01-31,1889,Provoked,USA,Florida,Hillsborough Bay,Fishing,,,N,,,fishing,unknown
,1883,Unprovoked,AUSTRALIA,Tasmania,Between Port Arthur Penal Colony & Forestier Peninsula,Swimming / escaping imprisonment,M,,Y,,,swimming,unknown
1883-01-01,1883,Unprovoked,PACIFIC OCEAN,,,Fishing,M,,Y,,14' shark,fishing,other shark
1877-12-15,1877,Sea Disaster,FIJI,,,,,,Y,,,other,unknown
1873-06-09,1873,Invalid,AUSTRALIA,New South Wales,Newcastle,Bathing,M,,,,Shark involvement prior to death unconfirmed,swimming,other shark
1872-04-03,1872,Unprovoked,USA,Hawaii,Kawahae,Canoeing,M,,N,,,other,unknown
1872-01-28,1872,Invalid,Fiji,Lomaiviti Provine,"Levuka Point, Ovalau Island",boat capsized,M,,,dusk,Shark involvement prior to death unconfirmed,watercraft,other shark
1871-03-24,1871,Unprovoked,INDIA,"22ºN, 88ºE",Hoogly River at Multah,Bathing,M,30.0,Y,,,swimming,unknown
1870-05-11,1870,Unprovoked,INDIA,"22ºN, 88ºE",Near Sobah Bazar,Bathing,M,40.0,N,,,swimming,unknown
1859-03-16,1859,Unprovoked,USA,Hawaii,Off Kawaihae,Fell overboard,M,21.0,Y,,,watercraft,unknown
1855-11-11,1855,Unprovoked,AUSTRALIA,Victoria,Melbourne,Swimming,M,,Y,,,swimming,unknown
1852-10-23,1852,Provoked,PACIFIC OCEAN,Between Australia & USA,,Fishing,M,,N,,,fishing,unknown
1846-09-30,1846,Unprovoked,AFRICA,,,Jumped into river,M,,Y,,,other,unknown
1840-09-18,1840,Unprovoked,FIJI,Viti Levu Island,Rewa,,M,,N,,,other,unknown
1835-02-21,1835,Unprovoked,VANUATU,Sanma Province,"Bay of Yago, Espiritu Santo Island",Bathing,M,,Y,,,swimming,unknown
2023-06-23,2023,Unprovoked,USA,Florida,"Flamingo Marina, Homestead, Miami-Dade County",Fishing,M,,N,10h10,,fishing,unknown
2022-10-10,2022,Provoked,USA,Florida,"Key Largo, Monroe County",Fishing,M,15.0,N,,Juvenile nurse shark,fishing,other shark
2022-07-13,2022,Unprovoked,USA,New York,"Seaview Beach, Suffolk County",,M,49.0,N,18h00,,other,unknown
2022-05-10,2022,Unprovoked,MALDIVES,,"Maafilaafushi Island, Lhaviyani Atoll",Fishing,M,62.0,N,,,fishing,unknown
2022-05-01,2022,Unprovoked,THAILAND,Phuket,Kamala Beach,Playing in the water,M,8.0,N,Afternoon,1m shark,other,other shark
2021-11-03,2021,Unprovoked,BRAZIL,São Paulo.,Ubatuba Beach,Swimming,M,,N,,,swimming,unknown
2021-06-27,2021,Unprovoked,USA,North Carolina,"Ocean Isle, Brunswick County",Swimming,F,7.0,N,11h30,,swimming,unknown
2021-04-13,2021,Unprovoked,SOUTH AFRICA,Eastern Cape Province,Chintsa,Body boarding,M,38.0,Y,11h00,White shark,watercraft,white shark
2020-12-10,2020,Unprovoked,ST MARTIN,,Orient Beach,Swimming,F,39.0,Y,14h00,Tiger shark,swimming,tiger shark
2020-05-28,2020,Unprovoked,THAILAND,"Muang district of Satun province,",Chebilang pier,Playing,M,12.0,N,,Bull shark,other,bull shark
2019-11-23,2019,Provoked,MEXICO,Guerrero,Off Barra Vieja,Fishing,M,,N,15h00,,fishing,unknown
2019-08-20,2019,Unprovoked,USA,Hawaii,"Napoopoo Park in Kealakekua Bay, The Big Island",Swimming/ Treading water,F,26.0,N,08h00,,swimming,unknown
2019-07-17,2019,Unprovoked,NEW ZEALAND,Chatham Islands,Pitt Island or Chatham Island,Scuba diving,M,45.0,N,Morning,"White shark, 3m",diving,white shark
2018-11-28,2018,Unprovoked,AUSTRALIA,New South Wales,South Steyne,Surfing,M,,N,18h30,Wobbegong shark,surfing,other shark
2018-07-09,2018,Unprovoked,BAHAMAS,The Exuma Cays,Staniel Cay,Floating,F,19.0,N,,"Nurse shark, 5'",other,other shark
2017-08-29,2017,Unprovoked,AUSTRALIA,Victoria,Cathedral Rock,Surfing,M,37.0,N,10h30,"White shark, 3 m",surfing,white shark
2017-06-29,2017,Invalid,USA,South Carolina,Wrightsville Beach,Fishing,M,,,19h30,No shark invovlement,fishing,other shark
2017-05-30,2017,Provoked,USA,South Carolina,"Awendaw, Charleston County",Touching a shark,F,20.0,N,,3' shark,other,other shark
2017-04-29,2017,Unprovoked,REUNION,Saint-Leu,Pointe au Sal,Body boarding,M,28.0,Y,11h15,,watercraft,unknown
2017-03-07,2017,Provoked,MEXICO,Tamaulipas,"Playa Baghdad, Matamoros",Fishing,M,,N,Morning,,fishing,unknown
2016-07-07,2016,Provoked,USA,Massachusetts,"Off Gloucester, Essec County",Fishing,M,59.0,N,10h00,dogfish shark,fishing,other shark
2015-11-15,2015,Unprovoked,USA,Florida,"Ocean Reef Park, Singer Island, Palm Beach County",Surfing,M,28.0,N,,"Spinner shark, 7'",surfing,other shark
2015-09-03,2015,Unprovoked,USA,South Carolina,"Myrtle Beach, Horry County",,M,,N,16h00,4' shark?,other,other shark
2015-06-25,2015,Unprovoked,USA,North Carolina,"Avon, Hatteras Island, Outer Banks, Dare County",Body surfing?,M,47.0,N,11h41,,surfing,unknown
2015-06-24,2015,Unprovoked,USA,North Carolina,Surf City,Swimming,M,6.0,N,12h25,Sandtiger shark,swimming,other shark
2014-10-02,2014,Unprovoked,AUSTRALIA,Western Australia,"Kelpids Beach, Wylie Bay, Esperance",Surfing,M,23.0,N,11h00,2 white shark: 13' & 98,surfing,other shark
2014-09-02,2014,Provoked,USA,Florida,"Fletcher Beach, Hutchinson Island, Martin County",Fishing,M,52.0,N,20h00,3' to 4' shark,fishing,other shark
2014-08-27,2014,Unprovoked,USA,South Carolina,"Surfside Beach, Horry  County",Standing,F,,N,15h00,,swimming,unknown
2014-08-10,2014,Unprovoked,USA,Florida,"Hallandale Beach, Broward County",,M,26.0,N,,,other,unknown
2014-08-02,2014,Unprovoked,USA,Florida,"Table Beach, Brevard County",Boogie boarding,M,8.0,N,13h00,,watercraft,unknown
2014-07-22,2014,Unprovoked,REUNION,Saint-Leu,,Surfing,M,51.0,N,15h00,1.8 metre shark,surfing,other shark
2014-02-07,2014,Provoked,TRINIDAD & TOBAGO,Trinidad,,Fishing,M,,N,,,fishing,unknown
2013-08-25,2013,Unprovoked,USA,Florida,"Winterhaven Park,           Ponce Inlet, Volusia County",Boogie boarding,F,11.0,N,17h00,,watercraft,unknown
2013-07-28,2013,Unprovoked,BAHAMAS,Exuma Islands,Compass Cay,Cleaning fish,M,64.0,N,16h45,Nurse shark,fishing,other shark
2013-07-22,2013,Unprovoked,BRAZIL,Pernambuco,"Boa Viagem Beach, Recife",Swimming,F,18.0,Y,13h20,,swimming,unknown
2013-06-06,2013,Unprovoked,AUSTRALIA,New South Wales,Target Beach,Surfing,M,,N,16h00,6' shark,surfing,other shark
2013-05-27,2013,Unprovoked,USA,Hawaii,"Halewia, Oahu",Diving,M,32.0,N,,Galapagos shark,diving,other shark
2013-04-10,2013,Unprovoked,FRENCH POLYNESIA,Tuamotus,"North Pass, Fakarava",Kite boarding,M,53.0,N,12h00,Possibly a blacktip reef shark,watercraft,other shark
2013-04-04,2013,Unprovoked,USA,Florida,"Jensen Beach, Martin County",Swimming,M,50.0,N,,,swimming,unknown
2012-07-23,2012,Unprovoked,REUNION,Trois-Bassins,,Surfing,M,22.0,Y,16h30,,surfing,unknown
2012-07-07,2012,Invalid,AUSTRALIA,Victoria,Ship's Graveyard off Point Lonsdale,Scuba diving,F,42.0,,15h00,,diving,unknown
2012-01-02,2012,Unprovoked,AUSTRALIA,Queensland,Duranbah,Spearfishing,M,34.0,N,09h00,Allegedly a 4 m tiger shark,fishing,other shark
2011-12-26,2011,Invalid,ANTIGUA,St John's,Fort James Beach,Swimming,M,,,Early morning,Shark involvement not confirmed,swimming,other shark
2011-09-11,2011,Unprovoked,USA,California,"Samoa Beach, Humboldt County",Surfing,M,37.0,N,12h20,,surfing,unknown
2011-08-28,2011,Invalid,AUSTRALIA,Queensland,Fantome Island,Swimming,M,48.0,,19h30,Shark involvement prior to death not confirmed,swimming,other shark
2011-08-15,2011,Invalid,USA,South Carolina,"Myrtle Beach, Horry County",Playing in the surf,M,7.0,N,,Shark involvement not confirmed,surfing,other shark
2011-07-07,2011,Unprovoked,USA,Texas,"Mustang Island, Nueces County",Wade Fishing,M,14.0,N,,,fishing,unknown
2011-03-29,2011,Provoked,USA,Texas,Matagorda Beach,"Standing, holding shark pup",M,,N,,Blacktip shark pup,swimming,other shark
2011-03-10,2011,Unprovoked,AUSTRALIA,New South Wales,"Tallow Beach, Byron Bay",Surfing,M,,N,,,surfing,unknown
2011-02-17,2011,Unprovoked,AUSTRALIA,South Australia,Off Perforated Island near Coffin Bay,Diving for abalone,M,49.0,Y,18h20,White shark x 2,diving,white shark
2011-02-04,2011,Provoked,MEXICO,Colima,"Manzanillo, Revillagigedo Islands",Shark fishing on the Ricardo Astorga,M,,N,,,fishing,unknown
2010-10-22,2010,Unprovoked,USA,California,"Surf Beach, Vandenberg AFB, Santa Barbara County",Body boarding,M,19.0,Y,08h50,"White shark, 14' to 18'",watercraft,white shark
2010-10-01,2010,Unprovoked,SOUTH AFRICA,Western Cape Province,"Melkbaai, Strand",Surfing,M,,N,14h30,,surfing,unknown
2010-09-13,2010,Unprovoked,AUSTRALIA,New South Wales,Fraser's Reef,Surfing,M,15.0,N,17h00,2m shark,surfing,other shark
2009-12-26,2009,Provoked,AUSTRALIA,New South Wales,Avoca Beach,Swimming,M,55.0,N,11h00,,swimming,unknown
2009-11-16,2009,Unprovoked,USA,California,"Loch Lomond, Marin County",Fishing,M,31.0,N,16h45,Thresher shark,fishing,other shark
2009-07-07,2009,Unprovoked,SOUTH AFRICA,Western Cape Province,"Jogensfontein, Stilbaai",Surfing,M,37.0,N,11h15,,surfing,unknown
2009-05-16,2009,Unprovoked,USA,Florida,"New Smyrna Beach, Volusia County",Surfing,M,49.0,N,10h27,blacktip or spinner shark,surfing,other shark
2009-01-18,2009,Watercraft,AUSTRALIA,Victoria,Off Tower Hill,Fishing,M,,N,09h20,"White shark, 5.5 m",fishing,white shark
2008-12-27,2008,Watercraft,AUSTRALIA,Tasmania,near Schouten Island,Yacht race,,,N,,2 m shark,other,other shark
2008-12-10,2008,Provoked,SOUTH AFRICA,Western Cape Province,Plettenberg Bay,Fishing,M,15.0,N,20h00,"Raggedtooth shark, 2m",fishing,other shark
2008-09-08,2008,Unprovoked,USA,California,"Surf Beach, Lompoc, Santa Barbara County",Surfing,M,,N,10h30,"White shark, 14' to 16'",surfing,white shark
2008-08-30,2008,Provoked,ENGLAND,North Devon,Lundy Island,Fishing,M,52.0,N,,Blue shark,fishing,other shark
2008-07-27,2008,Unprovoked,PANAMA,San Carlos,Playa Teta,Swimming or surfing,M,,N,18h00,3'  shark,surfing,other shark
2008-04-15,2008,Unprovoked,USA,Florida,"Playalinda Beach, Canaveral National Seashore, Brevard County",Surfing,M,30.0,N,15h00,1.5' to 2' shark,surfing,other shark
2007-08-09,2007,Unprovoked,USA,South Carolina,"Isle of Palms, Charleston County",Swimming,M,30.0,N,16h40,,swimming,unknown
2007-08-09,2007,Unprovoked,USA,South Carolina,"Isle of Palms, Charleston County",Boogie Boarding,M,9.0,N,14h00,,watercraft,unknown
2007-06-17,2007,Invalid,USA,Florida,"Vilano Beach, St.  Johns County",Surfing,F,9.0,,16h30,Shark involvement not confirmed,surfing,other shark
2007-05-12,2007,Unprovoked,AUSTRALIA,Victoria,Warrnambool,Surfing,M,19.0,N,17h45,10' shark,surfing,other shark
2007-03-11,2007,Unprovoked,USA,Florida,"Tiger Shores Beach, Martin County",Surfing,M,29.0,N,13h00,,surfing,unknown
2007-01-01,2007,Provoked,FRENCH POLYNESIA,Tahiti,Rangiroa,Scuba Diving,M,,,N,Silvertip shark,diving,other shark
2006-08-29,2006,Unprovoked,USA,Oregon,"Florence, Lane County",Surfing,M,23.0,N,Sunset,,surfing,unknown
2006-08-15,2006,Unprovoked,SOUTH AFRICA,Western Cape Province,Danger Reef,Surfing,M,,N,,5 m shark,surfing,other shark
2006-08-01,2006,Unprovoked,USA,North Carolina,"Masonboro Island, New Hanover County",Wading,F,59.0,N,12h00,,swimming,unknown
2006-07-01,2006,Unprovoked,USA,Florida,"Florida Keys, Monroe County",Spearfishing,F,28.0,N,,1.8 m blacktip reef shark,fishing,other shark
2006-05-05,2006,Unprovoked,USA,Florida,"Cocoa Beach, Brevard  County",,M,,N,12h15,,other,unknown
2005-06-25,2005,Unprovoked,USA,Florida,"Destin, Walton County",Swimming with boogie board,F,14.0,Y,11h15,1.8 m [6'] bull shark,swimming,other shark
2005-05-28,2005,Unprovoked,USA,Florida,Daytona Beach Shores,Swimming,M,33.0,N,17h30,small shark,swimming,other shark
2005-04-25,2005,Provoked,AUSTRALIA,New South Wales,Bermagui,Fishing,M,25.0,N,23h00,"Mako shark, 1.5 m [5']",fishing,other shark
2004-11-01,2004,Unprovoked,NEW CALEDONIA,North Province,Koumac,Diving,,,N,,3 m shark,diving,other shark
,2004,Watercraft,AUSTRALIA,Western Australia,"7 km off Trigg surf beach, Perth",Fishing,,,N,,4 m [13'] white shark,fishing,other shark
2003-09-14,2003,Invalid,USA,Florida,"Bathtub Reef Beach, Martin County",Swimming,F,,,13h30,Shark involvement doubtful,swimming,other shark
2003-07-05,2003,Provoked,USA,Florida,"Near New Smyrna Jetty, Volusia County","Walking, carrying surfboard & stepped on shark",M,10.0,N,10h07,2' shark,surfing,other shark
2003-04-26,2003,Provoked,BRAZIL,Rio de Janeiro,"Copacabana Beach, Rio de Janiero",Killing  sharks,M,,N,,,other,unknown
2002-10-14,2002,Unprovoked,BRAZIL,Pernambuco,"Piedade Beach, Jaboatão dos Guararapes City, Recife",Swimming,M,36.0,Y,16h00,Possibly a bull shark or tiger shark,swimming,other shark
2002-06-16,2002,Invalid,INDONESIA,,"Shark caught in Indonesia, offloaded to trawler that docked at Samut Prakan, 20 miles south of Bangkok, Thailand",,,,,,Shark involvement prior to death was not confirmed,other,other shark
2002-05-07,2002,Provoked,AUSTRALIA,Northern Territory,Darwin,Fishing from prawn trawler,M,20.0,N,,,fishing,unknown
2001-03-01,2001,Sea Disaster,CARIBBEAN SEA,,Between St. Maarten & Anguilla,Sinking of the 40' Esperanza off St. Maartin with 36 refugees on board,,,Y,,"Tiger shark, 8'",watercraft,tiger shark
2000-09-08,2000,Unprovoked,TANZANIA,,"Coco Beach, Dar-es-Salaam (Reported as the 5th fatality in 3 months at Coco Beach)",Swimming,M,28.0,Y,,Thought to involve a Zambesi shark,swimming,other shark
2000-07-22,2000,Unprovoked,USA,Florida,"Big Pine Key, Monroe County",Snorkeling,F,45.0,N,,"Nurse shark, 1.5 m [5']",other,other shark
2000-07-02,2000,Unprovoked,USA,Florida,"Smyrna Dunes Park, New Smyrna Beach, Volusia County",Standing,F,19.0,N,14h45,"0.9 m [3'] shark,  probably a blacktip or spinner shark",swimming,other shark
2000-05-13,2000,Sea Disaster,NEW CALEDONIA,South Province,Mont Dore,"Air Disaster - Piper aircraft crashed into the sea, killing all on board",,,Y,,Tiger sharks & bull sharks (20 sharks in all),watercraft,tiger shark
1999-10-30,1999,Unprovoked,USA,Florida,"Daytona Beach, Volusia County",Body boarding,M,45.0,N,17h30,,watercraft,unknown
1998-11-21,1998,Unprovoked,USA,Florida,"Ocean Beach, Jaycee Park, Vero Beach, Indian River County",Swimming,M,9.0,Y,14h00,Tiger shark,swimming,tiger shark
1998-08-01,1998,Unprovoked,SOUTH AFRICA,Western Cape Province,"Buffalo Bay, near Knysna",Surfing (or body boarding),M,19.0,N,,"White shark, 4 m [13']",surfing,white shark
1997-12-28,1997,Unprovoked,SOUTH AFRICA,Eastern Cape Province,St. Francis Bay,Sitting on surfboard,M,,N,,,surfing,unknown
1997-08-04,1997,Unprovoked,USA,Florida,"Carysfort Lighthouse, Key Largo, Monroe County",Wade-fishing,M,,N,,1.5 m [5'] shark,fishing,other shark
1997-01-20,1997,Unprovoked,AUSTRALIA,Western Australia,Geraldton,Windsurfing,M,41.0,Y,18h00,"Tiger shark, 4.5 m [14'9]",surfing,tiger shark
1996-10-03,1996,Unprovoked,USA,California,"North Salmon Creek Beach, Sonoma County",Surfing,M,31.0,N,07h19,5 m [16.5'] white shark,surfing,other shark
1996-07-26,1996,Unprovoked,USA,Florida,"Wiggins Pass, Collier County",Standing,F,8.0,N,19h30,,swimming,unknown
1995-07-28,1995,Unprovoked,USA,Florida,"New Smyrna Beach, Volusia County",Surfing,M,18.0,N,14h10,,surfing,unknown
1994-05-28,1994,Unprovoked,USA,Florida,"3 miles east of Jacksonville Beach, Duval County",Spearfishing,M,35.0,N,,2.1 m [7'] shark,fishing,other shark
1994-04-02,1994,Unprovoked,SOUTH AFRICA,Western Cape Province,Arniston,Spearfishing,M,,Y,,4.9 m white shark,fishing,other shark
1993-08-14,1993,Watercraft,AUSTRALIA,Western Australia,Off Rottnest Island,Fishing,,,N,,6 m [20'] white shark,fishing,other shark
1993-03-17,1993,Unprovoked,JAPAN,Ehime Prefecture,Iyo,,,,N,,Possiby white shark,other,other shark
1993-01-02,1993,Unprovoked,USA,Oregon,"Bastendorf Beach, Coos County",Surfing,M,29.0,N,16h30,6 m [20'] white shark,surfing,other shark
1992-06-28,1992,Unprovoked,REUNION,Saint-Paul,Cap de la Marianne,Surfing,M,16.0,Y,14h30,Bull shark or lemon shark,surfing,bull shark
1992-04-24,1992,Unprovoked,NEW ZEALAND,Antarctic Ocean,"Meteorologic Station on Campbell Island, 370 nautical miles south of New Zealand",Snorkeling,M,,N,15h30,"4 m [13'], 590-kg white shark",other,other shark
1992-02-09,1992,Invalid,AUSTRALIA,Tasmania,"Clifton Beach, southwest of Hobart",Surfing,M,19.0,,19h30,Questionable incident,surfing,unknown
1991-06-07,1991,Unprovoked,HONG KONG,Port Shelter,"Silverstrand Beach, near Hung Hau",Swimming,F,65.0,Y,Between 06h00 & 07h20,"Tiger shark, >3 m [10']",swimming,tiger shark
1991-03-03,1991,Unprovoked,AUSTRALIA,New South Wales,Bass Point,Scuba diving,M,18.0,N,,"Grey nurse shark, 2 m",diving,other shark
1990-10-20,1990,Unprovoked,USA,Florida,"North end of County Beach, Palm Beach County",Surfing,M,25.0,N,16h00,4' spinner shark,surfing,other shark
1990-10-12,1990,Unprovoked,USA,Florida,"Stuart Beach, Martin County",Surfing,M,19.0,N,12h30,1.8 m to 2.4 m [6' to 8'] shark,surfing,other shark
1990-08-30,1990,Invalid,USA,Florida,"Juno Beach / North Palm Beach, Palm Beach County",SCUBA diving,M,30.0,,,Shark involvement prior to death could not be determined,diving,other shark
1990-04-06,1990,Unprovoked,AUSTRALIA,Queensland,Fingal Beach,Surfing,M,29.0,N,,3 m shark,surfing,other shark
1989-09-09,1989,Unprovoked,USA,North Carolina,"Salvo, Dare County",Surfing,M,31.0,N,,Sandbar shark,surfing,other shark
1988-04-10,1988,Invalid,SOUTH AFRICA,KwaZulu-Natal,La Lucia,,F,,,,Shark involvement prior to death was not confirmed,other,other shark
1988-02-14,1988,Unprovoked,SOUTH AFRICA,Eastern Cape Province,Nahoon,Surfing,M,20.0,N,17h00,1 m grey-colored shark,surfing,other shark
1987-08-20,1987,Unprovoked,USA,Florida,"Satellite  Beach, Brevard County",Wading,M,12.0,N,11h30,1.2 m to 1.5 m [4' to 5'] shark,swimming,other shark
1987-03-30,1987,Provoked,SOUTH AFRICA,Western Cape Province,Muizenberg,,,,N,,3 m white shark,other,other shark
1985-09-28,1985,Unprovoked,USA,California,"Elephant Rock near Tomales Point, Marin County",Free diving & spearfishing (descending),M,,N,,4 m to 5 m [13' to 16.5'] white shark,fishing,other shark
1985-03-03,1985,Unprovoked,AUSTRALIA,South Australia,"Wiseman’s Beach, Peake Bay, Port Lincoln",Free diving for scallops,F,33.0,Y,12h30,6 m [20'] white shark,diving,other shark
1985-01-27,1985,Unprovoked,SOUTH AFRICA,Western Cape Province,Struisbaai,Swimming,M,15.0,N,18h30,Raggedtooth shark,swimming,other shark
1984-01-01,1984,Unprovoked,USA,Florida,"Indiatlantic, Brevard County",Surfing,M,,N,,,surfing,unknown
1983-10-13,1983,Unprovoked,USA,Florida,"Daytona Beach, Volusia County",Wading,M,20.0,N,,4.5' shark,swimming,other shark
1983-06-01,1983,Unprovoked,BAHAMAS,Berry Islands,Whale Cay,Spearfishing,M,,N,17h00,Caribbean reef shark,fishing,other shark
1982-07-11,1982,Invalid,USA,California,"Malibu, Los Angeles County",Swimming,M,43.0,,,"Reported as a shark attack, the story was a hoax",swimming,other shark
1981-11-30,1981,Unprovoked,REUNION,Saint-Philippe,Vicendo,Spearfishing,M,,N,Late afternoon,,fishing,unknown
1981-11-09,1981,Unprovoked,USA,Hawaii,"La'au Point, Moloka'i",Diving to untangle a crab trap line from boat's propeller,M,59.0,N,,2.1 m [7'] shark with a very flat head” that had followed the boat for 3 days,diving,other shark
1981-08-24,1981,Invalid,USA,Hawaii,"Keaukaha, Hilo, Hawai'i",Fishing,M,,,,Shark involvement prior to death remains unconfirmed,fishing,other shark
1981-02-07,1981,Unprovoked,AUSTRALIA,Western Australia,"Parker's Point, Rottnest Island",,,,,,,other,unknown
1980-04-22,1980,Sea Disaster,PHILIPPINES,Romblon Province,"Maestre de Campo Island, 120 miles south of Manila",Sinking of the ferryboat Don Juan,,,Y,Night,,watercraft,unknown
1980-03-29,1980,Unprovoked,SOUTH AFRICA,KwaZulu-Natal,Umdhloti,Free diving,M,52.0,Y,,Tiger shark,diving,tiger shark
1978-09-27,1978,Unprovoked,SOUTH AFRICA,Western Cape Province,"Miller's Point, False Bay",Spearfishing,M,27.0,N,16h00,"White shark, 3.7 m [12']",fishing,white shark
1977-04-26,1977,Unprovoked,AUSTRALIA,Queensland,Tallebudgera,,M,,N,,,other,unknown
1977-02-01,1977,Unprovoked,NEW CALEDONIA,,I'le Ouen,,,,N,,,other,unknown
1976-10-27,1976,Watercraft,SOUTH AFRICA,Western Cape Province,Gordon’s Bay,Boat,,,N,,White shark,watercraft,white shark
1976-07-21,1976,Unprovoked,USA,Louisiana,Scofield - Sandy Point,Playing,M,10.0,N,,,other,unknown
1975-12-02,1975,Provoked,AUSTRALIA,New South Wales,"Porpoise Pool, Tweed Heads",Filming & feeding captive sharks,M,35.0,N,,"Grey nurse shark, 10'",other,other shark
1975-05-20,1975,Unprovoked,USA,Florida,"Daytona Beach, Volusia County",Bathing,F,10.0,N,,,swimming,unknown
1974-07-20,1974,Unprovoked,USA,Georgia,"Back River, Savannah Beach, Chatham County",Swimming,M,17.0,Y,,small sharks',swimming,other shark
1974-04-12,1974,Unprovoked,USA,Florida,"Haulover Beach, Miami-Dade County",Swimming,F,11.0,N,,,swimming,unknown
,1974,Watercraft,SOUTH AFRICA,Western Cape Province,Macassar,Fishing for kob,,,N,Night,White shark,fishing,white shark
1974-01-07,1974,Unprovoked,SOUTH AFRICA,KwaZulu-Natal,Amanzimtoti,Swimming,M,33.0,N,14h10,2 m to 2.5 m [6.75'  to 8.25'] shark,swimming,other shark
1972-12-21,1972,Unprovoked,AUSTRALIA,Queensland,Currumbin Rock,,M,,N,,,other,unknown
1972-08-17,1972,Unprovoked,USA,Hawaii,"Waimanu, Honoka'a, Hawai'i",Spearfishing,M,,N,,2.4 m [8'] shark,fishing,other shark
1972-01-01,1972,Unprovoked,SOUTH AFRICA,KwaZulu-Natal,Kosi Bay,Sitting in shallows,F,30.0,N,20h00,Zambesi shark,other,other shark
,1970,Watercraft,ITALY,Sardinia,Golfo di Oristano,Fishing on a boat,M,,N,,White shark,fishing,white shark
,1970,Unprovoked,IRAQ,Basrah,Shatt-al-Arab River,Swimming,M,35.0,Y,12h00,,swimming,unknown
1969-08-02,1969,Unprovoked,USA,Florida,"New Smyrna Beach, Volusia County",Surfing,M,15.0,N,Morning,,surfing,unknown
1968-07-23,1968,Unprovoked,USA,Florida,Florida Keys,Wading,M,33.0,N,13h30,,swimming,unknown
1968-03-25,1968,Unprovoked,SOUTH AFRICA,KwaZulu-Natal,Richards Bay,Wading & pushing dinghy toward  the shallows,M,35.0,N,Afternoon,1.5 m to 1.8m [5' to 6'] shark,swimming,other shark
1967-11-15,1967,Provoked,FIJI,,,Freediving,M,21.0,N,Morning,,diving,unknown
1967-06-13,1967,Provoked,USA,Florida,"Key West, Monroe County",Spearfishing,M,26.0,N,17h30,"Nurse shark, 1 m",fishing,other shark
1965-10-10,1965,Unprovoked,NEW BRITAIN,West coast,"Outside the reef off Moputu Village, near Talasea","Spearfishing, shot a turtle",M,15.0,Y,,2 sharks involved,fishing,other shark
1965-04-04,1965,Unprovoked,PALAU,Western Caroline Islands,Koror,Walking on reef,M,8.0,N,15h30,"Tiger shark, tooth fragment recovered",other,tiger shark
1965-01-16,1965,Unprovoked,SOUTH AFRICA,KwaZulu-Natal,"Country Club Beach, Durban",Body surfing,M,20.0,N,16h40,,surfing,unknown
1964-06-28,1964,Invalid,USA,New York,Long Island,Attempting to swim across the Atlantic Ocean,F,29.0,,Night,Shark involvement prior to death was not confirmed,swimming,other shark
1963-11-30,1963,Provoked,PAPUA NEW GUINEA,Gulf Province,"Kukipi, 150 miles west of Port Moresby in the Lakekamu River area",Fishing / standing in waist deep water,F,18.0,N,14h00,Tiger shark,swimming,tiger shark
1963-01-11,1963,Unprovoked,SOUTH AFRICA,KwaZulu-Natal,"Peace Cottage, Umdhloti","Free diving, hunting crayfish",M,27.0,N,12h15,1 m shark,fishing,other shark
1963-01-01,1963,Unprovoked,SEYCHELLES,,,Fishing for turtles,M,,Y,,,fishing,unknown
1962-08-23,1962,Watercraft,SOUTH AFRICA,Western Cape Province,Robbesteen,Fishing,,,N,12h00,4.3 m [14'] shark,fishing,other shark
1961-09-24,1961,Unprovoked,CROATIA,Primorje-Gorski Kotar County,"Opatija, northwestern coast of Rijeka Bay",Swimming,M,19.0,Y,Early afternoon,White shark,swimming,white shark
1961-02-01,1961,Invalid,USA,California,"Topanga Canyon Beach, Santa Monica Bay",,M,,,,Questionable incident,other,unknown
1960-10-01,1960,Invalid,JOHNSTON ISLAND,,,"Free diving / photography, kneeling on sand",M,37.0,,12h00 to 14h00,Invalid,diving,unknown
1960-09-02,1960,Invalid,MARSHALL ISLANDS,Eniwetok Atoll,Lagoon along Sand Island,Free diving / Spearfishing,M,,,12h00,Invalid,fishing,unknown
,1960,Unprovoked,SRI LANKA,Eastern  Province,Pigeon Island,Spearfishing,M,,N,,Blacktail reef shark,fishing,other shark
1960-01-01,1960,Unprovoked,PAPUA NEW GUINEA,West New Britain Province,"West Nakanai,  Talasea",Fishing,M,20.0,N,,,fishing,unknown
1959-12-19,1959,Sea Disaster,PHILIPPINES,Masbate,Balud,ship M.V. Rizal sank during typhoon,M,,Y,12h15,,other,unknown
1959-08-15,1959,Invalid,USA,Florida,"Panama City, Bay County",Diving,M,21.0,,,Invalid,diving,unknown
1959-08-10,1959,Unprovoked,USA,Georgia,"Savannah Beach, Savannah, Chatham County",Standing,F,15.0,N,18h00,,swimming,unknown
1959-07-23,1959,Provoked,USA,California,"Venice Beach, Los Angeles County",Dragging stranded shark ashore,M,,N,,"Blue shark, 1.8 m [6']",other,other shark
1959-07-03,1959,Sea Disaster,CARIBBEAN SEA,PANAMA,"Off Cristobal, 200 miles northeast of the entrance to the Panama Canal",Columbian petrol barge Rio Atrato burned and sank,,27.0,Y,,,other,unknown
1959-06-14,1959,Unprovoked,USA,California,"La Jolla, San Diego County",Free diving for abalone,M,33.0,Y,17h10,"Reported to involve a White shark, 6 m to 7m [20' to 23']",diving,white shark
1959-04-11,1959,Unprovoked,AUSTRALIA,Torres Strait,"Coconut Island , 100 miles east of Thursday Island",Diving for pearl shell,M,43.0,N,,"Tiger shark, 1.8 m [6']",diving,tiger shark
1959-01-01,1959,Unprovoked,AUSTRALIA,Tasmania,Badger Head,Spearfishing / free diving,M,,N,,1.5 m [5'] shark,fishing,other shark
1958-12-13,1958,Unprovoked,USA,Hawaii,"Near Twin Islands off Lanikai, O'ahu (east coast)",Surfing on air mattress,M,15.0,Y,13h00,"Tiger shark, 4.6 m to 7.6 m [15' to 25']",surfing,tiger shark
1958-06-15,1958,Invalid,AUSTRALIA,Queensland,Green Island,Swimming,F,,,,Invalid,swimming,unknown
1956-02-10,1956,Unprovoked,AUSTRALIA,Victoria,Cowes,Swimming,M,8.0,N,,,swimming,unknown
1955-03-01,1955,Unprovoked,PAPUA NEW GUINEA,"New Ireland, Bismarck Archipelago","Kabiman, West coast",Swimming with speared fish,M,,N,,small brown-colored shark,swimming,other shark
1952-08-05,1952,Provoked,ITALY,Teramo,Giulianova,Fishing,,19.0,Y,02h00,2m shark,fishing,other shark
1950-08-01,1950,Unprovoked,SAUDI ARABIA,Eastern Province,East of the Ras Tanura-Jubail area,Diving,M,,N,2 hrs before sunset,,diving,unknown
1950-07-10,1950,Unprovoked,USA,Texas,Near Port Arthur,Swimming,M,11.0,N,,Hammerhead shark,swimming,other shark
1950-03-26,1950,Unprovoked,SOUTH AFRICA,Eastern Cape Province,"Off bank of Ntshala River, Morgan Bay",Wading,M,,N,Midday,1.5 m to 1.8 m [5' to 6'] “spear-eye” shark,swimming,other shark
1948-02-13,1948,Sea Disaster,USA,Texas,"Gulf of Mexico between Brownsville & Carmen, Mexico","C47 aircraft carrying 5,000 lbs of ice ditched in the sea",M,,Y,,,other,unknown
1947-07-15,1947,Unprovoked,SOUTH AFRICA,KwaZulu-Natal,"North Beach, Durban",Swimming,M,20.0,N,Morning,,swimming,unknown
1946-04-01,1946,Watercraft,AUSTRALIA,South Australia,Port Newby,Fishing,,,N,,6 m [20']  shark,fishing,other shark
1944-11-08,1944,Sea Disaster,SIERRA LEONE,Western Area,Freetown,,M,18.0,Y,,,other,unknown
1942-11-01,1942,Provoked,PACIFIC OCEAN,Between Hawaii and U.S.A.,,In rubber dinghy with Captain Eddie Rickenbacker for 21 days.,M,,N,,,other,unknown
1941-11-27,1941,Sea Disaster,SOUTH ATLANTIC OCEAN,Off Libya,,HMAS Parramatta torpedoed & sunk by the U-559,M,,N,,Tiger shark,other,tiger shark
1941-02-13,1941,Provoked,AUSTRALIA,New South Wales,Wollongong,Fishing,M,34.0,N,,,fishing,unknown
1939-09-27,1939,Unprovoked,AUSTRALIA,Torres Strait,Near Mabuiag Island,Pearl diving,M,,N,,Tiger shark,diving,tiger shark
1937-10-27,1937,Unprovoked,AUSTRALIA,Queensland,"Kirra Beach, Coolangatta",Swimming,M,18.0,Y,17h30,"Tiger shark,  3.6 m [11'9], 850-kg [1874-lb] female, contained Girvan's remains",swimming,tiger shark
1937-09-01,1937,Unprovoked,SCOTLAND,Argyll,"Carradale Bay, Kintyre Peninsula",Rowing,M,,N,,Basking shark,other,other shark
1937-01-01,1937,Invalid,AUSTRALIA,South Australia,Port Germein,12 of the Penang's crew were returning to the ship when their 12' dinghy capsized,M,,,Night,Shark involvement prior to death was not confirmed,other,other shark
1936-08-24,1936,Unprovoked,AUSTRALIA,Torres Strait,Near Mabuiag Island,"Trochus diving, but floating on surface",M,,N,,Large tiger shark seen in the vicinity the following morning,surfing,other shark
1936-07-07,1936,Unprovoked,AUSTRALIA,Torres Strait,Off Nepean Island,Diving,M,,N,,,diving,unknown
,1936,Unprovoked,AUSTRALIA,Queensland,Arlington Reef near Cairns,Diving,M,,N,,,diving,unknown
1935-06-01,1935,Watercraft,AUSTRALIA,South Australia,Off Port Broughton,,,,N,,,other,unknown
1933-10-25,1933,Unprovoked,AUSTRALIA,Queensland,Off Bloomfield River,Diving,M,,N,,,diving,unknown
1933-07-03,1933,Unprovoked,AUSTRALIA,Western Australia,Broome,Pearl diving,M,,N,,,diving,unknown
1932-06-28,1932,Provoked,USA,New Jersey,"10 miles offshore from Sea Isle City, Cape May County",Fishing,M,32.0,N,,250-lb dog shark,fishing,other shark
1932-02-08,1932,Unprovoked,PHILIPPINES,Manila,Fort Mills,Working near fish traps,M,,Y,,,fishing,unknown
1929-11-29,1929,Sea Disaster,KIRIBATI,Phoenix Islands,Nikumaroro Island,"Sea Disaster, wreck of the  SS Norwich City",M,,Y,,,other,unknown
1928-02-20,1928,Unprovoked,AUSTRALIA,Torres Strait,"Near Barrow Point, Queensland",Pearl diving,M,,Y,,,diving,unknown
1926-01-26,1926,Unprovoked,SOUTH AFRICA,Eastern Cape Province,Hamburg,Swimming,M,,N,,a blue shark,swimming,other shark
1922-09-28,1922,Unprovoked,USA,Hawaii,"Keawanui, Kamalo, Moloka'i","Freediving, inspecting Kaunakakai wharf construction after blasting & dredging",M,,N,,,diving,unknown
1921-08-28,1921,Unprovoked,PHILIPPINES,Luzon Island,"Fort Frank, Manila Bay",Swimming,M,21.0,Y,15h00,,swimming,unknown
1919-01-17,1919,Unprovoked,AUSTRALIA,New South Wales,Newcastle Beach,Swimming,M,,N,17h15,3.7 m to 4.3 m [12' to 14']  shark,swimming,other shark
1916-10-11,1916,Provoked,USA,Florida,"Sewell’s Point, near Palm Beach","Fishing, attempted to take a netted shark",M,,Y,,,fishing,unknown
1915-12-09,1915,Unprovoked,AUSTRALIA,Torres Strait,Thursday Island,Diving,M,,N,,,diving,unknown
1914-07-07,1914,Unprovoked,CROATIA,Primorje-Gorski Kotar County,Rijeka,,M,,N,,6 m shark,other,other shark
1914-05-14,1914,Provoked,USA,Florida,"Boca Ciega Bay, Pinellas County",Fishing,F,,N,Afternoon,3' shark,fishing,other shark
1914-01-01,1914,Unprovoked,SOUTH AFRICA,KwaZulu-Natal,Durban,,F,,,,,other,unknown
1911-10-25,1911,Unprovoked,AUSTRALIA,Queensland,Great Barrier Reef,Diving,M,23.0,N,Evening,,diving,unknown
1911-05-09,1911,Unprovoked,SOUTH AFRICA,Western Cape Province,Victoria Bay,Bathing,M,64.0,Y,Early evening,,swimming,unknown
1906-07-01,1906,Invalid,MOZAMBIQUE,Maputo Province,Lourenco Marques,,M,,,,Questionable,other,unknown
1906-04-10,1906,Sea Disaster,INDONESIA,,40 miles from Tahane Island,The schooner Tahitienne foundered in a hurricane,M,,Y,,,other,unknown
1899-07-08,1899,Unprovoked,BAHAMAS,,,Fell overboard,M,,Y,,,watercraft,unknown
1895-12-09,1895,Unprovoked,AUSTRALIA,New South Wales,"West Balmain, Sydney",Bathing,M,14.0,Y,,,swimming,unknown
1895-09-18,1895,Sea Disaster,CUBA,Havana Province,Havana Harbor,Shipwreck,M,,,Night,Questionable,other,unknown
1891-12-31,1891,Unprovoked,AUSTRALIA,New South Wales,,Swimming,M,,N,,,swimming,unknown
1891-08-30,1891,Unprovoked,CANADA,Nova Scotia,Halifax,Knocked overboard,M,,Y,,,watercraft,unknown
1887-02-08,1887,Unprovoked,NEW ZEALAND,North Island,Kaipara,Swimming,M,,Y,,,swimming,unknown
1887-01-01,1887,Sea Disaster,OCEAN,"Somewhere between Philadelphia and Hiogo, Japan",,British ship Macedon was thrown on her beam ends by a sudden squall,M,,N,,,other,unknown
1885-08-17,1885,Unprovoked,ATLANTIC OCEAN,,,Fell or jumped overboard from the liner Rhynland,M,,Y,,,watercraft,unknown
1876-05-14,1876,Unprovoked,AUSTRALIA,New South Wales,Sydney Harbour,Swimming,M,,Y,,,swimming,unknown
,1874,Unprovoked,MEXICO,Veracruz,"Tlacotalpan, Vera Cruz",Bathing,M,,Y,,,swimming,unknown
1867-08-22,1867,Unprovoked,EGYPT,,Port Said,Swimming,M,,Y,,,swimming,unknown
1867-06-26,1867,Sea Disaster,CUBA,Villa Clara Province,Remedios,boat from ship Josephine capsized in squall,M,,Y,,,watercraft,unknown
1866-07-09,1866,Unprovoked,USA,Alabama,Mobile Bay,Bathing,M,,Y,,,swimming,unknown
1849-12-09,1849,Unprovoked,AUSTRALIA,New South Wales,Sydney Harbor,,M,,Y,,,other,unknown
1848-07-17,1848,Invalid,USA,Massachusetts,Cape Cod,,M,,,,Shark involvement prior to death unconfirmed,other,other shark
2023-02-19,2023,Unprovoked,NEW CALEDONIA,South Province,"Château-Royal Beach , Noumea",Swimming,M,59.0,,16h00,Bull shark,swimming,bull shark
2022-12-13,2022,Unprovoked,USA,Hawaii,Anaeho'imalu Bay,Swimming,M,68.0,N,08h00,Tiger  shark?,swimming,tiger shark
2022-07-17,2022,Provoked,USA,Florida,"Content Keys, Monroe County",Fishing,M,,N,17h30,Lemon shark  6',fishing,other shark
2021-08-07,2021,Unprovoked,USA,Florida,"Key Largo, Monroe County",Snorkeling,M,15.0,N,07h51,,other,unknown
2021-07-25,2021,Unprovoked,BRAZIL,Pernambuco,Piedade,Squatting in the water,M,32.0,N,,,other,unknown
2021-06-26,2021,Unprovoked,USA,California,"Gray Whale Beach Cove State Beach, San Mateo County",Swimming,M,38.0,N,09h15,"White shark, 6' to 8'",swimming,white shark
2021-04-30,2021,Unprovoked,USA,Florida,"New Smyrna Beach, Volusia County",Surfing,F,64.0,N,09h00,,surfing,unknown
2021-02-28,2021,Unprovoked,NEW CALEDONIA,,I'îot Maître,Swimming,M,57.0,Y,11h00,"Tiger shark, 4 m",swimming,tiger shark
,2020,Unprovoked,USA,Florida,"Cocoa Beach, Brevard  County",Surfing,F,15.0,N,08h00,,surfing,unknown
2020-03-22,2020,Unprovoked,USA,Florida,"New Smyrna Beach, Volusia County",Surfing,M,,N,10h50,,surfing,unknown
2020-01-07,2020,Unprovoked,AUSTRALIA,Queensland,North West Island,Swimming,F,7.0,N,17h30,Lemon shark,swimming,other shark
2019-10-25,2018,Unprovoked,USA,California,"Cambria, San Luis Obispo County",Kayak fishing,M,,N,08h30,White shark,fishing,white shark
2018-07-18,2018,Unprovoked,USA,New York,"Atlantique Beach, Fire Island, Suffolk County",Boogie Boarding,M,13.0,N,12h00,Sandtiger shark,watercraft,other shark
2018-05-26,2018,Unprovoked,USA,Florida,"Cocoa Beach, Brevard  County",Walking,M,15.0,N,17h00,"Bull shark, 6'",other,bull shark
2018-01-14,2018,Unprovoked,AUSTRALIA,Queensland,Lizard Island,Diving,M,,N,15h01,Grey reef shark. 2 m,diving,other shark
2017-12-21,2017,Provoked,MALAYSIA,Sepang,Bagan Lalang Beach,Fishing / Wading,M,24.0,N,,Juvenile nurse shark,swimming,other shark
2017-09-10,2017,Unprovoked,AUSTRALIA,Westerm Australia,Sam's Creek area,Swimming,M,,N,15h00,,swimming,unknown
2017-07-27,2017,Unprovoked,BAHAMAS,New Providence District,Rose Island,Snorkeling,F,,N,,,other,unknown
2017-06-18,2017,Unprovoked,REUNION,,Roches Noire,Body boarding,M,34.0,N,10h00,"Bull shark, 2m",watercraft,bull shark
2017-06-14,2017,Unprovoked,BAHAMAS,,,Feeding sharks,F,,N,,,other,unknown
2017-05-28,2017,Unprovoked,USA,Florida,Off Jupiter,Feeding sharks,M,,N,Morning,Tiger shark,other,tiger shark
2017-03-19,2017,Unprovoked,AUSTRALIA,New South Wales,The Farm,Body boarding,M,30.0,N,18h30,,watercraft,unknown
2016-08-06,2016,Unprovoked,USA,Hawaii,Maui,SUP Foil boarding,M,21.0,N,16h30,"Tiger shark, 10'",watercraft,tiger shark
2016-07-24,2016,Unprovoked,JAPAN,Kochi Prefecture,Irino Beach,Surfing,M,29.0,N,19h05,,surfing,unknown
2015-11-20,2015,Unprovoked,ECUADOR,Galapagos Islands,"Punta Vicente Roca, Isabella Island",Snorkeling,M,55.0,N,10h15,Galapagos shark,other,other shark
2015-08-22,2015,Unprovoked,AUSTRALIA,New South Wales,Lighthouse Beach,Surfing,M,38.0,N,17h10,,surfing,unknown
2015-07-06,2015,Invalid,FRENCH POLYNESIA,Bora Bora,,Swimming,M,,,,No shark involvement,swimming,other shark
2015-06-13,2015,Unprovoked,USA,California,Off San Diego,,F,,N,,Mako shark,other,other shark
2015-04-13,2015,Unprovoked,USA,Florida,"Florida Keys, Monroe County",Photographing the shark,M,48.0,N,,"Blue shark, 8 to 9 feet",other,other shark
2015-03-16,2015,Unprovoked,FRENCH POLYNESIA,Bora Bora,Anau,Hand feeding sharks,M,9.0,N,10h00,Blacktip shark,other,other shark
2015-01-19,2015,Invalid,AUSTRALIA,New South Wales,"Wategos Beach, Byon Bay",Surfing & filming dolphins,F,,,,Shark involvement not confirmed,surfing,other shark
2014-09-06,2014,Unprovoked,USA,Alabama,"Katrina Cut, Dauphin Island, Mobile County",Fishing,M,43.0,N,13h00,Bull shark,fishing,bull shark
2014-04-12,2014,Watercraft,SOUTH AFRICA,,,Shark watching,,,N,,White shark,other,white shark
2014-04-04,2014,Unprovoked,USA,Florida,"New Smyrna Beach, Volusia County",Surfing,M,,N,13h50,,surfing,unknown
2014-03-29,2014,Invalid,AUSTRALIA,Western Australia,Off Dawesville Cut,Diving for lobsters,M,38.0,,13h30,Shark involvement prior to death not confirmed,diving,other shark
2013-10-26,2013,Unprovoked,REUNION,d’Étang-Salé,Ravine Mula,Body boarding,M,24.0,N,16h30,Thought to involve a bull shark,watercraft,other shark
2013-09-29,2013,Unprovoked,ISRAEL,Southern District,Ashdod,Diving,M,27.0,N,11h30,,diving,unknown
2013-09-02,2013,Unprovoked,USA,Florida,"Ormond Beach, Volusia County",Swimming,M,17.0,N,13h00,,swimming,unknown
2013-02-21,2013,Unprovoked,USA,Hawaii,"Paia Bay, Maui",Surfing,M,,N,18h00,reef shark?,surfing,other shark
2013-01-16,2013,Unprovoked,USA,Hawaii,Kiholo Bay,Surfing,M,43.0,N,16h30,"Tiger shark, 15'",surfing,tiger shark
2012-11-30,2012,Unprovoked,USA,Hawaii,"Kihei, Maui",Snorkeling,M,61.0,N,09h40,"Tiger shark, 10'",other,tiger shark
2012-10-30,2012,Unprovoked,USA,California,"Humboldt Bay, Eureka, Humboldt County",Surfing,M,25.0,N,12h00,White shark,surfing,white shark
2012-10-18,2012,Unprovoked,USA,Florida,"Ponce Inlet, Volusia County",Surfing,M,24.0,N,10h30,,surfing,unknown
2012-08-08,2012,Unprovoked,USA,Florida,Key Largo,Free diving,M,56.0,N,1600,"Lemon shark, 4' to 5'",diving,other shark
2012-07-31,2012,Unprovoked,USA,California,"Topanga Beach, Los Angeles County",Surfing,M,17.0,N,06h45,,surfing,unknown
2012-06-02,2012,Unprovoked,USA,South Carolina,"Myrtle Beach, Horry County",Boogie Boarding,M,25.0,N,19h45,,watercraft,unknown
2012-01-15,2012,Unprovoked,SOUTH AFRICA,Eastern Cape Province,"Second Beach, Port St. Johns",Swimming,M,25.0,Y,15h40,Thought to involve a bull shark,swimming,other shark
2011-10-09,2011,Unprovoked,AUSTRALIA,Western Australia,Cottesloe Beach,Swimming,M,64.0,Y,08h10,,swimming,unknown
2011-09-28,2011,Unprovoked,SOUTH AFRICA,Western Cape Province,Clovely Beach,Swimming,M,43.0,N,12h25,White shark,swimming,white shark
2011-08-01,2011,Unprovoked,SEYCHELLES,Praslin,Anse Lazio,Diving,M,36.0,Y,15h30,,diving,unknown
2011-06-15,2011,Unprovoked,REUNION,Saint-Gilles-les-Bains,Boucan-Canot,Boogie Boarding,M,31.0,Y,17h30,,watercraft,unknown
2011-06-14,2011,Watercraft,UNITED KINGDOM,Cornwall,St. Ives,Fishing,,,N,,"Oceanic whitetip shark, 7'",fishing,other shark
2011-05-22,2011,Unprovoked,USA,Hawaii,"Lyman Beach, Kailua-Kona",Paddle boarding,F,,N,12h00,Tiger shark,watercraft,tiger shark
2010-12-03,2010,Unprovoked,INDONESIA,Bali,Balian,Surfing,M,,N,,,surfing,unknown
2010-10-09,2010,Unprovoked,AUSTRALIA,New South Wales,Mullaway Headland,Surfing,M,22.0,N,13h30,"Bull shark, 1.4m",surfing,bull shark
2010-09-06,2010,Unprovoked,TONGA,Ha'api,,Swimming /  Whale Watching,M,24.0,N,12h00,,swimming,unknown
2010-08-18,2010,Unprovoked,USA,Florida,Crescent Beach St. Johns County,Boogie Boarding,M,10.0,N,09h00,,watercraft,unknown
2010-05-18,2010,Unprovoked,VIETNAM,Binh Dinh Province,Quy Nhon,Rescuing,F,58.0,N,18h00,20 to 30kg shark,other,other shark
2010-01-22,2010,Unprovoked,UNITED ARAB EMIRATES (UAE),Dubai,"Umm Suqeim Beach, Dubai",Surfing,M,54.0,N,Evening,,surfing,unknown
2009-11-16,2009,Unprovoked,USA,Florida,"Jupiter, Palm Beach County",Surfing,M,22.0,N,09h30,,surfing,unknown
2009-10-17,2009,Provoked,SCOTLAND,Fife,Deep Sea World Aquarium,Diving,M,23.0,N,14h45,Angel shark,diving,other shark
2009-04-28,2009,Unprovoked,USA,Florida,"St. Augustine, St. John's County",,F,,N,16h45,,other,unknown
2009-01-26,2009,Invalid,BRAZIL,,Praia do Olho d'Aqua,,M,17.0,,,Shark involvement prior to death was not confirmed,other,other shark
2008-12-27,2008,Watercraft,AUSTRALIA,New South Wales,"Long Reef, north of Sydney",Kayaking,M,29.0,N,11h00,"White shark, 4m to 5m",watercraft,white shark
2008-06-26,2008,Unprovoked,USA,Florida,"New Smyrna Beach, Volusia County",Surfing,M,29.0,N,Afternoon,,surfing,unknown
2008-01-10,2008,Unprovoked,USA,Florida,"Playalinda Beach, Canaveral National Seashore, Brevard County",Surfing,M,20.0,N,,a small shark,surfing,other shark
2007-10-06,2007,Unprovoked,USA,Florida,"Playalinda Beach, Canaveral National Seashore, Brevard County",Surfing,M,16.0,N,08h10,"Blacktip shark, 5'",surfing,other shark
2007-09-03,2007,Unprovoked,USA,Florida,"Daytona Beach, Volusia County",Jumping,F,12.0,N,Morning,18 to 24 shark,other,other shark
2007-08-15,2007,Unprovoked,USA,Florida,Sarasota Bay,Floating near boat & observing bioluminesce,M,20.0,N,Night,Possibly a 6' bull shark,watercraft,other shark
2007-07-10,2007,Unprovoked,BAHAMAS,Abaco Islands,Allan-Pensacola Cay,Spearfishing,F,48.0,N,11h00,"Bull shark, 5'",fishing,bull shark
2007-04-22,2007,Unprovoked,USA,Florida,"Hutchinson Island, St. Lucie County",Body boarding,M,12.0,N,12h30,blacktip or spinner shark,watercraft,other shark
2007-03-22,2007,Unprovoked,YEMEN,Muhafazat Hadramawt,Ras-Alkalb,Murder,,,Y,Morning,,other,unknown
2007-01-25,2007,Watercraft,USA,Florida,100 miles off Ft. Myers Beach,Shrimping,,,N,03h30,14' shark,other,other shark
2006-09-16,2006,Unprovoked,USA,North Carolina,Onslow Beach,Surfing,M,16.0,N,Morning,,surfing,unknown
2006-07-10,2006,Unprovoked,BRAZIL,Pernambuco,Body recovered at Goiana,,M,,Y,,Bull or tiger shark,other,bull shark
2005-09-23,2005,Unprovoked,AUSTRALIA,Western Australia,"Scarborough Beach, Perth",Surfing,M,44.0,N,Morning,Bronze whaler shark,surfing,other shark
2005-04-06,2005,Unprovoked,USA,Florida,"Jacksonville Beach, Duval County",,F,,N,,small hammerhead shark,other,other shark
2005-03-25,2005,Unprovoked,VENEZUELA,,Punta Caracas,Surfing,M,,N,17h30,,surfing,unknown
2004-11-15,2004,Unprovoked,SOUTH AFRICA,Western Cape Province,"Fish Hoek, False Bay",Swimming,F,77.0,Y,07h00,6 m [20'] white shark,swimming,other shark
2004-07-15,2004,Unprovoked,JAPAN,Wakayama Prefecture,Susami,Fishing for squid aboard the trawler Shikishima-Maru when the shark leapt into the boat,M,51.0,N,,"Longfin mako shark, 3.5 m [11.5'], 350-kg [772-lb]",fishing,other shark
2004-03-06,2004,Unprovoked,AUSTRALIA,Western Australia,5 nm off Cervantes,Spearfishing,M,47.0,N,,"Bronze whaler shark, 1.5 m [5']",fishing,other shark
2003-11-06,2003,Unprovoked,EGYPT,Sinai Peninsula,"Sha’ab Mahmud, Ras Mohamed Park",Snorkeling,M,,N,,2.5 oceanic whitetip shark,other,other shark
2003-11-01,2003,Provoked,PANAMA,Pearl Islands,,Spearfishing,M,,N,,"Nurse shark, 60 cm to 90 cm [2' to 3']",fishing,other shark
2003-07-20,2003,Unprovoked,USA,Florida,"Ponce Inlet, New Smyrna Beach, Volusia County",Surfing,M,18.0,N,15h45,,surfing,unknown
2003-07-10,2003,Unprovoked,BAHAMAS,Abaco Islands,Bakers Bay,Spearfishing,M,58.0,N,14h30,Unidentified species,fishing,unknown
2003-04-23,2003,Unprovoked,BRAZIL,Rio de Janeiro,"Copacabana Beach, Rio de Janiero",Swimming,M,7.0,N,,,swimming,unknown
2002-11-28,2002,Unprovoked,MICRONESIA,Caroline Islands,"Pision Reef, Truk",Scuba diving,M,,N,Afternoon,Blacktip shark,diving,other shark
2002-05-13,2002,Unprovoked,USA,Florida,"Ten Thousand Islands National Wildlife Refuge, Collier County",Fishing,M,31.0,N,,2.1 m to 2.4 m [7' to 8'] shark,fishing,other shark
2002-04-12,2002,Unprovoked,AUSTRALIA,New South Wales,"Bar Beach, Newcastle",Swimming,M,45.0,N,18h30,,swimming,unknown
2001-09-16,2001,Invalid,USA,Florida,"2 miles off Pompano Beach, Broward County",Wreck / Technical diving,M,42.0,Y,13h20,Questionable incident - shark bite may have precipitated drowning,diving,other shark
2001-09-13,2001,Provoked,UNITED KINGDOM,Cheshire,"Blue Planet Aquarium, Ellesmere Port",Diving,M,,N,,12' sandtiger shark,diving,other shark
2001-08-19,2001,Unprovoked,USA,Florida,"New Smyrna Beach, Volusia County",Surfing,F,17.0,N,13h06,,surfing,unknown
2001-07-25,2001,Unprovoked,USA,Florida,"Taverniier, Monroe County",,M,,N,16h00,,other,unknown
2001-04-13,2001,Unprovoked,USA,Florida,"New Smyrna Beach, Volusia County",Surfing,M,12.0,N,10h55,Possibly a juvenile blacktip or spinner shark,surfing,other shark
2001-04-11,2001,Unprovoked,USA,Florida,"New Smyrna Beach, Volusia County",Surfing,M,19.0,N,8:04 pm,Possibly a juvenile blacktip or spinner shark,surfing,other shark
2000-12-11,2000,Watercraft,AUSTRALIA,South Australia,"3 km off Port Victoria, Yorke Peninsula",Fishing for whiting,,,N,,"White shark, 4.5 m [14'9]",fishing,white shark
2000-06-02,2000,Unprovoked,USA,Florida,"27th Avenue, New Smyrna Beach, Volusia County",Snorkeling,M,13.0,N,14h55,,other,unknown
2000-04-14,2000,Unprovoked,USA,Florida,"On the south side of Ponce Inlet, Volusia County",Walking,M,34.0,N,11h57,,other,unknown
1999-12-06,1999,Invalid,BRAZIL,Rio de Janeiro,"Rio de Janeiro, Guanabara Bay",Spearfishing,M,39.0,N,09h30,Shark involvement not confirmed,fishing,other shark
1999-09-24,1999,Watercraft,ITALY,Adriatic Sea,San Benedetto,Fishing,,,N,,Said to involve a 7 m [23'] white shark,fishing,other shark
1998-09-27,1998,Unprovoked,USA,Florida,"The Rocks, Hutchinson Island, Martin County",Surfing,M,6.0,N,,,surfing,unknown
1998-07-26,1998,Unprovoked,BRAZIL,Pernambuco,"Boa Viagem, Recife",Surfing,M,,N,17h30,,surfing,unknown
1998-06-28,1998,Unprovoked,AUSTRALIA,South Australia,South Neptune Island,Free diving for abalone,M,26.0,Y,14h00,Thought to involve a 5.5 m white shark named Kong,diving,other shark
1998-05-25,1998,Unprovoked,USA,Florida,"New Smyrna Beach, Volusia County",Surfing,M,40.0,N,11h10,"Lemon shark, 1.5 m [5'], identified  by the surfer",surfing,other shark
1997-10-04,1997,Unprovoked,USA,Florida,"Daytona Beach, Volusia County",Swimming,F,14.0,N,08h30,,swimming,unknown
1997-09-16,1997,Unprovoked,BRAZIL,Pernambuco,"Boa Viagem, Recife",Swimming,M,20.0,Y,,,swimming,unknown
1997-08-11,1997,Unprovoked,EGYPT,Red Sea,Safaga,Fishing,M,16.0,Y,,Thought to involve an oceanic whitetip shark or a white shark,fishing,other shark
1997-08-02,1997,Unprovoked,USA,Florida,"New Smyrna Beach, Volusia County",Body surfing,M,17.0,N,15h45,juvenile shark,surfing,other shark
1996-09-02,1996,Unprovoked,USA,Florida,"Bethune Beach, Volusia County",Sitting on surfboard,M,28.0,N,13h25,,surfing,unknown
1995-05-26,1995,Unprovoked,USA,Florida,"Vero Beach, Indian River County",Surfing,M,15.0,N,,Possibly a bull shark,surfing,other shark
1995-03-11,1995,Unprovoked,AUSTRALIA,South Australia,Cactus Beach,Surfing,M,35.0,N,07h30,"Bronze whaler shark, 2 m",surfing,other shark
1994-07-08,1994,Unprovoked,BRAZIL,Pernambuco,"Boa Viagem, Recife",Surfing,M,,N,,,surfing,unknown
1994-02-19,1994,Unprovoked,USA,Florida,"Juno Beach, Palm Beach County",Surfing,M,23.0,N,13h00,1.2 m [4'] shark,surfing,other shark
1993-11-12,1993,Unprovoked,USA,Hawaii,"Horners, Wailua, Kaua'i","Surfing, paddling shorewards",M,,N,10h55,,surfing,unknown
1990-11-03,1990,Unprovoked,USA,California,"Monastery Beach, Carmel Bay, Monterey County",Scuba diving (but on surface),F,,N,15h00,4 m to 5 m [13' to 16.5'] white shark,surfing,other shark
1990-05-10,1990,Unprovoked,AUSTRALIA,Queensland,Outer Barrier Reef near Port Douglas,"Snorkeling, possibly holding a fish",M,,N,,2 m hammerhead,fishing,other shark
1988-01-06,1988,Provoked,SOUTH AFRICA,Western Cape Province,Struisbaai,Attempting to lasso shark's tail,M,33.0,N,11h15,1.5 m copper shark,other,other shark
1987-12-13,1987,Invalid,AUSTRALIA,New South Wales,Shoalhaven,,F,,,,Shark involvement prior to death was not confirmed,other,other shark
1986-12-11,1986,Unprovoked,USA,Florida,"Ponce Inlet, New Smyrna Beach, Volusia County",Surfing,M,40.0,N,14h00,1.8 m to 2.1 m [6' to 7'] spinner or blacktip shark,surfing,other shark
1986-04-01,1986,Unprovoked,SPAIN,Catalonia,Lloret-de-Mar,Diving,M,,N,,2 m shark,diving,other shark
1985-10-22,1985,Unprovoked,USA,California,"Point Conception, Santa Barbara County",Diving for abalone (Hookah),M,46.0,N,16h00,2 m to 2.5 m [6.75'  to 8.25'] sixgill or sevengill shark,diving,other shark
1984-07-24,1984,Unprovoked,USA,Texas,South Padre Island,Swimming,F,18.0,N,12h00,1.2 m [4'] shark,swimming,other shark
1984-03-01,1984,Unprovoked,AUSTRALIA,Western Australia,Coral Bay,,,,,,,other,unknown
1982-07-24,1982,Unprovoked,USA,California,"Point Buchon, San Luis Obispo County",Paddle Boarding,M,26.0,N,11h00,4.5 m to 5.5 m [14.7' to 18'] white shark,watercraft,other shark
1982-06-29,1982,Unprovoked,SOUTH AFRICA,Eastern Cape Province,Ntlonyana Bay,Surfing,M,27.0,Y,09h30,"2.4 m [8'] white shark, species identity confirmed by witnesses & tooth pattern in surfboard",surfing,other shark
1981-03-25,1981,Unprovoked,USA,Florida,"Singer Island, Riviera Beach, Palm Beach County",Standing / Wading,M,19.0,N,15h00,"1.2 m to 1.5 m [4' to 5'] bull, sandbar or dusky shark",swimming,other shark
1979-05-05,1979,Provoked,SOUTH AFRICA,Western Cape Province,"Hangklip, False Bay",Spearfishing,M,25.0,N,14h00,"White shark, 2.5 m [8.25']",fishing,white shark
1978-10-21,1978,Invalid,SOUTH AFRICA,KwaZulu-Natal,"Fishing camp, St. Lucia Estuary",Fishing,M,,,Dusk,Shark involvement prior to death was not confirmed,fishing,other shark
1978-07-19,1978,Provoked,USA,California,"Newport Beach, Orange County",Fishing,M,27.0,N,,,fishing,unknown
1977-12-01,1977,Watercraft,SOUTH AFRICA,Western Cape Province,"Macassar, False Bay",Fishing for bottom fish,,,N,,3 m [10'] white shark (Tooth  recovered from boat),fishing,other shark
1975-07-30,1975,Sea Disaster,USA,Oregon,,Sea disaster,F,62.0,Y,,,other,unknown
1974-01-13,1974,Unprovoked,SOUTH AFRICA,KwaZulu-Natal,Cape Vidal,Sitting,M,42.0,N,,"Raggedtooth shark, 1 m",other,other shark
1973-03-01,1973,Unprovoked,SOUTH AFRICA,KwaZulu-Natal,Scottburgh,Spearfishing,M,26.0,N,Morning,"2 m shark, possibly a dusky or blacktip shark",fishing,other shark
1972-10-21,1972,Unprovoked,AUSTRALIA,Queensland,"Stevens Reef, 70 miles from Mackay",Spearfishing,M,24.0,N,,,fishing,unknown
1971-04-16,1971,Unprovoked,KENYA,Coast Province,Watamu,Swimming,M,16.0,N,,2 m [6'9] shark,swimming,other shark
1971-04-06,1971,Unprovoked,MEXICO,Guerrero,"Copacabana Beach, Acapulco",Surfing,M,19.0,Y,11h00,,surfing,unknown
1970-12-03,1970,Sea Disaster,USA,Hawaii,Kauai,Shipwreck,M,41.0,N,,,other,unknown
1970-03-23,1970,Unprovoked,USA,Florida,Manatee County,Wading,M,19.0,N,Late afternoon,,swimming,unknown
1969-11-11,1969,Unprovoked,USA,Hawaii,"Barber’s Point, O'ahu",Scuba diving for lobsters,M,,N,,>2.4 m [8'] shark,diving,other shark
1969-03-25,1969,Provoked,AUSTRALIA,New South Wales,Newcastle,,M,65.0,N,,Mako shark,other,other shark
1968-12-29,1968,Invalid,SOUTH AFRICA,KwaZulu-Natal,Port St. John's,Freediving,M,,,,Questionable incident,diving,unknown
1968-11-04,1968,Sea Disaster,PAPUA NEW GUINEA,Madang Province,,Wreck of the Storm King,M,,,,Shark involvement prior to death was not confirmed,other,other shark
1968-01-17,1968,Unprovoked,PAPUA NEW GUINEA,Morobe Province,Finschafen,Swimming,,13.0,Y,17h30,,swimming,unknown
1968-01-01,1968,Unprovoked,COSTA RICA,Limón Province,Parismina,Swimming after his canoe capsized,M,,Y,,,swimming,unknown
1967-09-06,1967,Unprovoked,PAPUA NEW GUINEA,New Ireland Province,Lambom Island,Spearfishing,M,,Y,,,fishing,unknown
1967-08-10,1967,Invalid,AUSTRALIA,New South Wales,Jervis Bay,Anti-sabotage night dive exercise alongside destroyer (Scuba diving),M,,,Night,Shark involvement prior to death was not confirmed,diving,other shark
1966-12-27,1966,Unprovoked,AUSTRALIA,New South Wales,Trial Bay,Spearfishing,M,19.0,N,,"Grey nurse shark, 1.5 m [5']",fishing,other shark
1966-09-27,1966,Unprovoked,AUSTRALIA,Queensland,"Broomfield Island, 11 miles from Heron Island on the Great Barrier Reef","Free diving, carrying speargun",M,32.0,N,16h45,"Bronze whaler shark, 2.1 m [7'], a tooth was embedded in the speargun",diving,other shark
1966-01-25,1966,Sea Disaster,INDONESIA,North Sumatra,Near Belawan,wreck of the State Oil Company ship Permina,,,Y,,,other,unknown
1965-01-01,1965,Unprovoked,VANUATU,Malampa Province,Island of Paam'a,,M,,Y,,,other,unknown
1964-07-10,1964,Invalid,SOUTH AFRICA,KwaZulu-Natal,Island Rock,Spearfishing,M,52.0,Y,,,fishing,unknown
1963-11-25,1963,Unprovoked,FIJI,Vita Levu,Rewa River,Spearing fish,M,25.0,N,14h00,,fishing,unknown
1963-01-26,1963,Invalid,AUSTRALIA,New South Wales,Evans Head,Swimming,M,25.0,,16h30,Shark involvement prior to death was not confirmed,swimming,other shark
1962-06-04,1962,Provoked,USA,California,"12' tank at Steinhart Aquarium, San Francisco","Scuba diving, attempting to catch a captive shark",M,55.0,N,13h30,"Sevengill  shark, 1.2 m [4']",diving,other shark
1961-08-01,1961,Provoked,PAPUA NEW GUINEA,Sandaun Province,Vanimo  on Musu side of Wutong anchorage,"Fishing, two large sharks passed. He speared one and it bit him",M,,N,,,fishing,unknown
1961-03-01,1961,Unprovoked,FIJI,"19S, 178?E","Wotua Beach, 70 miles from Suva",Floating on back,M,,N,11h00,,other,unknown
1961-01-22,1961,Unprovoked,SOUTH AFRICA,KwaZulu-Natal,Amanzimtoti,Swimming,M,15.0,N,14h20,White shark,swimming,white shark
1961-01-01,1961,Unprovoked,COLUMBIA,Roncador Bank,"Roncador Bank, 135 nm north of San Andres",Taking boat from California to Florida when it ran aground & he was swimming back to boat,M,,N,,1.8 m [6'] shark,swimming,other shark
1961-01-01,1961,Unprovoked,NEW CALEDONIA,,,Spearfishing,,,N,,,fishing,unknown
1960-08-25,1960,Invalid,USA,Texas,30 miles east of Corpus Christi,Aircraft crashed into sea,M,,,,Shark involvement prior to death was not confirmed,other,other shark
1960-05-29,1960,Unprovoked,PANAMA,San Blas Islands,Off Diable Island,"Spearfishing, free diving, possibly ascended into path of cruising shark",M,27.0,N,08h30,,fishing,unknown
1960-01-13,1960,Provoked,AUSTRALIA,Western Australia,Geraldton,"Fishing, lifting shark out of craypot",M,,N,P.M.,Wobbegong shark,fishing,other shark
1959-12-26,1959,Unprovoked,PAPUA NEW GUINEA,Rigo subdistrict,Kaparoka,Swimming underneath house on pilings,,13.0,Y,,,swimming,unknown
1959-08-30,1959,Invalid,AUSTRALIA,Tasmania,,Swimming,M,,,,Invalid,swimming,unknown
1959-07-25,1959,Unprovoked,JAPAN,Okayama Prefecture,Ushimado,,M,22.0,Y,13h00,Blue shark?,other,other shark
1959-06-26,1959,Unprovoked,TURKEY,Mersin Province,Off Mezitli,,M,,N,,,other,unknown
1959-04-05,1959,Unprovoked,AUSTRALIA,New South Wales,Thirroul,Spearfishing,M,,N,,,fishing,unknown
1959-03-08,1959,Unprovoked,PHILIPPINES,Mindanao,"Mouth of Langoyan River, Davao City",Lifeboat capsized,M,20.0,Y,,,watercraft,unknown
1957-08-01,1957,Provoked,USA,Florida,"Miami Seaquarium, Virginia Key, Miami, Miami-Dade County",Attempting to net shark in shark channel,M,,N,,"2.7 m [9'] bull shark, identified by Capt. W. Gray",other,other shark
1957-07-24,1957,Provoked,USA,California,"La Jolla, San Diego County",Spearfishing on Scuba,M,,N,,"Said to involve a 1 m  white shark, but thought  that it was more likely a blue shark",fishing,other shark
1956-10-27,1956,Unprovoked,SOUTH AFRICA,Western Cape Province,"Glencairn, False Bay",Free diving for sinkers,M,29.0,N,,"White shark, according to witnesses",diving,white shark
1956-01-16,1956,Unprovoked,COSTA RICA,,San Juan River,Swimming,M,33.0,Y,,,swimming,unknown
1955-07-25,1955,Unprovoked,JAPAN,Okayama Prefecture,Usimado-no-Seto,,M,22.0,Y,13h00,Blue shark,other,other shark
1954-08-12,1954,Provoked,CUBA,Guantanamo Province,Boqueron,Spearfishing,M,,N,,"Nurse shark, 58, 34-lb",fishing,other shark
1953-07-31,1953,Unprovoked,MEXICO,Colima,Manzanillo,Wading,F,18.0,Y,,,swimming,unknown
1953-07-15,1953,Unprovoked,USA,Florida,"Juno Beach, Palm Beach County",Standing,F,26.0,N,,,swimming,unknown
1952-07-13,1952,Provoked,USA,California,"San Diego, San Diego County",Fishing,M,34.0,N,,,fishing,unknown
,1952,Unprovoked,LIBERIA,Montserrado,"West Breakwater, Monrovia / Freeport","Diving, recovering fish killed by dynamite",M,,Y,,,fishing,unknown
1952-01-01,1952,Unprovoked,PAPUA NEW GUINEA,"Admiralty Islands, Manus Province",Manus Island,Spearfishing,M,,N,,,fishing,unknown
1949-12-01,1949,Unprovoked,AUSTRALIA,Victoria,Seaholme,Lying on the bottom of a 16' dinghy,M,35.0,N,,"Grey nurse shark, 2.6 m [8.5']",other,other shark
1948-12-05,1948,Sea Disaster,NORTH PACIFIC OCEAN,Between Kwajalein Atoll & Johnston Island,500 nautical miles southwest of Johnston Island,Air/Sea Disaster involving C-54 Air Force Transport No. 2686 with 37 on board,M,,Y,Dark,,watercraft,unknown
1848-09-17,1848,Unprovoked,TURKEY,Adana Province,Yumurtalik,Swimming,M,,Y,,,swimming,unknown
1947-12-01,1947,Unprovoked,SENEGAL,,"Tiaroye, near Dakar, Cap Vert Peninsula",Fishing / diving,M,,Y,11h00,Tiger shark,fishing,tiger shark
1946-01-05,1946,Unprovoked,AUSTRALIA,New South Wales,"Oatley Bay near Como, George’s River",Swimming,F,14.0,Y,,,swimming,unknown
,1944,Unprovoked,SOUTH AFRICA,Western Cape Province,Hartenbos,Swimming,M,17.0,Y,16h30,"White shark, according to witnesses",swimming,white shark
1940-01-01,1940,Invalid,SOUTH AFRICA,Eastern Cape Province,Kidd's Beach,Swimming,,,,,Questionable incident,swimming,unknown
1938-03-21,1938,Unprovoked,FIJI,Viti Levu,Singatoka River,Wading,M,,N,,,swimming,unknown
1937-08-31,1937,Unprovoked,AUSTRALIA,Torres Strait,"Mabuiag Island, between New Guinea & Australia","Diving from the lugger San, operated by the Protector of the Aborigines",M,38.0,N,11h00,"Tiger shark, 9' to 10'",diving,tiger shark
1936-08-13,1936,Unprovoked,ICELAND,Fishing Grounds,,Swept overboard,M,,N,,,watercraft,unknown
1935-12-23,1935,Provoked,AUSTRALIA,Victoria,150 yards from the pier at Lorne,Cruising,,,N,,4.3 m [14'] shark,other,other shark
1935-09-21,1935,Unprovoked,USA,North Carolina,"Brown’s Inlet on New River, Onslow Beach",Swimming,M,38.0,Y,20h30,,swimming,unknown
1935-06-18,1935,Unprovoked,USA,New Jersey,50 miles offshore,"Fishing for bluefish, shark leapt into dory",M,31.0,N,,4.6 m [15'] shark,fishing,other shark
1933-02-14,1933,Watercraft,AUSTRALIA,South Australia,Adelaide,,,,N,,,other,unknown
1933-01-04,1933,Unprovoked,AUSTRALIA,Queensland,"Strand Beach, Kissing Point, Townsville",Swimming,M,38.0,Y,17h30,,swimming,unknown
1932-11-08,1932,Sea Disaster,CUBA,,,Hurricane & Tidal Wave,,,,,,other,unknown
1932-05-12,1932,Unprovoked,AUSTRALIA,Torres Strait,Near Warrior Reefs,Pearl diving,M,,Y,,,diving,unknown
1931-09-27,1931,Unprovoked,JAMAICA,Kingston Parish,"East Beach, Kingston",Diving off wharf,M,,Y,12h00,,diving,unknown
1931-07-15,1931,Unprovoked,USA,New Jersey,"Sea Girt, Monmouth County",Swimming,M,,N,,,swimming,unknown
1931-01-14,1931,Unprovoked,AUSTRALIA,Torres Strait,,Pearl diving,M,,N,,,diving,unknown
1931-01-07,1931,Unprovoked,AUSTRALIA,Queensland,"Yeppoon, near Ross Creek",Swimming,M,18.0,N,16h00,1.5 m [5'] shark,swimming,other shark
1930-07-19,1930,Unprovoked,CUBA,Havana Province,"LaPlaya Beach / Vedado, Havana",Swimming,M,29.0,N,Evening,,swimming,unknown
1929-12-03,1929,Unprovoked,AUSTRALIA,Queensland,Townsville,,M,,Y,,,other,unknown
,1928,Invalid,USA,Florida,Off Florida coast,Jumped overboard and swimming,M,,,Night,Shark involvement not confirmed,swimming,other shark
1927-01-03,1927,Unprovoked,AUSTRALIA,New South Wales,"Grey’s Point, Port Hacking",Swimming,M,15.0,Y,11h30,3.7 m [12'] shark,swimming,other shark
1925-11-22,1925,Unprovoked,AUSTRALIA,Western Australia,Cottesloe Beach,Floating on his back,M,55.0,Y,15h15,"Tiger shark, 4 m [13'] female",other,tiger shark
1925-11-01,1925,Unprovoked,USA,Puerto Rico,"Condado Beach, San Juan",,M,,N,,,other,unknown
1924-07-04,1924,Watercraft,USA,California,"Newport Beach, Orange County",Fishing,M,,N,,,fishing,unknown
1923-11-02,1923,Invalid,AUSTRALIA,New South Wales,Bellinger Head,Fishing,M,,,,Shark involvement suspected but not confirmed,fishing,other shark
1923-02-01,1923,Unprovoked,USA,Puerto Rico,San Juan,Swimming,M,25.0,N,,,swimming,unknown
1919-12-30,1919,Unprovoked,AUSTRALIA,Queensland,Brible Island,Swimming,M,29.0,N,,,swimming,unknown
1915-07-06,1915,Unprovoked,MEXICO,,Santa Maria Bar,Wading,M,,Y,,,swimming,unknown
1912-02-19,1912,Unprovoked,AUSTRALIA,New South Wales,Coogee,Swimming,M,18.0,N,16h00,,swimming,unknown
,1909,Sea Disaster,INDONESIA,30 nm from Singapore,Rhio Strait,The 2379-ton French steamer La Seyne collied with British steamer Onda & sank in minutes. Passengers jumped overboard expecting to be picked up by Onda’s boats,,,Y,,,watercraft,unknown
1909-03-06,1909,Sea Disaster,SOUTH AFRICA,South Atlantic Ocean,Possession Island,Wreck of the 1308-ton Norwegian ship Auckland,F,,Y,,,other,unknown
1907-10-12,1907,Invalid,HAITI,Tiburon Peninsula,Aux Cayes (now Les Cayes),Reached out to disentangle rope & fell overboard,M,,,,Invalid,watercraft,unknown
1907-01-01,1907,Unprovoked,USA,Hawaii,"Pepe'ekeo, Honomu, Hawai'i","Net fishing, fell into the water",M,,Y,,,fishing,unknown
1906-10-10,1906,Unprovoked,USA,Hawaii,,Diving,M,,N,,,diving,unknown
1906-02-14,1906,Invalid,NEW ZEALAND,North Island,Mototapu Island,Swimming,M,,,,Questionable,swimming,unknown
1901-06-24,1901,Unprovoked,PHILIPPINES,Western Viscayas,"Island of Panay, Iliolo",Swimming,M,,N,15h00,,swimming,unknown
1900-10-27,1900,Invalid,SOUTH AFRICA,Western Cape Province,"Woodstock Beach, Cape Town",Swimming,M,,,,Questionable,swimming,unknown
1900-09-13,1900,Unprovoked,USA,Rhode Island,Coddington Cove,Diving,M,,,,,diving,unknown
1900-09-05,1900,Unprovoked,USA,Hawaii,"Waikiki Beach, Oahu",Floating,M,,N,Afternoon,,other,unknown
1897-01-01,1897,Unprovoked,EGYPT,Mediterranean Sea,Port Said,,,,,,,other,unknown
1896-12-17,1896,Unprovoked,NEW ZEALAND,South Island,Hoiktika,,M,,Y,,,other,unknown
1896-11-01,1896,Unprovoked,AUSTRALIA,Western Australia,Esperance,Boat swamped,M,,Y,,,watercraft,unknown
1894-06-15,1894,Unprovoked,USA,North Carolina,"New Bern, Craven County",Bathing,M,,N,,,swimming,unknown
1890-05-14,1890,Invalid,SOUTH AFRICA,Eastern Cape Province,Port Elizabeth,,M,,,,Invalid,other,unknown
1890-02-25,1890,Watercraft,MALTA,Munxar Reef,Marsascala,"Fishing boat with 4 men on board was rammed & capsized by  a shark, throwing all occupants into the water",M,,Y,,,fishing,unknown
1888-08-01,1888,Watercraft,USA,New York,,Sailing,,,N,,,other,unknown
1885-11-26,1885,Watercraft,AUSTRALIA,Queensland,Brisbane,,,,N,,15' shark,other,other shark
1884-12-08,1884,Provoked,FRANCE,Côte d'Azur,Between Nice & Villefranche,,F,,Y,02h00,10' shark,other,other shark
1879-09-22,1879,Provoked,SPAIN,Valencia,Castellon de la Plana,Fishing,,,N,,2.5 m shark,fishing,other shark
1879-03-10,1879,Invalid,AUSTRALIA,New South Wales,Near Sydney,The steamship Bonnie Dundee lost in collision,M,,,,Shark involvement prior to death unconfirmed,other,other shark
1877-08-28,1877,Invalid,INDIAN OCEAN,,,,F,,,,Shark involvement prior to death unconfirmed,other,other shark
1874-01-01,1874,Sea Disaster,TUVALU,,Between Nanumea & Nanumaga Atolls,Fleet of canoes caught by a squall and charged by sharks.,,,Y,Night,,other,unknown
1861-02-12,1861,Unprovoked,EQUATORIAL GUINEA / CAMEROON,Fernando Po Island,,Swimming,M,,Y,,,swimming,unknown
1853-07-13,1853,Unprovoked,USA,South Carolina,"Charleston Harbor, Charleston County",Swimming,M,,Y,,Tiger shark (pregnant),swimming,tiger shark
1840-02-01,1840,Watercraft,AUSTRALIA,Tasmania,George Town Cove,Sailing,,,N,,,other,unknown
1831-01-22,1831,Invalid,AUSTRALIA,Tasmania,Hobart,"Boat capsized, clinging to line",M,,,,Invalid,watercraft,unknown
,1700,Unprovoked,FRANCE,Côte d'Azur,Antibes,Bathing,M,,N,,White shark,swimming,white shark
,1580,Unprovoked,Between PORTUGAL & INDIA,,,Man fell overboard from ship. Those on board threw a rope to him with a wooden block & were pulling him to the ship,M,,Y,,,watercraft,unknown
2023-05-11,2023,Provoked,USA,Hawaii,"Kualoa, Oahu",Kayak fishing,M,,N,,Tiger shark,fishing,tiger shark
2022-10-31,2022,Unprovoked,USA,California,"Otter Point, Pacific Grove",Surfing,M,,N,17h17,,surfing,unknown
2022-07-04,2022,Unprovoked,JAPAN,Okinawa,Nago,Snorkeling,M,60.0,Y,,,other,unknown
2022-03-31,2022,Provoked,USA,Florida,"Lake Worth Beach, Palm Beach County",Fishing,M,,N,Morning,,fishing,unknown
2022-03-18,2022,Unprovoked,COLUMBIA,Isla De San Andres,La Piscinita,Swimming,M,56.0,Y,,Tiger shark,swimming,tiger shark
2022-03-15,2022,Unprovoked,AUSTRALIA,New South Wales,Crowdy Baay,Surfing,M,32.0,N,15h20,Bull shark,surfing,bull shark
2022-02-11,2022,Unprovoked,USA,Florida,"Cocoa Beach, Brevard  County",Surfing,M,18.0,N,17h30,,surfing,unknown
2020-12-08,2020,Unprovoked,USA,Hawaii,Honolua Bay,Surfing,M,56.0,Y,07h45,Tiger shark. 14'3,surfing,tiger shark
2020-08-30,2020,Unprovoked,USA,South Carolina,"Folly Beach, Charleston County",Surfing,M,12.0,N,11h30,,surfing,unknown
2020-07-31,2020,Unprovoked,USA,Florida,"New Smyrna Beach, Volusia County",Surfing,F,22.0,N,17h00,,surfing,unknown
2020-05-08,2020,Unprovoked,AUSTRALIA,Victoria,"Southside Beach, near Geelong",Surfing,M,,N,16h00,,surfing,unknown
2019-11-22,2019,Unprovoked,ISRAEL,,Haifa,Snorkeling,M,,N,,,other,unknown
2019-07-29,2019,Unprovoked,USA,Florida,"New Smyrna Beach, Volusia County",Surfing,M,18.0,N,13h30,,surfing,unknown
2019-05-25,2019,Unprovoked,NEW CALEDONIA,Noumea,Port South Marina,Swimming,M,10.0,N,16h00,"Bull shark, 3.5 m",swimming,bull shark
2019-03-22,2019,Unprovoked,USA,Florida,"Hobe Sound, Martin County",Surfing,M,46.0,N,16h00,4' shark,surfing,other shark
2018-08-18,2018,Unprovoked,USA,North Carolina,"Atlantic Beach, Carteret  County",Surfing,M,14.0,N,10h47,,surfing,unknown
2018-08-09,2018,Unprovoked,USA,Texas,"Crystal Beach, Galveston  County",Spearfishing,M,42.0,N,10h00,"Said to involve a bull shark, 5' to 6'",fishing,other shark
2018-07-11,2018,Unprovoked,USA,Florida,"New Smyrna Beach, Volusia County",Surfing,M,14.0,N,11h30,,surfing,unknown
2018-05-01,2018,Provoked,AUSTRALIA,Westerm Australia,Dugong Bay,Feeding sharks,F,34.0,N,,"Tawny nurse shark, 2m",other,other shark
2018-04-15,2018,Unprovoked,AUSTRALIA,Western Australia,"Cobblestones, Margaret River Area",Surfing,M,37.0,N,08h00,,surfing,unknown
2017-09-10,2017,Unprovoked,AUSTRALIA,New South Wales,Iluka Beach,Surfing,M,35.0,N,06h00,"White shark, 3 to 3.5m",surfing,white shark
2017-09-03,2017,Unprovoked,SOUTH AFRICA,Western Cape Province,Dyer Island,"Swimming, poaching abalone",M,,Y,Morning,,swimming,unknown
2017-08-18,2017,Unprovoked,BAHAMAS,,,Spearfishing,M,,N,15h00,5' shark,fishing,other shark
2017-07-29,2017,Unprovoked,USA,South Carolina,"DeBordieu Colony, Georgetown County",,F,12.0,N,Afternoon,,other,unknown
2016-12-14,2016,Unprovoked,AUSTRALIA,Western Australia,Trigg Beach,Free diving,M,61.0,N,09h30,,diving,unknown
2016-09-16,2016,Unprovoked,AUSTRALIA,Victoria,Bells Beach,Surfing,M,,N,,2 m shark,surfing,other shark
2016-03-11,2016,Unprovoked,USA,Florida,"Vero Beach, St. Lucie County",Body surfing,M,19.0,N,13h30,,surfing,unknown
2016-02-10,2016,Invalid,AUSTRALIA,Tasmania,Nettley Bay,Surfing,M,,,12h30,No shark involvement,surfing,other shark
2016-01-25,2016,Unprovoked,USA,Hawaii,"Hanalei Bay, Kauai,",Surfing,F,15.0,N,11h30,,surfing,unknown
2015-09-06,2015,Unprovoked,USA,California,"El Pescador Beach, Los Angeles County",Stand-Up Paddleboarding,F,50.0,N,17h30,"White shark, 11' to 12'",watercraft,white shark
2014-12-28,2014,Sea Disaster,GREECE,,33 nautical miles off Othonoi Island,,,,N,,Shark involvement prior to death still to be determined,other,other shark
2014-11-13,2014,Unprovoked,USA,Hawaii,"Airplane Beach, Lahina, West Maui",Snorkeling,M,53.0,N,13h30,1.5 m shark,other,other shark
2014-05-24,2014,Unprovoked,AUSTRALIA,Queensland,Nerang River near Chevron Island,Fell into the water,F,29.0,N,,"Bull shark, 1.2m",other,bull shark
2013-09-21,2013,Unprovoked,USA,Florida,"Ormond Beach, Volusia County",Swimming,F,45.0,N,13h00,,swimming,unknown
2013-03-03,2013,Unprovoked,SOUTH AFRICA,Eastern Cape Province,Port St. John's,Swimming,M,39.0,N,,,swimming,unknown
2012-10-27,2012,Unprovoked,USA,Hawaii,"Makena Landing, Maui",Swimming,F,51.0,N,15h56,"Tiger shark, 10' to 12'",swimming,tiger shark
2012-08-31,2012,Provoked,SCOTLAND,Inner Hebrides,Off the Isle of Islay,Shark fishing,M,53.0,N,,"Porbeagle shark, 7'",fishing,other shark
2012-07-07,2012,Unprovoked,BAHAMAS,Eleuthera,,Spearfishing,M,,N,,,fishing,unknown
2012-06-18,2012,Unprovoked,USA,North Carolina,"Ocean Isle, Brunswick County",Wading,F,6.0,N,11h00,,swimming,unknown
2011-11-28,2011,Unprovoked,AUSTRALIA,Queensland,Peregian,Swimming,M,10.0,N,Afternoon,Wobbegong shark?,swimming,other shark
2011-10-10,2011,Unprovoked,USA,Oregon,Seaside,Surfing,M,,N,,10' to 12' shark,surfing,other shark
2011-10-01,2011,Unprovoked,USA,Alabama,"Gulf Shores, Baldwin County",,M,29.0,N,,,other,unknown
2011-08-17,2011,Unprovoked,USA,North Carolina,"Kure Beach, New Hanover County",Wading,F,,N,17h00,Possibly a 5' to 6' sandtiger shark,swimming,other shark
2011-07-31,2011,Invalid,BRAZIL,Pernambuco,Praia do Pina,Swimming,M,14.0,,,Shark involvement prior to death not confirmed,swimming,other shark
2010-03-10,2011,Invalid,EGYPT,South Sinai Peninsula,Sharm-el-Sheikh,,F,,,,,other,unknown
2010-12-26,2010,Unprovoked,USA,Hawaii,"Kahului, Maui",Body boarding,M,16.0,N,15h35,6' shark,watercraft,other shark
2010-12-11,2010,Unprovoked,USA,Hawaii,"Tavares Bay, Maui",Surfing,M,46.0,N,13h51,,surfing,unknown
2010-10-23,2010,Unprovoked,AUSTRALIA,Western Australia,Wedge Island,Kite Surfing,M,14.0,N,,,surfing,unknown
2010-01-09,2010,Unprovoked,AUSTRALIA,Torres Strait,Thursday Island,Snorkeling,F,9.0,N,,"Whitetip reef shark, 1m",other,white shark
2010-01-05,2010,Unprovoked,SOUTH AFRICA,Eastern Province,"Nahoon, East London",Surfing,M,,N,,,surfing,unknown
2009-11-08,2009,Unprovoked,AUSTRALIA,South Australia,Second Valley,Kayaking,M,25.0,N,10h30,2 m shark,watercraft,other shark
2009-09-13,2009,Provoked,BRAZIL,Pernambuco,"Piedade, Recife",,M,34.0,Y,,,other,unknown
2009-08-25,2009,Unprovoked,USA,California,"Terramar Beach, Carlsbad, San Diego County",Swimming,F,22.0,N,16h30,"White shark, 5' to 6' juvenile",swimming,white shark
2009-08-06,2009,Unprovoked,USA,Hawaii,Kawa'a,Surfing,M,,N,08h45,"Tiger shark, 12",surfing,tiger shark
2009-03-16,2009,Provoked,AUSTRALIA,Western Australia,"The Natural Jetty, Rottnest Island",Wading,M,21.0,N,,"Wobbegong shark, 60cm",swimming,other shark
2009-01-12,2009,Unprovoked,AUSTRALIA,New South Wales,"Windang,       Lake Illawara",Snorkeling,M,24.0,N,10h45,"Dusky shark, 2m",other,other shark
2008-11-28,2008,Unprovoked,EGYPT,Red Sea,Elphinstone Reef,Scuba diving,F,,N,Morning,Oceanic whitetip shark,diving,other shark
2008-04-17,2008,Invalid,AUSTRALIA,Queensland,"Duranbah, Greenmount Beach",Surfing,M,19.0,,11h00,Shark involvement not confirmed; thought to be a barracuda bite,surfing,other shark
2007-11-08,2007,Unprovoked,AUSTRALIA,New South Wales,"Wategos Beach, Byon Bay",Surfing,M,,N,14h20,,surfing,unknown
2007-05-26,2007,Unprovoked,USA,South Carolina,Garden City,Wading,F,,N,17h00,,swimming,unknown
2007-05-24,2007,Provoked,USA,Virginia,"Virginia Aquarium & Marine Science Center, Virginia Beach",Reviving a sedated shark,F,40.0,N,Morning,A 10-year-old 94-pound pregnant blacktip reef shark,other,other shark
2007-05-16,2007,Unprovoked,AUSTRALIA,Western Australia,"Warra Beach, Coral Bay",Wading,F,38.0,N,14h30,2.5 m shark,swimming,other shark
2006-07-08,2006,Unprovoked,USA,Florida,"Playalinda Beach, Canaveral National Seashore, Brevard County",Swimming,M,13.0,N,13h00,,swimming,unknown
2006-07-01,2006,Unprovoked,USA,Florida,"Florida Keys, Monroe County",Spearfishing,M,35.0,N,,1.8 m blacktip reef shark,fishing,other shark
2005-11-02,2005,Unprovoked,USA,California,"Ocean Beach, San Francisco, San Francisco County",Surfing,M,26.0,N,07h15,12' to 14' white shark,surfing,other shark
2005-10-22,2005,Unprovoked,SOUTH AFRICA,Western Cape Province,Uilenkraalsmond (near Gansbaai),Standing / Surfing,M,20.0,N,Morning,3 m shark,surfing,other shark
2005-09-04,2005,Unprovoked,AUSTRALIA,South Australia,"Fishery Bay, Eyre Peninsula",Surfing,M,40.0,N,15h00,4 m [13'] white shark,surfing,other shark
2005-08-01,2005,Invalid,Seychelles,Inner Islands,Off North Island,Fishing,M,,,,Invalid,fishing,unknown
2005-06-18,2005,Invalid,USA,Hawaii,Maui,Swimming,M,49.0,,08h00,Invalid,swimming,unknown
2004-07-27,2004,Unprovoked,USA,North Carolina,"Carolina Beach, New Hanover County",Swimming,F,13.0,N,17h00,1.8 m [6'] shark,swimming,other shark
2004-04-07,2004,Unprovoked,USA,Hawaii,"Kahana Beach, Maui",Surfing,M,57.0,Y,07h08,Tiger shark,surfing,tiger shark
2003-11-22,2003,Unprovoked,USA,Florida,"Daytona Beach, Volusia County",Surfing,F,35.0,N,15h30,4' shark,surfing,other shark
2003-11-01,2003,Unprovoked,AUSTRALIA,New South Wales,"Seal Rocks, north of Newcastle",Standing,M,,N,Dusk,,swimming,unknown
2003-10-24,2003,Invalid,USA,Hawaii,Honolua Bay,Snorkeling,M,56.0,,12h20,Shark involvement not confirmed,other,other shark
2003-10-05,2003,Unprovoked,USA,Florida,"Stuart Park Beach, Martin County",Surfing,M,18.0,N,14h30,,surfing,unknown
2003-02-08,2003,Unprovoked,AUSTRALIA,Queensland,Burleigh Lake on the Gold Coast,Swimming,M,84.0,Y,Morning,Thought to involve a >2 m [6.75'] bull shark,swimming,other shark
2002-12-16,2002,Unprovoked,AUSTRALIA,Queensland,Miami Lake,Swimming,M,23.0,Y,02h30,Bull shark,swimming,bull shark
2002-11-02,2002,Unprovoked,USA,Florida,"New Smyrna Beach, Volusia County",Boogie boarding,M,16.0,N,13h25,3' to 4' shark,watercraft,other shark
2002-10-30,2002,Unprovoked,USA,Hawaii,"Kama'ole Beach Park I, Kihei, Maui",Swimming,F,60.0,N,11h56,A “small” shark,swimming,other shark
2002-09-05,2002,Provoked,USA,Florida,"Daytona Beach Shores, Volusia County","Wading, when he stepped on the shark",M,36.0,N,17h45,1' to 2' hammerhead or bonnethed shark,swimming,other shark
2002-08-07,2002,Unprovoked,USA,Florida,"Ponce De Leon Inlet, Volusia County",Standing,M,15.0,N,12h30,,swimming,unknown
2002-07-10,2002,Provoked,USA,Florida,"Ponce Inlet, New Smyrna Beach, Volusia County",Surfing,M,19.0,N,18h45,,surfing,unknown
2002-05-21,2002,Unprovoked,PAPUA NEW GUINEA,Milne Bay Province,Tewatewa Island,Collecting beche-de-mer,M,14.0,N,,,other,unknown
2002-01-04,2002,Unprovoked,SOUTH AFRICA,KwaZulu-Natal,Durban Harbor,Fishing,M,16.0,N,02h00,Zambesi shark?,fishing,other shark
2001-09-03,2001,Unprovoked,USA,North Carolina,"Avon, Hatteras Island, Outer Banks, Dare County",Swimming,M,28.0,Y,18h00,A large white shark was filmed by divers on a local wreck 2 days prior to the incident.,swimming,other shark
2001-04-12,2001,Unprovoked,USA,Florida,"New Smyrna Beach, Volusia County",Surfing,M,21.0,N,16h05,Possibly a juvenile blacktip or spinner shark,surfing,other shark
2000-10-18,2000,Unprovoked,USA,Hawaii,Olowalu,Swimming / snorkeling,F,56.0,N,11h20,"Tiger shark, 1.8 m to 2.4 m [6' to 8']",swimming,tiger shark
2000-07-17,2000,Unprovoked,USA,North Carolina,"Oceanic Pier, Wrightsville Beach, New Hanover County",Surfing,M,16.0,N,,,surfing,unknown
2000-06-09,2000,Unprovoked,USA,Alabama,"Gulf Shores, Baldwin County",Swimming,M,44.0,N,06h45,Bull shark,swimming,bull shark
1999-08-21,1999,Unprovoked,USA,Florida,"Ponce Inlet, Volusia County",Surfing,M,17.0,N,18h40,,surfing,unknown
1999-07-03,1999,Unprovoked,SOUTH AFRICA,Eastern Cape Province,"Cintsa East, East London",Surfing,M,29.0,N,Morning,"White shark, 4 m [13']",surfing,white shark
1999-03-08,1999,Unprovoked,USA,Hawaii,"Kealia Beach, Kaua'i",Body surfing or body boarding,M,18.0,N,,,surfing,unknown
1998-05-29,1998,Unprovoked,SOUTH AFRICA,Eastern Cape Province,Jeffreys Bay,Body boarding,M,16.0,N,Early afternoon,Unidentified,watercraft,unknown
1997-09-08,1997,Unprovoked,USA,Florida,"New Smyrna Beach, Volusia County",Surfing,M,17.0,N,Evening,small blacktip shark,surfing,other shark
1997-08-30,1997,Unprovoked,USA,Florida,"New Smyrna Beach, Volusia County",Surfing,M,18.0,N,13h00,,surfing,unknown
1997-05-31,1997,Unprovoked,USA,Florida,"Flagler Beach, Flagler County",Surfing,M,34.0,N,11h00,Possibly a sand shark,surfing,other shark
1997-01-25,1997,Unprovoked,AUSTRALIA,Queensland,"Whitehaven Beach, Whitsundays Island",Snorkeling,M,27.0,N,11h00 / 11h30,1.8 m to 2.1 m [6' to 7'] shark,other,other shark
1996-12-29,1996,Unprovoked,AUSTRALIA,Queensland,Coolum Beach,Surfing,M,18.0,,18h00,,surfing,unknown
1996-07-23,1996,Unprovoked,OKINAWA,Miyako,Hirara City,Swimming,M,52.0,Y,,5 m [16.5'] white shark,swimming,other shark
1994-09-21,1994,Unprovoked,USA,Oregon,"Short Sand Beach, Oswald West State Park",Surfing,M,43.0,N,16h30,5 m [16.5'] white shark,surfing,other shark
1994-03-23,1994,Unprovoked,CHILE,,300 miles east of Easter Island,Swimming alongside NOAA research vessel Discoverer,F,19.0,N,11h58,3.6 m [11'9] white shark,swimming,other shark
1993-06-11,1993,Unprovoked,HONG KONG,New Territories,Silverstrand,Swimming,M,61.0,Y,07h15,,swimming,unknown
1992-04-09,1992,Unprovoked,SOUTH AFRICA,Eastern Cape Province,Nahoon,Surfing,M,35.0,N,13h20,>2 m shark,surfing,other shark
1992-01-23,1992,Unprovoked,SOUTH AFRICA,KwaZulu-Natal,Isipingo,Swimming,M,19.0,N,17h30,"Zambesi shark, 1.7 m [5.5']",swimming,other shark
1991-11-26,1991,Unprovoked,USA,Hawaii,"Olowalu, Maui",Snorkeling,F,,N,09h00,"Tiger shark, 2.4 m 3.4 m [8' to 11']",other,tiger shark
1991-07-01,1991,Unprovoked,USA,Virginia,"Croatan Beach, Virginia Beach,",Boogie boarding,M,13.0,N,,Shark involvement not confirmed,watercraft,other shark
1989-07-20,1989,Unprovoked,SOUTH AFRICA,Eastern Cape Province,Jeffreys Bay,Surfing,M,34.0,N,10h35,2.5 m [8.25'] white shark,surfing,other shark
1989-03-04,1989,Watercraft,AUSTRALIA,Western Australia,Near Broome in Roebuck Bay,Kayaking,M,,N,,"Tiger shark, 3.5 m",watercraft,tiger shark
1988-06-16,1988,Unprovoked,USA,North Carolina,"Ocracoke, Hyde County",Scuba diving,M,42.0,N,,Sandtiger shark,diving,other shark
1988-05-10,1988,Unprovoked,USA,Florida,"Paradise Beach Park, Brevard County",Surfing,M,31.0,N,18h30,,surfing,unknown
1988-02-12,1988,Watercraft,AUSTRALIA,Western Australia,18 km west of Bunbury,Drift fishing,,,N,,"Mako shark, 3 m [10'], 200-kg [441-lb]",fishing,other shark
1987-12-17,1987,Unprovoked,USA,Florida,"Palm Beach, Palm Beach County",Surfing,M,16.0,N,13h00,1.8 m [6'] blacktip shark,surfing,other shark
1986-09-01,1986,Unprovoked,USA,Florida,"Ponce Inlet, New Smyrna Beach, Volusia County",Surfing,,18.0,N,,,surfing,unknown
1984-09-23,1984,Unprovoked,USA,Florida,Volusia County,Surfing,M,17.0,N,14h00,,surfing,unknown
1984-08-07,1984,Unprovoked,INDONESIA,,Bali,"Sea disaster, foundering of the cargo vessle M/V Dorolonda",M,,Y,,,other,unknown
1984-07-24,1984,Unprovoked,USA,Texas,South Padre Island,Swimming,F,13.0,N,14h30,,swimming,unknown
1984-05-31,1984,Unprovoked,SOUTH AFRICA,Western Cape Province,Arniston,Spearfishing,M,28.0,N,13h30,,fishing,unknown
1983-06-15,1983,Unprovoked,BAHAMAS,,Carter Cay,,M,30.0,N,11h00,6' blacktip shark,other,other shark
1982-06-13,1982,Unprovoked,USA,Hawaii,"Ho'okipa Beach, Pa'ia, Maui","Sailboarding, fell into water 100 yards outside the breakwater",M,,N,,1.2 m to 1.5 m [4' to 5'] reef shark,watercraft,other shark
1981-08-24,1981,Provoked,USA,Florida,Gulf Island National Seashore Park,Spearfishing,M,19.0,N,,"1.8 m [6'] shark, species identity questionable",fishing,other shark
1981-07-07,1981,Unprovoked,USA,Florida,Carter Cay,Spearfishing,M,,N,18h10,2.4 m [8'] shark,fishing,other shark
1980-11-11,1980,Unprovoked,BRAZIL,Pernambuco,Piedade,Swimming,M,16.0,Y,,,swimming,unknown
1979-08-03,1979,Unprovoked,THAILAND,Southern Thailand,,Murdered by Thai pirates,M,,Y,,,other,unknown
1979-03-01,1979,Watercraft,SOUTH AFRICA,Western Cape Province,Seal Island,,,,N,,,other,unknown
1978-06-21,1978,Unprovoked,USA,Florida,"South of Neptune Beach, Duval County",Surfing,M,20.0,N,,,surfing,unknown
1978-02-28,1978,Unprovoked,SOUTH AFRICA,Western Cape Province,"Seal Island, False Bay",Fishing for mackerel,,,N,03h00,270 kg shark,fishing,other shark
1977-12-19,1977,Unprovoked,SOUTH AFRICA,Eastern Cape Province,Qolera River,Surfing,M,18.0,N,10h00,"Tiger shark, 3 m [10']",surfing,tiger shark
1977-02-26,1977,Unprovoked,AUSTRALIA,New South Wales,"Kingscliffe Beach, south of Tweed Heads","Pushed surfmat of a young girl out of the shark's path, drawing shark's attention to his own board",M,24.0,N,,4 m [13'] shark,surfing,other shark
1976-11-25,1976,Unprovoked,USA,Florida,"Delray Beach, Palm Beach County",Surfing,M,19.0,N,10h55,2.1 m [7'] lemon shark or bull shark,surfing,other shark
1976-05-02,1976,Watercraft,SOUTH AFRICA,Western Cape Province,40 km off Cape Point,Competing in a light tackle game fishing,,,N,,"Mako shark, 180-kg [397-lb]",fishing,other shark
1974-04-04,1974,Unprovoked,SOUTH AFRICA,KwaZulu-Natal,"Inyoni Rocks, Amanzimtoti",Surfing,M,17.0,N,16h30,Juvenile dusky shark,surfing,other shark
1972-09-09,1972,Unprovoked,USA,California,"Point Sur, Monterey County",Surfing,M,,N,10h00,"White shark, 6 m [20']",surfing,white shark
1972-06-26,1972,Unprovoked,AUSTRALIA,Queensland,Pancake Creek,,M,,Y,,,other,unknown
1971-10-02,1971,Unprovoked,USA,California,"Sea Ranch, Sonoma County",Scuba diving,M,30.0,N,14h00,"White shark, 5 m to 6 m [16.5' to 20']",diving,white shark
1971-01-01,1971,Unprovoked,USA,California,"Franklin Point, San Mateo County",Free diving,M,,N,,White shark,diving,white shark
1971-01-01,1971,Unprovoked,IRAN,Khuzestan Province,"Ahvaz, on the Karun River",,M,,N,,,other,unknown
1968-06-01,1968,Unprovoked,ENGLAND,,,,M,,N,,Blue shark,other,other shark
1968-02-18,1968,Provoked,NEW ZEALAND,North Island,"Pilot Bay, Mt Maunganui",Picking up shark by the tail,F,,N,,3' shark,other,other shark
1968-01-01,1968,Invalid,USA,Florida,"Jensen Beach, Martin County",Surfing,,,,17h00,Questionable incident,surfing,unknown
1967-12-21,1967,Invalid,PAPUA NEW GUINEA,Central Province,Port Moresby,Spearfishing,M,32.0,,,Questionable incident,fishing,unknown
1967-11-04,1967,Sea Disaster,PHILIPPINES,Rombion Province,Off Sibuyan Island,Sinking of the M/V Mindoro during a typhoon,,,Y,,,other,unknown
1967-06-01,1967,Provoked,ITALY,Sicily,Stretto di Messina,Fishing boat,M,,N,,"White shark, 4 to 5 m [13' to 16.5']",fishing,white shark
1967-03-09,1967,Unprovoked,NEW ZEALAND,South Island,St. Kilda Beach,Lifesaving drill,M,21.0,Y,19h45,Thought to involve a white shark,other,other shark
1967-01-22,1967,Provoked,SOUTH AFRICA,Western Cape Province,Whittle Rock False Bay,Spearfishing Competition,M,,N,,2.1 m [7'] sandtiger shark,fishing,other shark
1966-11-14,1966,Unprovoked,THAILAND,,,,,28.0,,,,other,unknown
1965-05-01,1965,Unprovoked,JAMAICA,,,Diving,M,,N,,,diving,unknown
1964-11-29,1964,Unprovoked,AUSTRALIA,Victoria,Lady Julia Percy Island,Free diving with seals,M,25.0,N,14h30,"White shark, 2.4 m [8']",diving,white shark
1964-09-27,1964,Invalid,,,,Spearfishing,M,24.0,,11h00,Shark involvement prior to death was not confirmed,fishing,other shark
1963-07-10,1963,Sea Disaster,JAMAICA,,,63' fishing boat Sno' Bay foundered,,,Y,,,fishing,unknown
1963-07-01,1963,Unprovoked,PANAMA,San Blas coast,"4 miles from Tuwala, near Mulatuppu","Seining for bait, standing in chest-deep water",M,,Y,,,swimming,unknown
1962-05-12,1962,Sea Disaster,USA,California,"8 miles off Newport Beach, Orange County",25-foot cabin cruiser Happy Jack sank in heavy seas,,,Y,03h45 - 04h00,,other,unknown
1961-12-28,1961,Unprovoked,SOUTH AFRICA,KwaZulu-Natal,Umhlanga Rocks,Treading water,M,18.0,N,16h50,Zambesi shark,swimming,other shark
1961-12-19,1961,Watercraft,AUSTRALIA,South Australia,Cowell,"Fishing, hauling in a 5-lb snapper",,,N,,2.7 m [9'] shark,fishing,other shark
1961-09-06,1961,Invalid,AUSTRALIA,Western Australia,Broome,Attaching a line at sea,,,,,Shark involvement prior to death was not confirmed,other,other shark
1961-04-30,1961,Invalid,USA,Florida,Palm Beach County,Splashing,M,10.0,,15h00,Shark involvement not confirmed,other,other shark
1961-01-06,1961,Provoked,AUSTRALIA,Northern Territory,"Stokes Hill Wharf, Darwin",Fishing,M,,N,,"Hammerhead shark, 1.8 m [6']",fishing,other shark
1960-05-24,1960,Unprovoked,BERMUDA,Paget,Elbow Beach /  Coral Beach,Free diving but treading water at surface,M,25.0,N,15h00,"Dusky shark, 2.7 m [9'] dusky shark C. obscurus identified by S. Springer on tooth recovered",surfing,other shark
,1960,Unprovoked,MOZAMBIQUE,Gaza,Xai Xai,Swimming,F,5.0,Y,,,swimming,unknown
1959-11-22,1959,Unprovoked,AUSTRALIA,Queensland,"Surfer's Paradise, Northcliffe",Trailing the field in a surf race,M,19.0,N,11h00,3 m to 4.3 m [10' to 14'] shark,surfing,other shark
1959-08-12,1959,Provoked,CROATIA,Istria,Pula,Fishing,M,,N,,20 kg shark,fishing,other shark
1959-01-25,1959,Unprovoked,AUSTRALIA,Tasmania,"Whale Bay, King Island, Bass Strait",Swimming with motor tube,M,16.0,N,,,swimming,unknown
1959-01-01,1959,Provoked,ATLANTIC OCEAN,,,Paddling & sailing from Buenos Aires to Miami,M,,N,,"Tiger shark, 12' ?",other,tiger shark
1957-07-15,1957,Unprovoked,USA,North Carolina,"Salter Path, Atlantic Beach, Carteret County",Swimming,M,57.0,Y,12h15,White shark,swimming,white shark
1957-05-07,1957,Unprovoked,SOLOMON ISLANDS,,,Fishing,M,,N,,,fishing,unknown
1957-01-01,1957,Unprovoked,USA,Florida,"Miami, Miami-Dade County",Helmet diving in Miami Seaquarium,M,,N,,Bull shark,diving,bull shark
1956-05-07,1956,Unprovoked,CUBA,,,"Free diving, working on U/W scenes for motion picture",M,30.0,Y,,,diving,unknown
1956-03-01,1956,Unprovoked,AUSTRALIA,Western Australia,Fremantle,Attempting to set underwater endurance record,M,21.0,N,,,other,unknown
1956-01-16,1956,Unprovoked,AUSTRALIA,Torres Strait,Palm Island,Diving for trochus,M,18.0,N,,,diving,unknown
1955-11-01,1955,Unprovoked,PAPUA NEW GUINEA,"Admiralty Islands, Manus Province","Low Island, Manus",Spearfishing,M,,N,,,fishing,unknown
1955-10-16,1955,Provoked,AUSTRALIA,Queensland,"Tully, North Queensland",Spearfishing & lassoed shark,M,28.0,N,,6' shark,fishing,other shark
1955-05-01,1955,Unprovoked,PAPUA NEW GUINEA,"Admiralty Islands, Manus Province","Lou Island, south of Manus Island",Spearfishing,M,,N,Midday.,,fishing,unknown
1955-01-17,1955,Unprovoked,AUSTRALIA,New South Wales,"Wyargine Point, Edwards Beach, Balmoral Beach, Sydney",Hunting lobsters in 2.4 m of water,M,13.0,Y,14h30,"Bronze whaler shark,3.7 m [12']",other,other shark
1954-09-04,1954,Unprovoked,AUSTRALIA,Torres Strait,"Darnley Island, Torres Strait","Spearfishing, hunting crayfish",M,35.0,Y,,9' shark,fishing,other shark
1954-08-14,1954,Provoked,USA,New Jersey,"Barnegat Light, Ocean County",Surf fishing,M,,N,,sand shark,surfing,other shark
1954-07-30,1954,Unprovoked,ECUADOR,Galapagos Islands,,"Tuna fishing, standing on stern platform that was submerged by waves",M,34.0,N,,,swimming,unknown
1954-04-01,1954,Provoked,SUDAN?,Red Sea,Southern part,Spearfishing,M,,N,,,fishing,unknown
,1954,Unprovoked,IRAN,Karun River,"Hesamabad area of Shushtar, 420 km from the sea",,M,,N,,Bull shark suspected due to freshwater habitat,other,bull shark
1953-01-08,1953,Watercraft,AUSTRALIA,Tasmania,Wynyard,Fishing,,,N,Afternoon,10' to 12' shark,fishing,other shark
1952-04-01,1952,Provoked,SUDAN,Red Sea State,"Suakin Harbor, Suakin Island",Spearfishing,M,,N,P.M.,a small slim brown shark,fishing,other shark
1951-09-02,1951,Unprovoked,AUSTRALIA,Queensland,Fitzroy River near Rockhampton,"Body found on deserted luxury yacht, 38’ Christine",M,56.0,Y,,,other,unknown
1951-08-16,1951,Unprovoked,ITALY,Taranto,Torre Colimena,Diving (Hookah),M,,N,,,diving,unknown
1951-05-22,1951,Unprovoked,MEXICO,,,Free diving,M,16.0,N,15h00,,diving,unknown
1951-05-09,1951,Provoked,ITALY,Naples Province,"Torre del Greco, Naples",,,,N,,,other,unknown
1950-11-29,1950,Provoked,AUSTRALIA,Northern Territory,Goulburn Island,Diving,M,17.0,N,,2' shark,diving,other shark
1950-04-09,1950,Unprovoked,SOUTH AFRICA,Eastern Cape Province,Off Port Elizabeth breakwater,"Fishing, sitting in stern of small boat, feet dangling in the water",M,,N,,2.13 m shark,fishing,other shark
1949-06-13,1949,Sea Disaster,CHINA,,Between Tientsin & Hong Kong,"A 75-ton  Japanese fishing ship was sunk by  Chinese Nationalist gunboat, shipwrecked men were clinging to debris",M,,Y,,,fishing,unknown
1947-04-11,1947,Unprovoked,SOUTH AFRICA,KwaZulu-Natal,"Rocket Hut Beach, Durban",Body surfing,M,14.0,N,17h30,,surfing,unknown
1946-10-14,1946,Unprovoked,AUSTRALIA,New South Wales,"Mark’s Point, Swan Bay, Lake Macquarie",Swimming,M,15.0,N,,,swimming,unknown
1945-06-15,1945,Unprovoked,AUSTRALIA,Queensland,"Trinity Beach, Cairns",Swimming,M,,Y,16h00,,swimming,unknown
1944-03-26,1944,Unprovoked,SOUTH AFRICA,KwaZulu-Natal,"North Beach, Durban",Standing,M,23.0,Y,10h00,,swimming,unknown
1943-11-11,1943,Sea Disaster,PACIFIC OCEAN,Near the Fiji Islands,22º08'S  : 178º06'W,The 6711-ton American freighter & troop transport Cape San Juan was torpedoed by the Japanese submarine I-21,M,,Y,,,other,unknown
1943-01-26,1943,Sea Disaster,PACIFIC OCEAN,Northwest of Papua New Guinea,,The USS Wahoo torpedoes & sank the Japanese troop transport Buyo Maru,M,,Y,,,other,unknown
1940-02-22,1940,Unprovoked,SOUTH AFRICA,KwaZulu-Natal,"Inyoni Rocks, South Coast",Swimming,M,17.0,Y,16h30,"White shark, 160-kg [353-lb], identity confirmed by tooth pattern",swimming,white shark
1939-11-11,1939,Provoked,AUSTRALIA,New South Wales,Maroubra,,,,N,,whaler shark,other,other shark
1937-07-16,1937,Unprovoked,AUSTRALIA,Northern Territory,Elcho Island,Pearl diving,M,,Y,,,diving,unknown
1935-06-01,1935,Unprovoked,PAPUA NEW GUINEA,Northern (Oro) Province,"Dobu Passage,  D'Entrecasteaux Islands (between Normanby & Fergusson Islands)",,,,N,,,other,unknown
1935-05-19,1935,Provoked,SOUTH AFRICA,KwaZulu-Natal,"North Pier, Durban",Put foot inside a landed & supposedly dead shark,M,,N,,"White shark, 246-kg",other,white shark
1933-08-28,1933,Unprovoked,USA,South Carolina,"Pawley’s Island, north of Charleston",Bathing,M,,N,,,swimming,unknown
1933-02-26,1933,Unprovoked,AUSTRALIA,New South Wales,Sydney,Standing on his hands,M,,N,,10' shark,swimming,other shark
1931-04-27,1931,Unprovoked,,French Southern Territories,Île Saint-Paul,"Fishing, boat capsized",M,,Y,,,fishing,unknown
1929-04-17,1929,Unprovoked,AUSTRALIA,Queensland,Great Barrier Reef,Diving for trochus,M,,N,,,diving,unknown
1928-11-15,1928,Watercraft,INDIA,,,,M,24.0,N,,,other,unknown
1928-02-01,1928,Unprovoked,COSTA RICA,Near Puntarenas,,Swimming,F,,N,,,swimming,unknown
1923-07-02,1923,Unprovoked,AUSTRALIA,Queensland,Great Barrier Reef,Diving for pearl,M,,N,,,diving,unknown
1923-06-06,1923,Watercraft,MEXICO,Vera Cruz,Outside Vera Cruz Harbor,Dismantling cable buoys of the cable ship All America,,,N,,,other,unknown
1923-01-01,1923,Provoked,USA,New Jersey,Ocean City (offshore),Hoisting shark aboard fishing boat,M,,N,,,fishing,unknown
1922-02-04,1922,Unprovoked,AUSTRALIA,New South Wales,Coogee,Swimming,M,18.0,Y,15h30,White shark,swimming,white shark
1929-08-29,1921,Unprovoked,AUSTRALIA,Torres Strait,,,M,,N,,,other,unknown
1920-11-04,1920,Sea Disaster,PHILIPPINES,Leyte,,The coastwise steamer San Basilio capsized in a typhoon,M,,Y,,,other,unknown
1920-07-06,1920,Unprovoked,AUSTRALIA,Torres Strait,200 miles from MacKay,Diving for trochus shell,M,,N,,,diving,unknown
1917-12-15,1917,Unprovoked,AUSTRALIA,Western Australia,Port Hedland,Swimming,M,,N,05h00,,swimming,unknown
1914-12-04,1914,Unprovoked,AUSTRALIA,Queensland,Magnetic Island,Swimming,M,,N,,,swimming,unknown
1914-05-31,1914,Sea Disaster,NEW CALEDONIA,South Province,Noumea,Swimming ashore from swamped 13-ft boat,M,,Y,,,swimming,unknown
1909-06-18,1909,Sea Disaster,AUSTRALIA,Queensland,"Middleton Reef, 300 nm from Brisbane","1446-ton Norwegian barque Errol, bound from Peru to Newcastle with 22 on board wrecked. Survivors shelterd on the wreck of the Annasona. Subsequently the Master, his wife & 4 children perished along with several crew. Survivors (5) were rescued 7/12/1909",M,,Y,,,watercraft,unknown
1906-10-10,1906,Unprovoked,USA,Hawaii,,Swimming,M,,Y,,,swimming,unknown
1902-12-22,1902,Unprovoked,NICARAGUA,Rio San Juan,Greytown,Swimming,M,30.0,Y,18h00,,swimming,unknown
1898-08-14,1898,Unprovoked,USA,Florida,"St. John's River, Jacksonville, Duval County",Bathing,M,,,Evening,,swimming,unknown
1897-03-15,1897,Unprovoked,,Mediterranean Sea,,Swimming,M,,Y,,,swimming,unknown
1894-11-28,1894,Unprovoked,AUSTRALIA,New South Wales,Newcastle,Bathing,M,19.0,N,Morning,10' to 12' shark,swimming,other shark
1894-10-06,1894,Unprovoked,USA,Alabama,Mobile Bay,Swimming,M,,Y,,,swimming,unknown
1894-09-06,1894,Unprovoked,FIJI,Vita Levu,Rewa River,Dangling feet in the water,F,,N,,,other,unknown
1891-11-29,1891,Unprovoked,MARTINIQUE,,Fort de France,Attempting to rescue shipmate,M,,N,,,other,unknown
1887-09-22,1887,Unprovoked,ITALY,,Trieste,Swimming,M,,N,,,swimming,unknown
1886-01-01,1886,Unprovoked,SOUTH AFRICA,Western Cape Province,Groot River,Swimming,M,,Y,,,swimming,unknown
1884-08-18,1884,Invalid,USA,New York,Jamaica Bay,Clamming,M,,,,Questionable,other,unknown
,1883,Unprovoked,USA,Florida,"Fort Pickens, Escambia County",Fell overboard,M,,Y,,,watercraft,unknown
1882-02-07,1882,Unprovoked,AUSTRALIA,,,Pearl diving,M,,Y,,,diving,unknown
1878-09-02,1878,Sea Disaster,SOUTH ATLANTIC OCEAN,Off the coast of West Africa,,Boat with 5 men capsized while returning to the Amerique,M,,N,,,watercraft,unknown
1878-01-01,1878,Unprovoked,AUSTRALIA,New South Wales,"Balmain, Sydney (Estuary)",Bathing in 2 feet of water,M,11.0,Y,,,swimming,unknown
1877-01-24,1877,Unprovoked,AUSTRALIA,Victoria,Boarding School Bay,Swimming,F,,N,,6' shark,swimming,other shark
1876-10-13,1876,Unprovoked,USA,New York,,Fishing,M,,Y,,,fishing,unknown
1876-01-01,1876,Unprovoked,LEBANON,Mount Lebanon,Batroun,Sponge diving,M,,Y,,,diving,unknown
1874-11-21,1874,Unprovoked,AUSTRALIA,Queensland,Maryborough,Bathing,M,,N,,10' shark,swimming,other shark
1873-07-28,1873,Provoked,USA,Maryland,Chester River,Fishing (Seining),M,,N,,,fishing,unknown
,1870,Invalid,AUSTRALIA,Tasmania,Derwent River,Canoeing,M,,,,,other,unknown
1865-01-01,1865,Watercraft,AUSTRALIA,South Australia,Semaphore,Boarding a ship,,,N,,,watercraft,unknown
1863-01-01,1863,Unprovoked,ANDAMAN ISLANDS,,,Fell overboard,M,,Y,10h00,,watercraft,unknown
1858-04-04,1858,Unprovoked,TOBAGO,,Rocky Bay,Bathing,M,,N,,,swimming,unknown
,1853,Unprovoked,USA,Florida,"Near Fernandina Bar, Nassau County",Knocked overboard,M,,Y,,,watercraft,unknown
1952-07-28,1852,Invalid,ATLANTIC OCEAN,,,,F,1.0,,,Invalid,other,unknown
1830-04-22,1830,Unprovoked,,,,,M,,Y,Night,,other,unknown
1803-03-01,1803,Unprovoked,AUSTRALIA,Western Australia,"Hamelin Harbour, at Faure Island",,M,,N,,,other,unknown
2023-07-31,2023,Unprovoked,USA,Florida,"New Smyrna Beach, Volusia County",Surfing,M,22.0,N,09h30,,surfing,unknown
2023-07-14,2023,Watercraft,SOUTH AFRICA,Eastern Cape Province,Chinta East,Watching the sardine run,,,N,,,other,unknown
2023-05-11,2023,Unprovoked,USA,Florida,"Fort Pierce, St. Lucie County",Sitting,F,13.0,N,Afternoon,"Bull shark, 4'",other,bull shark
2023-04-09,2023,Watercraft,USA,Florida,Off Boca Raton. Palm Beach County,Kayak fishing,M,,N,07h00,,fishing,unknown
2023-03-22,2023,Unprovoked,AUSTRALIA,Western Australia,Delta Island,Wading,M,,N,18h00,,swimming,unknown
2022-10-06,2022,Unprovoked,AUSTRALIA,Victoria,"Nun's Beach, Portland",Surfing,M,17.0,N,19h00,,surfing,unknown
2022-08-15,2022,Unprovoked,USA,South Carolina,"Myrtle Beach, Horry County",Swimming,F,,N,11h17,,swimming,unknown
2022-07-03,2022,Unprovoked,USA,Florida,"New Smyrna Beach, Volusia County",Surfing,M,28.0,N,11h43,,surfing,unknown
2022-06-22,2022,Unprovoked,USA,California,"Pacific Grove, Monterey County",Swimming,M,62.0,N,10h40,"White shark, 16'",swimming,white shark
2022-05-27,2022,Unprovoked,AUSTRALIA,Western Australia,Yallingup,Surfing,,,N,,"Bronze whaler shark, 2m",surfing,other shark
2022-03-15,2022,Unprovoked,AUSTRALIA,New South Wales,Crowdy Baay,Swimming,M,,N,16h40,,swimming,unknown
2022-02-12,2022,Unprovoked,MEXICO,Sonora,Yavaros,Surface Supplied  Diving,M,56.0,Y,10h00,3m shark,surfing,other shark
2022-01-09,2022,Provoked,SOUTH AFRICA,KwaZulu-Natal,"Off Beachbums, Tongaat",Fishing for sharks,M,,N,07h31,,fishing,unknown
2021-07-19,2021,Unprovoked,AUSTRALIA,Western Australia,Rottnest Island,Surfing,M,,N,12h30,"White shark, 3m",surfing,white shark
2021-07-15,2021,Unprovoked,USA,Florida,"New Smyrna Beach, Volusia County",Boogie boarding,M,11.0,N,16h30,,watercraft,unknown
2021-06-25,2021,Unprovoked,JORDAN,Aqaba,,Parasailing,M,36.0,N,,,other,unknown
2021-06-11,2021,Unprovoked,AUSTRALIA,Western Australia,Five Fingers Reef,Snorkeling,M,10.0,N,11h00,"Bronze whaler shark, 2 m",other,other shark
2021-05-15,2021,Unprovoked,USA,Hawaii,"Kanaha Beach Park, Maui",Kite Foiling,M,35.0,N,16h45,5 to 8-ff tiger shark,other,other shark
2021-03-20,2021,Unprovoked,AUSTRALIA,Western Australia,Yallingup,Paddle boarding,M,75.0,N,15h00,"Blacktip whaler,      Carcharhinus tilstoni, 2m",watercraft,other shark
2021-02-06,2021,Unprovoked,USA,Hawaii,"Waiokapua Bay, Kaui",Surfing,M,,N,16h30,,surfing,unknown
2021-01-27,2021,Unprovoked,NEW ZEALAND,North Island,"Papamoa Beach, Bay of Plenty",Swimming,M,61.0,N,20h00,Juvenile shark,swimming,other shark
2020-07-23,2020,Unprovoked,USA,Bahamas,Spanish Cay,Spearfishing,M,23.0,N,12h00,"Reef shark, 5' to 6 '",fishing,other shark
2020-06-20,2020,Unprovoked,BAHAMAS,Exumas,"Pig Beach, Pig Island",,,,N,,,other,unknown
2020-06-01,2020,Unprovoked,USA,Hawaii,"Davidsons Beach, Kauai",Surfing,M,,N,08h30,Tiger shark?,surfing,tiger shark
2019-11-11,2019,Unprovoked,MEXICO,Baja,Magdalena Bay,Snorkeling,M,23.0,N,,,other,unknown
2019-08-16,2019,Unprovoked,FIJI,,reef 40km east Vanua Levu,Spearfishing,M,32.0,N,12h30,Grey reef shark 1.5m,fishing,other shark
2019-07-16,2019,Unprovoked,USA,North Carolina,"Sunset Beach, Brunswick County",Body-surfing,F,,N,16h30,shark pup,surfing,other shark
2019-07-12,2019,Unprovoked,USA,Florida,"Amelia Island, Nassau County",Boogie boarding,F,16.0,N,07h30,,watercraft,unknown
2019-06-16,2019,Unprovoked,USA,North Carolina,"Bald Head Island, Brunswick County",Swimming,M,8.0,N,16h00,,swimming,unknown
2018-12-15,2018,Provoked,AUSTRALIA,New South Wales,,,M,48.0,N,11h00,Wobbegong shark,other,other shark
2018-07-15,2018,Invalid,COLOMBIA,San Andres and Providencia Archipelago,Provencia,Fishing,M,62.0,,,,fishing,unknown
2017-11-18,2017,Unprovoked,USA,Florida,"Floridana Beach, Brevard County",Surfing,F,14.0,N,Late afternoon,,surfing,unknown
2017-10-18,2017,Unprovoked,USA,Florida,"Lantana Beach, Palm Beach County",Swimming,M,,N,14h30,"Spinner shark, 4 to 5 feet",swimming,other shark
2017-05-05,2017,Unprovoked,MEXICO,Baja California Sur,"Los Arbolitos, Cabo Pulmo",Snorkeling,M,33.0,Y,17h00,,other,unknown
2017-02-25,2017,Unprovoked,AUSTRALIA,Western Australia,Mauds Point,Snorkeling,F,,N,Morning,"Bull shark, 1.5",other,bull shark
2017-02-24,2017,Unprovoked,AUSTRALIA,Western Australia,"Falcon Bay Beach, Mandurah",Surfing,M,,N,Morning,,surfing,unknown
2017-02-11,2017,Unprovoked,USA,Florida,"Melbourne Beach, Brevard County",Swimming,M,22.0,N,13h30,,swimming,unknown
2017-02-01,2017,Unprovoked,BAHAMAS,Bimini,,Scuba Diving,M,37.0,N,,Caribbean reef shark,diving,other shark
2017-01-22,2017,Unprovoked,USA,Florida,"Vero Beach, Indian River County",,M,,N,14h00,,other,unknown
2017-01-03,2017,Invalid,AUSTRALIA,New South Wales,Merimbula,Wading,M,20.0,,18h00,Shark involvement not confirmed,swimming,other shark
2016-08-07,2016,Unprovoked,BAHAMAS,New Providence Island,Nassau,Snorkeling,M,15.0,N,,,other,unknown
2016-08-04,2016,Unprovoked,USA,Florida,"New Smyrna Beach, Volusia County",Surfing,M,22.0,N,,Blacktip shark,surfing,other shark
2016-07-16,2016,Unprovoked,USA,Florida,"New Smyrna Beach, Volusia County",,F,11.0,N,11h00,,other,unknown
2016-06-25,2016,Unprovoked,USA,North Carolina,"Atlantic Beach, Emerald Isle, Carteret County",Surfing,M,11.0,N,14h34,,surfing,unknown
2016-06-24,2016,Unprovoked,COLUMBIA,Isla Providencia,,Scuba Diving,M,59.0,N,11h00,"Caribbean reef shark, 4.5'",diving,other shark
2016-05-31,2016,Unprovoked,AUSTRALIA,Western Australia,"Falcon Beach, Mandurah",Surfing,M,29.0,Y,16h00,White shark,surfing,white shark
2016-05-21,2016,Unprovoked,USA,Florida,"St. Petersburg, Pinellas County",Swimming,F,22.0,N,18h00,"Bull shark, 4' to 5'",swimming,bull shark
2016-02-02,2016,Unprovoked,BRAZIL,Balneário Camboriú,Estaleirinho beach,Swimming,M,41.0,N,,Sandtiger shark,swimming,other shark
2015-11-01,2015,Unprovoked,MOZAMBIQUE,Inhambane Province,Maxixe,Fishing,M,19.0,N,04h00,,fishing,unknown
2015-09-04,2015,Unprovoked,AUSTRALIA,New South Wales,Hallidays Point,Surf-skiing,M,62.0,N,11h30,"White shark, 2.5 m",surfing,white shark
2015-01-01,2015,Unprovoked,USA,Florida,"Windsor Beach, Indian River County",,M,12.0,N,Afternoon,A small shark,other,other shark
2014-11-17,2014,Watercraft,USA,California,"Franklin Point, San Mateo County",,,,N,,White shark,other,white shark
2014-10-31,2014,Unprovoked,USA,Hawaii,"North Kohala, Hawaii County",Surfing,F,34.0,N,11h00,"Tiger shark, 12'",surfing,tiger shark
2014-09-13,2014,Invalid,USA,California,"Manresa State Beach, Santa Cruz County",Surfing,M,,,18h45,No shark involvement,surfing,other shark
2014-06-01,2014,Unprovoked,USA,Florida,Fort Lauderdale,Swimming,F,22.0,N,13h30,Bull shark,swimming,bull shark
2014-05-15,2014,Unprovoked,USA,Florida,"Juan Ponce de León Landing, Melbourne Beach, Brevard County",Body boarding,F,38.0,N,11h30,,watercraft,unknown
2013-10-24,2013,Unprovoked,AUSTRALIA,New South Wales,South Narrabeen Beach,Surfing,M,41.0,N,18h15,Wobbegong shark,surfing,other shark
2013-10-20,2013,Unprovoked,USA,Hawaii,"Pila'a Beach, Kaua'i",Surfing,M,25.0,N,11h00,Tiger shark,surfing,tiger shark
2012-11-22,2012,Unprovoked,MEXICO,Sinaloa,Nuevo Altata,Swimming,M,32.0,Y,11h40,2.5 m shark,swimming,other shark
2012-06-10,2012,Provoked,ITALY,Sardinia,Muravera,Attempting to rescue an injured & beached shark,M,57.0,,Morning,"Blue shark, 2.5m",other,other shark
2012-05-29,2012,Unprovoked,MEXICO,Guerrero,"Boca de la Leña, La Unión",Free diving / spearfishing,M,46.0,N,09h00,"Bull shark, 3m",fishing,bull shark
2012-03-14,2012,Unprovoked,USA,Florida,"New Smyrna Beach, Volusia County",Surfing,M,17.0,N,16h05,4' to 5' shark,surfing,other shark
2012-01-13,2012,Unprovoked,USA,Oregon,"Lincoln City, Lincoln County",Surfing,M,53.0,N,,White shark,surfing,white shark
2011-11-11,2011,Unprovoked,REUNION,Bois-Blanc,Sainte-Rose,Free diving / spearfishing,M,42.0,N,Morning,,fishing,unknown
2011-10-29,2011,Unprovoked,USA,California,"Marina State Beach, Monterey County",Surfing,M,27.0,N,,White shark,surfing,white shark
2011-10-02,2011,Unprovoked,USA,Florida,"Santa Maria Island, Manatee County",Wade fishing,M,,N,Afternoon,,fishing,unknown
2011-06-12,2011,Unprovoked,USA,Florida,"Off Jupiter Inlet, Palm Beach County",Scuba diving,M,28.0,N,14h30,"Blacktip shark, 4'",diving,other shark
2011-06-01,2011,Unprovoked,MALAYSIA,Kedah,Palau Payar,Snorkeling,F,,N,,Blacktip reef shark,other,other shark
2011-01-28,2011,Provoked,MEXICO,Colima,Revillagigedo Islands,Shark fishing on the Don Agustín-VI.,M,25.0,N,,,fishing,unknown
2010-11-27,2010,Invalid,AUSTRALIA,Western Australia,Native Dog Beach,Swimming,M,,,,Shark involvement not confirmed,swimming,other shark
2010-09-04,2010,Unprovoked,USA,Florida,"New Smyrna Beach, Volusia County",Surfing,M,,N,,,surfing,unknown
2010-08-08,2010,Unprovoked,AUSTRALIA,New South Wales,Crescent Head,Surfing,M,47.0,N,08h00,,surfing,unknown
2009-11-05,2009,Unprovoked,USA,California,"Davenport, Santa Cruz County",Surfing,M,21.0,N,Dusk,,surfing,unknown
2009-10-14,2009,Unprovoked,AUSTRALIA,Western Australia,,Diving,M,23.0,N,,"Bull shark, 10'",diving,bull shark
2009-04-03,2009,Unprovoked,USA,Florida,"Sanibel Island, Lee County",Wading,M,15.0,N,16h00,,swimming,unknown
2009-02-07,2009,Unprovoked,AUSTRALIA,New South Wales,Cellito Beach,Surfing,M,41.0,N,11h00,"White shark, 12'",surfing,white shark
2008-10-08,2008,Unprovoked,USA,Florida,"Santa Rosa Beach, Walton County",Fishing,M,11.0,N,12h00,,fishing,unknown
2008-08-30,2008,Invalid,USA,Hawaii,"McKenzie Beach Park in Pahoa, Hawai'i",Swimming,M,27.0,,19h20,Shark involvement not confirmed,swimming,other shark
2008-07-30,2008,Unprovoked,SOUTH AFRICA,,,,M,,N,,White shark,other,white shark
2008-06-26,2008,Unprovoked,USA,South Carolina,"Isle of Palms, Charleston County",Swimming,M,37.0,N,11h15,4.5 to 5' shark,swimming,other shark
2008-04-08,2008,Unprovoked,USA,Florida,"1.4 miles south of Ponce de Leon Jetty, New Smyrna Beach, Volusia County",Surfing,,,N,,,surfing,unknown
2008-03-21,2008,Unprovoked,USA,Florida,"Beachway Avenue Approach, New Smyrna Beach, Volusia County",Wading,M,14.0,N,15h53,,swimming,unknown
2007-08-19,2007,Unprovoked,USA,South Carolina,"Lakewood Campground, Grand Strand, Horry County",Playing,M,7.0,N,10h00,,other,unknown
2006-09-18,2006,Provoked,USA,Florida,"Off Key Largo, Monroe County",Diving / Kissing the shark,M,,N,,Nurse shark,diving,other shark
2006-07-09,2006,Unprovoked,USA,Florida,"Ponte Vedra Beach, St Johns County",Walking,M,11.0,N,13h00,,other,unknown
2006-06-24,2006,Unprovoked,BAHAMAS,Andros Islands,Mangrove Cay,Spearfishing,M,25.0,N,13h00,,fishing,unknown
2006-06-20,2006,Unprovoked,USA,Florida,"New Smyrna Beach, Volusia County",Surfing,F,22.0,N,13h00,Possibly a 1' to 3' blacktip or spinner shark,surfing,other shark
2006-02-01,2006,Unprovoked,TONGA,Vava'u,Tu’anuku,Swimming,F,24.0,Y,18h00,Tiger shark,swimming,tiger shark
2005-11-27,2005,Unprovoked,USA,Florida,"Ponce Inlet, New Smyrna Beach, Volusia County",Surfing,M,23.0,N,13h00,4' shark,surfing,other shark
2005-07-01,2005,Unprovoked,USA,Florida,"Boca Grande, Lee County",Standing,M,19.0,N,11h30,,swimming,unknown
2004-06-10,2004,Unprovoked,AUSTRALIA,Western Australia,Bunbury,Body boarding,M,17.0,N,Late afternoon,"Bronze whaler shark, 2.5 m [8.25']",watercraft,other shark
2003-07-01,2003,Unprovoked,NEW ZEALAND,Cook Islands,Beveridge Reef,Snorkeling,M,,N,,Grey reef shark,other,other shark
2003-06-19,2003,Unprovoked,USA,North Carolina,"Masonboro Island, New Hanover County",Surfing,M,33.0,N,Late afternoon,sand shark,surfing,other shark
2002-08-28,2002,Unprovoked,USA,Hawaii,"Kewalo Basin Channel, O'ahu",Surfing,M,16.0,N,15h45,"Tiger shark, 2.4 m to 3 m [8' to 10']",surfing,tiger shark
2001-08-27,2001,Unprovoked,USA,Florida,"New Smyrna Beach, Volusia County",Wading,M,69.0,N,16h20,,swimming,unknown
2001-05-08,2001,Unprovoked,SOUTH AFRICA,Eastern Cape Province,East London,Surfing,M,26.0,N,,"White shark, 2.7 m to 3 m [9' to 10']",surfing,white shark
2001-04-08,2001,Unprovoked,SOUTH AFRICA,Eastern Cape Province,Cape St. Francis,Surfing,M,46.0,N,09h30,"White shark, 2.7 m [9']",surfing,white shark
2001-04-05,2001,Unprovoked,USA,Florida,"Bethune Beach, south of New Smyrna Beach, Volusia County",Standing alongside surfboard,M,26.0,N,14h45,small shark,surfing,other shark
2000-09-24,2000,Unprovoked,AUSTRALIA,South Australia,Cactus Beach near Penong,Surfing,M,25.0,Y,07h30,"White shark, 4 m to 5 m [13' to 16.5']",surfing,white shark
2000-09-16,2000,Unprovoked,OKINAWA,Miyako Island,Sunayama Beach,Surfing,M,31.0,Y,17h00,"White shark, 2.5 m",surfing,white shark
2000-09-15,2000,Unprovoked,USA,Florida,"Fort Pierce Inlet, St Lucie County",Standing / surfing,M,49.0,N,18h00,,surfing,unknown
2000-08-11,2000,Invalid,USA,North Carolina,"Emerald Isle, Carteret County",Swimming,M,,,Possibly same incident as 2000.08.21,Shark involvement  not confirmed,swimming,other shark
2000-07-10,2000,Unprovoked,USA,Florida,"Daytona  Beach, Volusia County",Wading,M,13.0,N,15h45,,swimming,unknown
1999-04-01,1999,Unprovoked,USA,Florida,"Hobe Sound Beach, Palm Beach County",Surfing,M,14.0,N,,,surfing,unknown
1999-03-05,1999,Unprovoked,USA,Hawaii,"Quarter mile offshore in Kaanapali, West Maui",Swimming near pod of whales,F,29.0,N,10h45,3.7 m to 4.6 m [12' to 15'] shark seen in the vicinity,swimming,other shark
1998-08-30,1998,Unprovoked,USA,Florida,"Ponce Inlet, Volusia County",Surfing,M,26.0,N,20h15,3' to 4' shark,surfing,other shark
1998-04-01,1998,Unprovoked,NEW CALEDONIA,,Île de Sable,,,,N,,,other,unknown
1997-12-25,1997,Invalid,USA,Florida,"Fort Lauderdale, Broward County",,F,29.0,,,Shark involvement not confirmed,other,other shark
1997-05-31,1997,Unprovoked,USA,Florida,"Flagler Beach, Flagler County",Surfing,M,12.0,N,11h00,Possibly a sand shark,surfing,other shark
1996-09-06,1996,Unprovoked,USA,Florida,"New Smyrna Beach, Volusia County",Surfing / Swimming,M,19.0,N,12h15,a young shark,surfing,other shark
1996-06-04,1996,Unprovoked,SOUTH AFRICA,KwaZulu-Natal,LaMercy,Surfing,M,,N,,,surfing,unknown
1996-05-18,1996,Unprovoked,USA,Florida,"South of Ponce Inlet, Volusia County",Surfing,M,22.0,N,13h40,1.2 m [4'] shark,surfing,other shark
1996-01-23,1996,Provoked,USA,Florida,"Florida Keys, Monroe County",Wading,M,33.0,N,,"Nurse shark, 0.9 m  [3']",swimming,other shark
1995-09-03,1995,Unprovoked,USA,California,"Shelter Cove, Humboldt County",Abalone diving using Hookah (resting on the surface),M,32.0,N,16h00,3 m to 4 m [10' to 13'] white shark,surfing,other shark
1995-07-28,1995,Unprovoked,USA,Florida,"New Smyrna Beach, Volusia County",Surfing,M,,N,16h30,,surfing,unknown
1995-02-19,1995,Unprovoked,SOUTH AFRICA,Eastern Cape Province,Kidd’s Beach,Swimming,M,22.0,N,17h15,Raggedtooth shark,swimming,other shark
1995-01-24,1995,Unprovoked,SOUTH AFRICA,KwaZulu-Natal,Isipingo,Swimming,M,14.0,Y,18h00,"Tiger shark, 1.8 m [6']",swimming,tiger shark
1994-12-10,1994,Unprovoked,VANUATU,Tafea Province,Aniwa Island,,,,,,,other,unknown
1994-10-18,1994,Unprovoked,BRAZIL,Pernambuco,Piedade,Surfing,,,N,,,surfing,unknown
1994-10-05,1994,Unprovoked,USA,Florida,"Indialantic, Brevard County",Surfing,M,16.0,N,12h00,,surfing,unknown
1994-05-24,1994,Unprovoked,USA,Florida,"Spessard Holland Park, Melbourne Beach, Brevard County",Wading,F,36.0,N,,1.2 m [4'] shark,swimming,other shark
1993-07-30,1993,Unprovoked,SOUTH AFRICA,Eastern Cape Province,"Pollock Beach, Port Elizabeth",Surfing,M,28.0,N,15h00,4 m [13'] white shark,surfing,other shark
1992-05-01,1992,Unprovoked,MEXICO,Mexico / Caribbean Sea,Isla Mujeres,Scuba diving & filming,M,,N,,,diving,unknown
1991-07-27,1991,Unprovoked,USA,Florida,"John Pennekamp Marine Park, Monroe County",Snorkeling,M,39.0,N,,"2.1 m [7'], 140-lb reef shark",other,other shark
1991-06-29,1991,Unprovoked,HONG KONG,,"Basalt Island, 9km from Silverstrand",,M,22.0,Y,,,other,unknown
1991-06-26,1991,Unprovoked,USA,Florida,"Jacksonville Beach, Duval County",Surfing,M,18.0,N,17h30,,surfing,unknown
1991-04-16,1991,Unprovoked,USA,Florida,"South of Ponce Inlet, New Smyrna Beach, Volusia County","Surfing, collided with shark",M,22.0,N,11h00,1.2 m to 1.5 m [4' to 5'] shark,surfing,other shark
1990-11-01,1990,Unprovoked,USA,Florida,"Spanish River Park Beach, Palm Beach County",Surfing,M,24.0,N,09h30,5' shark,surfing,other shark
1989-10-01,1989,Unprovoked,AUSTRALIA,Victoria,"Surfers Point, Phillip Island",Surfing,M,,,,White shark,surfing,white shark
1989-01-20,1989,Unprovoked,SOUTH AFRICA,KwaZulu-Natal,Isipingo,Lifesaving drill,M,19.0,N,18h00,,other,unknown
1988-05-27,1988,Unprovoked,SOUTH KOREA,,,Shell diving,F,38.0,Y,,,diving,unknown
1988-01-27,1988,Invalid,SOUTH AFRICA,KwaZulu-Natal,Durban,Surfing,M,22.0,,06h30,Shark involvement not confirmed,surfing,other shark
1987-10-26,1987,Unprovoked,USA,California,"Davenport Light, San Mateo County",Surfing,M,20.0,N,17h00,2 m [6.75'] shark,surfing,other shark
1987-08-15,1987,Unprovoked,USA,California,"Tunitas Beach, San Mateo County",Surfing (sitting on his board),M,40.0,N,07h30,5.7 m white shark,surfing,other shark
1987-02-28,1987,Unprovoked,USA,Florida,"Singer Island, Riviera Beach, Palm Beach County",Windsurfing,M,,N,,Spinner shark,surfing,other shark
1986-12-06,1986,Unprovoked,BAHAMAS,Florida Straits,Off Cay Sal  Banks,Adrift after ditching plane in the sea,M,37.0,N,,,other,unknown
1986-12-01,1986,Unprovoked,NEW CALEDONIA,,I'le Ouen,Spearfishing,,,N,,Tiger shark,fishing,tiger shark
1986-08-19,1986,Unprovoked,USA,North Carolina,"Masonboro Inlet, New Hanover County",Surfing,,16.0,N,,,surfing,unknown
1986-02-07,1986,Unprovoked,SOUTH AFRICA,Eastern Cape Province,"King's Beach, Port Elizabeth",Swimming,M,46.0,N,18h30,Raggedtooth shark,swimming,other shark
1985-12-22,1985,Unprovoked,SOUTH AFRICA,KwaZulu-Natal,Garvies Beach,Surfing,M,,N,,,surfing,unknown
1985-01-16,1985,Watercraft,NEW ZEALAND,South Island,Christchurch,Investigating shark sighting,,,N,,6 m shark,other,other shark
1983-12-25,1983,Unprovoked,USA,Florida,"Riviera Beach, Palm Beach County",Surfing,M,17.0,N,15h30,,surfing,unknown
1980-06-26,1980,Provoked,USA,California,"Off San Clemente Island, Los Angeles County",Scuba diving,F,44.0,N,,Blue shark,diving,other shark
1980-03-28,1980,Unprovoked,BRAZIL,Rio de Janeiro,"Copacabana Beach, Rio de Janiero",Swimming,M,,N,Afternoon,2 m shark,swimming,other shark
1980-03-15,1980,Sea Disaster,PHILIPPINES,,250 miles southwest of Manila,Sinking of the ferryboat Bongbong 1,F,,Y,,,watercraft,unknown
1979-08-28,1979,Unprovoked,HONG KONG,,Mirs Bay,Freedom swimming,M,21.0,Y,,,swimming,unknown
1979-05-01,1979,Unprovoked,NEW CALEDONIA,North Province,Balade,,M,,Y,,2 m shark,other,other shark
1979-03-01,1979,Unprovoked,NEW CALEDONIA,Grand Terre,"Five Mile Beach, I'le Ouen",Spearfishing,M,,Y,,,fishing,unknown
1978-01-01,1978,Unprovoked,VANUATU,Malampa Province,"Ranon, Ambryn",Swimming,F,,Y,,,swimming,unknown
1977-08-05,1977,Invalid,USA,Florida,"St. Petersburg, Pinellas County",Wading,M,17.0,,,Shark involvement not confirmed,swimming,other shark
1977-06-26,1977,Provoked,USA,Florida,"12 miles northeast of Mayport,  Duval County",Spearfishing / Scuba diving,M,27.0,N,Late afternoon,"Bull shark, 8",fishing,bull shark
1977-03-17,1977,Unprovoked,SOUTH AFRICA,Western Cape Province,"Lappiesbaai Beach, Stilbaai",Swimming,M,31.0,N,17h00,,swimming,unknown
1976-12-29,1976,Unprovoked,AUSTRALIA,Queensland,Caloundra,,M,,N,,,other,unknown
1975-02-23,1975,Unprovoked,SOUTH AFRICA,KwaZulu-Natal,"Inyoni Rocks, Amanzimtoti",Surfing,M,16.0,N,10h55,1.5 m [5'] shark,surfing,other shark
1974-09-14,1974,Unprovoked,USA,California,"North Farallon Island, Farallon Islands",Diving for abalone (Hookah),M,29.0,N,13h45,"White shark, 4 m to 5 m",diving,white shark
1973-12-18,1973,Unprovoked,USA,Hawaii,"Kalama Beach, Kihei, Maui",Swimming,M,,N,,,swimming,unknown
1971-07-26,1971,Unprovoked,USA,Florida,"Daytona Beach, Volusia County",Wading,M,8.0,N,Afternoon,,swimming,unknown
1971-04-05,1971,Unprovoked,VENEZUELA,,,,M,14.0,Y,,,other,unknown
1970-09-13,1970,Provoked,PALAU,Western Caroline Islands (North Pacific Ocean),Outside barrier reef,Spearfishing,M,20.0,N,,1 m shark,fishing,other shark
1969-08-02,1969,Unprovoked,USA,Florida,"St. Petersburg, Pinnellas County",Body surfing,M,13.0,N,16h30,4' shark,surfing,other shark
1968-10-13,1968,Unprovoked,USA,Florida,"Egmont Key, Hillsborough County",Spearfishing using Scuba,M,,N,,3 m [10'] bull shark,fishing,other shark
1968-08-08,1968,Unprovoked,COLUMBIA,Magdalena Department,"Makuaka Caño, Taganga",Dynamite fishing,M,18.0,N,10h30,2 m shark,fishing,other shark
1967-03-01,1967,Unprovoked,PAPUA NEW GUINEA,New Britain,"Barawon Beach, near Rabaul",,M,14.0,N,,3.7 m [12'] shark,other,other shark
1966-09-08,1966,Provoked,USA,Florida,"Florida Keys, Monroe County",Hunting crayfish,M,14.0,N,,"Nurse shark, 2.5'",fishing,other shark
1966-07-19,1966,Provoked,USA,South Carolina,"Folly Beach, Charleston County",Killing a shark,M,34.0,N,18h40,4' shark,other,other shark
1966-05-20,1966,Unprovoked,AUSTRALIA,New South Wales,Bellingen,Fishing,M,,N,01h00,1.8 m [6'] shark,fishing,other shark
1965-10-01,1965,Unprovoked,PAPUA NEW GUINEA,New Britain,,Wading,M,27.0,N,,,swimming,unknown
1965-03-14,1965,Unprovoked,USA,Florida,"Pompano Beach, Palm Beach County",Free diving,M,16.0,N,13h30,Mako shark,diving,other shark
1965-01-25,1965,Invalid,USA,California,"Newport Beach, Orange County",Motor boat Rebel Belle lost,M,21.0,,,Shark involvement prior to death was not confirmed,watercraft,other shark
1964-07-01,1964,Unprovoked,PAPUA NEW GUINEA,New Ireland Province,A reef off New Hanover (Northern end),Standing / fishing,M,,Y,,,swimming,unknown
1964-02-10,1964,Unprovoked,NEW ZEALAND,North Island,"West of Pukerua Bay, Wellington",Spearfishing,M,26.0,N,18h30,"White shark, 3 m [10']",fishing,white shark
1963-09-10,1963,Provoked,USA,Florida,"Snapper Point Jetty, Miami, Dade County","Spearfishing, pulled shark’s tail",M,16.0,N,13h30,"Nurse shark, 1.2 m [4']",fishing,other shark
1963-04-13,1963,Unprovoked,AUSTRALIA,Western Australia,Yallingup,Surfing on chest board (boogie board?),M,25.0,N,,1.8 m to 2.4 m  [6' to 8'] shark,surfing,other shark
1962-10-28,1962,Unprovoked,SOUTH AFRICA,KwaZulu-Natal,Paradise Reef,Spearfishing,M,30.0,N,15h00,,fishing,unknown
1962-10-06,1962,Invalid,USA,California,2 miles off Santa Catalina Island,"Overcome by CO fumes, fell overboard from 36' fishing cruiser & prop slashed arm",F,43.0,,,Shark involvement prior to death was not confirmed,fishing,other shark
1962-08-30,1962,Provoked,PAPUA NEW GUINEA,Northern District,Kufulu Point,Fishing,M,49.0,N,Midday,A long thin brown-colored shark,fishing,other shark
1962-04-20,1962,Provoked,AUSTRALIA,Queensland,Nobbys Beach,Fishing,,,N,,"Bronze whaler shark, 3.7 m [12']",fishing,other shark
1962-01-11,1962,Unprovoked,NEW ZEALAND,South Island,"Fairdown Beach, 5 miles north of Westport",Surf fishing,F,54.0,N,18h00,36  shark,surfing,other shark
1962-01-01,1962,Unprovoked,MARSHALL ISLANDS,Kwajalein Atoll,Roi-namur Island,Fishing with hand net in 2' of water,M,57.0,N,13h00,1.8 m [6'] shark,fishing,other shark
1961-12-28,1961,Unprovoked,AUSTRALIA,Queensland,"Lambert's Beach, Mackay",Standing,F,18.0,Y,16h15,3 m [10'] shark,swimming,other shark
1961-04-09,1961,Unprovoked,MOZAMBIQUE,Gaza,Xai Xai,"Swimming, using bundles of sticks as raft",M,38.0,Y,11h00,Zambesi shark,swimming,other shark
1961-03-12,1961,Unprovoked,AUSTRALIA,South Australia,Aldinga Beach,Spearfishing,M,21.0,N,14h30,"White shark, 3.7 m [12']",fishing,white shark
1961-01-05,1961,Unprovoked,MOZAMBIQUE,Limpopo River,190 km to 240 km from the sea,Swimming,M,,N,16h00,Six Zambesi sharks seen to 1.5 m [5'] in length,swimming,other shark
1960-04-10,1960,Provoked,AUSTRALIA,Western Australia,Off Rottnest Island,"Spearfishing, shot a sandtiger shark. Cord to spear tangled round his legs & a wave washed him onto a reef.",M,,N,,"Sandtiger shark, 2.1 m [7']",fishing,other shark
1960-04-01,1960,Watercraft,SOUTH AFRICA,Western Cape Province,Saldanha Bay,Fishing,,,N,,White shark (tooth fragments recovered),fishing,white shark
1960-02-27,1960,Unprovoked,NEW ZEALAND,North Island,"Mangawhai, near Wellsford",Spearfishing,M,22.0,N,,"Bronze whaler shark,4 m [13']",fishing,other shark
1960-02-10,1960,Provoked,AUSTRALIA,New South Wales,Near Bondi Beach,Shark fishing,,,N,,"Tiger shark, 14'",fishing,tiger shark
1960-01-07,1960,Watercraft,AUSTRALIA,Tasmania,Eaglehawk Neck,Setting crayfish pots,,,N,09h00,4.9 m [16'] shark,fishing,other shark
1959-12-03,1959,Watercraft,NEW ZEALAND,North Island,Moko Hinau,Fishing for snapper,M,,N,14h00,"Mako shark, 4.3 m [14']",fishing,other shark
1959-09-30,1959,Unprovoked,PHILIPPINES,Leyte Island,Luang Dulag,Swimming,M,28.0,N,,,swimming,unknown
1959-07-23,1959,Watercraft,USA,California,"Off La Jolla Cove, San Diego County",Fishing,,,N,,"Hammerhead shark, 3 m [10']",fishing,other shark
1958-07-01,1958,Unprovoked,PAPUA NEW GUINEA,"New Ireland Province, Bismarck Archipelago","Maritzoan, east coast of Namatanai",Swimming,M,38.0,Y,,,swimming,unknown
1958-01-01,1958,Unprovoked,PAPUA NEW GUINEA,West New Britain Province,"Bulu, Talasea",Spearfishing,M,,Y,,,fishing,unknown
1956-09-01,1956,Unprovoked,ITALY,Tyrrenian Sea,1.5 miles south of  San Felice Circeo,Scuba diving,M,,N,,"White shark, 13'10, 1320-lb female",diving,white shark
1956-08-15,1956,Provoked,AUSTRALIA,Queensland,Near Southport,Diving,M,,N,,"Wobbegong shark, 4'",diving,other shark
1955-09-23,1955,Sea Disaster,NORTH PACIFIC OCEAN,1000 miles west of Hawaii,Between Wake & Johnston Islands,Flying Tiger transport plane went down with 5 men onboard,M,,Y,,Survivors said 2 species of sharks were involved:  oceanic whitetip sharks and another species,watercraft,other shark
1955-01-15,1955,Unprovoked,SOUTH AFRICA,KwaZulu-Natal,A ford known as Brodies Coffin in St. Lucia Bay,Crossing the bay at the ford,M,,Y,Afternoon,,other,unknown
1954-07-10,1954,Unprovoked,USA,Louisiana,Pontchartrain Beach,Wading,F,4.0,N,11h45,2' shark,swimming,other shark
1953-01-20,1953,Provoked,AUSTRALIA,South Australia,Largs Bay,Fishing,M,61.0,N,,,fishing,unknown
1951-12-21,1951,Unprovoked,MOZAMBIQUE,Bay of Maputu,Catembe,Swimming,M,15.0,Y,,,swimming,unknown
1951-06-25,1951,Unprovoked,USA,Hawaii,"Kapehu Beach, Laupahoehoe, Hawai'i",Swept out to sea while fishing,M,,Y,,,fishing,unknown
1951-02-01,1951,Unprovoked,AUSTRALIA,New South Wales,Bondi Beach,Swimming,M,14.0,N,,1.2 m [4'] shark,swimming,other shark
1949-08-28,1949,Unprovoked,AUSTRALIA,Queensland,Yorkey’s Knob Beach near Cairns,Swimming,M,34.0,Y,13h20,,swimming,unknown
1948-12-26,1948,Unprovoked,AUSTRALIA,Queensland,"King’s Beach, Caloundra","Treading water, waiting for a wave",M,28.0,Y,11h30,,swimming,unknown
1948-03-11,1948,Invalid,SENEGAL,Cap Vert Peninsula,Between Joal & Sangomar near Dakar,,,,,,Shark involvement prior to death not confirmed,other,other shark
,1948,Provoked,USA,Florida,Biscayne Bay,Underwater photography,M,48.0,N,Afternoon,Nurse shark,other,other shark
1947-11-01,1947,Unprovoked,AUSTRALIA,Queensland,Moreton Bay,,M,78.0,Y,,,other,unknown
1946-02-10,1946,Unprovoked,SOUTH AFRICA,KwaZulu-Natal,"Battery Beach, Durban",Swimming,M,18.0,N,09h15,,swimming,unknown
1945-01-01,1945,Unprovoked,JAMAICA,,,Diving,M,,N,,,diving,unknown
1945-01-01,1945,Unprovoked,CUBA,Havana Province,Cojimar,"Playing on rock, slipped & fell into the water",M,,Y,,,other,unknown
1944-04-01,1944,Unprovoked,NICARAGUA,Lake Nicaragua (fresh water),,,,,Y,,Bull sharks to 1.5 m [5']  in length,other,bull shark
1941-06-15,1941,Provoked,USA,New York,15 miles south of Jones Inlet,Fishing from 32' boat,M,43.0,N,14h00,2.1 m [7'] shark,fishing,other shark
1940-12-19,1940,Unprovoked,AUSTRALIA,Queensland,Double Island Beach,Fishing,M,,N,,,fishing,unknown
1939-07-16,1939,Provoked,BAHAMAS,Andros Islands,Blue Hole,"Dress diving, filming shark & pulling it through the water for a motion picture scene",M,38.0,N,12h00,"Nurse shark, 2.1 m [7']",diving,other shark
1938-07-17,1938,Provoked,TURKEY,,,Fishing,M,,N,,,fishing,unknown
1937-11-13,1937,Sea Disaster,USA,North Carolina,Off Cape Hatteraa,"Tzenny Chandris, a Greek freighter laden with scrap iron, foundered in heavy weather",M,,Y,,,other,unknown
1937-07-07,1937,Invalid,ITALY,Liguria,Borgeo Verezzi,,,,,,Invalid,other,unknown
1937-01-27,1937,Provoked,AUSTRALIA,New South Wales,"Lake Conjola, near Milton",Holding shark's tail,M,18.0,N,,"Grey nurse shark, 8'",other,other shark
1936-03-30,1936,Provoked,USA,Florida,"Miami, Miami-Date County",Fishing,M,,N,,650-lb shark,fishing,other shark
1936-03-12,1936,Unprovoked,AUSTRALIA,Torres Strait,"Near Shelburne Bay, Queenland",Among 31 survivors of crew from the sampan Fukulya Maru (which reached Thursday Island in rowing boat) was a man whose arm had been bitten off by shark. The sampan wrecked west of McArthur island,M,,N,,,watercraft,unknown
1935-04-25,1935,Invalid,AUSTRALIA,New South Wales,Coogee,"Disappeared 11 days earlier, probable homicide victim",M,40.0,,,Invalid,other,unknown
1933-06-08,1933,Unprovoked,AUSTRALIA,Queensland,Currumbin,Treading water,M,,N,,,swimming,unknown
1931-08-01,1931,Unprovoked,AUSTRALIA,Queensland,Port Douglas,Fell overboard?,M,,Y,,,watercraft,unknown
1930-07-11,1930,Unprovoked,USA,Florida,"Jensen Beach, Martin County",Swimming,M,21.0,N,,Tiger shark,swimming,tiger shark
1930-04-08,1930,Invalid,SOUTH AFRICA,Eastern Cape Province,Bashee River,,M,17.0,,,Shark involvement prior to death unconfirmed,other,other shark
1929-12-13,1929,Unprovoked,AUSTRALIA,Torres Strait,Thursday Island,Pearl diving,M,,N,,,diving,unknown
1929-08-05,1929,Unprovoked,USA,South Carolina,Fort Moultrie,Bathing,M,,N,,,swimming,unknown
1929-03-12,1929,Unprovoked,AUSTRALIA,Torres Strait,Near Dauan Island,Bathing,M,,Y,,,swimming,unknown
1928-04-14,1928,Unprovoked,AUSTRALIA,New South Wales,Bondi,Treading water,M,19.0,N,16h00,,swimming,unknown
,1926,Unprovoked,MONACO,Bay of Monaco,,,M,,Y,,,other,unknown
1925-03-10,1925,Unprovoked,PAPUA NEW GUINEA,Central Province,Hula,Swimming,M,,Y,,,swimming,unknown
1925-01-27,1925,Unprovoked,USA,Florida,"Miami Beach, Miami-Dade County",Swimming,M,,N,,,swimming,unknown
1925-01-08,1925,Unprovoked,CANADA,Vancouver,Second Narrows in Burrard Inlet,"Diving, repairing water main at depth of 90'",M,,N,,2.1 m [7'] shark,diving,other shark
1924-11-24,1924,Unprovoked,PANAMA,"2 to 3 miles off Taboguilla Island, Pacific Ocean",Pacific Anchorage off the Panama Canal,"Inebriated, woke from sleep and fell off deck into the water",M,35.0,N,After midnight,,other,unknown
1916-11-09,1916,Unprovoked,AUSTRALIA,Queensland,"Kissing Point Camp, Townsville",Bathing,M,27.0,Y,Evening,,swimming,unknown
1914-02-09,1914,Unprovoked,AUSTRALIA,South Australia,Marion Bay,Wading,M,,N,,said to involve a tiger shark,swimming,other shark
1913-07-10,1913,Unprovoked,COSTA RICA,,Port Limon,Swimming,M,,Y,,,swimming,unknown
1909-04-09,1909,Unprovoked,TUNISIA,Sfax,,Diving (Helmet) for sponges,M,,Y,,,diving,unknown
1908-01-08,1908,Unprovoked,USA,Hawaii,"Mana, Kaua'i",Gathering fish stunned by dynamite,M,,Y,,,fishing,unknown
1906-09-27,1906,Unprovoked,INDONESIA,Java,Lorok Bay,Swimming,M,,N,,,swimming,unknown
1905-07-01,1905,Unprovoked,USA,North Carolina,"Ocracoke, Hyde County",Fishing,M,,Y,,,fishing,unknown
1905-01-01,1905,Invalid,AUSTRALIA,Victoria,Elwood,Bathing,M,39.0,,,Invalid,swimming,unknown
1904-01-01,1904,Unprovoked,REUNION ISLAND,,Swimming off the British steamer Troutpool,Swimming,M,16.0,Y,,,swimming,unknown
1898-06-22,1898,Unprovoked,NEW CALEDONIA,South Province,Noumea,boat from City of Naples capsized,M,,Y,,,watercraft,unknown
1897-12-04,1897,Provoked,USA,East coast,,Angling,M,,N,,,other,unknown
1895-11-21,1895,Unprovoked,BARBADOS,St Michael Parish,Bridgetown,Diving for coins,M,,N,,,diving,unknown
1895-09-01,1895,Provoked,USA,North Carolina,"Near the mouth of the Cape Fear River, Brunswick County",Fishing,,,N,,5' shark,fishing,other shark
,1894,Unprovoked,FRANCE,Provence,"la Badine, Hyères",Fishing,M,,Y,,1.8 m shark,fishing,other shark
1894-06-15,1894,Unprovoked,MEXICO,Bay of Campeche,,Fell from yardarm of British ship Rover,M,,Y,,20' shark,other,other shark
1890-08-17,1890,Provoked,USA,New Jersey,"Off Normandie-by-the-Sea, Monmouth County",Fishing for bluefish,,,N,,5'7 shark,fishing,other shark
1890-06-02,1890,Unprovoked,EGYPT,,Port Said,Swimming,M,,Y,,,swimming,unknown
1890-03-03,1890,,CEYLON,,,Diving,M,,Y,,,diving,unknown
1888-06-18,1888,Invalid,AUSTRALIA,Victoria,"Point Cook, Port Phillip Bay",The cutter yacht Cutty Sark sank,M,,,,Shark involvement prior to death unconfirmed,other,other shark
1888-01-22,1888,Watercraft,AUSTRALIA,New South Wales,Sydney Harbor,Rowing,M,,N,,,other,unknown
1887-09-11,1887,Invalid,CROATIA,Primorje-Gorski Kotar County,Kraljevica,,,,,,Shark involvement prior to death unconfirmed,other,other shark
1887-01-20,1887,Sea Disaster,BRAZIL,Alagoas,Maceió,The passenger ship Kapuna was run down the ore carrier Ada Melmore,M,,Y,03h00,,other,unknown
1886-08-01,1886,Watercraft,USA,New Jersey,"Shrewsbury River, Highlands, Monmouth County",Clamming,M,,N,,3 m [10'] sharks,other,other shark
1885-07-26,1885,Sea Disaster,USA,Hawaii,Kau District,Wreck of the schooner Pohoiki,M,,N,,,other,unknown
1883-02-26,1883,Unprovoked,AUSTRALIA,Northern Territory,the pearling beds,Diving,M,,N,,,diving,unknown
1882-12-03,1882,Provoked,NEW ZEALAND,South Island,New Brighton,Restraining a beached shark,M,,N,,4' to 5' shark,other,other shark
1882-01-23,1882,Unprovoked,AUSTRALIA,New South Wales,"Darling Harbor, Sydney",Bathing,M,,Y,,,swimming,unknown
1881-06-13,1881,Unprovoked,USA,Alabama,Mobile Bay,Fell overboard,M,23.0,Y,,,watercraft,unknown
1879-08-30,1879,Sea Disaster,FIJI,Lau Group,Totoya,,M,,N,,,other,unknown
,1877,Unprovoked,INDIA,Hoogly River,Near Calcutta,,M,,N,,,other,unknown
1876-01-01,1876,Unprovoked,ENGLAND,"Between Hastings & Fairlight, Sussex",,,M,,N,,Blue or porbeagle shark,other,other shark
1876-01-01,1876,Unprovoked,AUSTRALIA,New South Wales,Sydney,,M,,Y,,,other,unknown
1872-10-10,1872,Sea Disaster,BAHAMAS,Abaco Islands,,Burning of the S.S. Missouri,M,,Y,,,other,unknown
,1872,Sea Disaster,SOUTH ATLANTIC OCEAN,Off the coast of South America,,Adrift on a raft,M,,N,Midnight,,other,unknown
1864-04-09,1864,Unprovoked,CHINA,,Macao Harbor,Swimming,M,,,,,swimming,unknown
1864-01-27,1864,Unprovoked,PANAMA,Colón Province,Aspinwall (Colón),Coming ashore on a hawser,M,,Y,,,other,unknown
1851-03-01,1851,Unprovoked,USA,Hawaii,Honolulu Harbor,Swimming,M,,Y,,,swimming,unknown
,1847,Unprovoked,AUSTRALIA,Queensland,Moreton Bay,,,,N,,,other,unknown
1845-11-04,1845,Unprovoked,MEXICO,Vera Cruz,Vera Cruz,Bathing,M,,Y,,,swimming,unknown
1836-01-01,1836,Invalid,SPAIN,,,,,,,,Shark involvement prior to death unconfirmed,other,other shark
1836-01-01,1836,Unprovoked,AUSTRALIA,South Australia,,,,,,,,other,unknown
1828-09-28,1828,Unprovoked,SIERRA LEONE,Western Area,"River Sierra Leone, 35 miles  upriver from Freetown","British ship, Britannia,  was loading lumber. He was bathing",M,17.0,N,,,swimming,unknown
,1826,Unprovoked,GHANA,Cape Coast,,Bathing,M,,Y,,,swimming,unknown
1817-06-24,1817,Unprovoked,USA,South Carolina,"Charleston Harbor, Charleston County",Swimming,M,,Y,,,swimming,unknown
1787-07-05,1787,Unprovoked,,St Helena,Landing Place,Swimming,M,,Y,,,swimming,unknown
,1637,Unprovoked,INDIA,West Bengal,Hooghly River mouth,Wading,,,,,,swimming,unknown
,1518,Unprovoked,MEXICO,Yucatan,Cozumel,Swmming,M,,N,,,other,unknown
,1,Unprovoked,AUSTRALIA,New South Wales,Bondi,,M,,N,,,other,unknown
2023-02-21,2023,Unprovoked,BRAZIL,Pernambuco,Praia de Milagres,Surfing,M,32.0,N,16h30,,surfing,unknown
,2023,Unprovoked,NEW CALEDONIA,South Province,"Chateau Royal Beach, Noumea",Swimming,M,49.0,N,10h30,Bull shark,swimming,bull shark
2022-08-15,2022,Unprovoked,AUSTRALIA,Westerm Australia,Goode Beach,Spearfishing,M,17.0,N,,White shark,fishing,white shark
2022-06-24,2022,Unprovoked,JAMAICA,,,Fishing,M,,N,Afternoon,"Tiger shark, 15'",fishing,tiger shark
2022-05-19,2022,Provoked,BELIZE,Ambergris Cay,Off San Pedro,Spearfishing,M,,N,,5' shark,fishing,other shark
2022-05-07,2022,Unprovoked,FRENCH POLYNESIA,Bora Bora,To'opua,,,,N,,,other,unknown
2021-12-22,2021,Unprovoked,USA,Florida,"Anna Maria Island, Manatee County",Wing Foil Surfing,F,42.0,N,,Blacktip or spinner shark,surfing,other shark
2021-06-14,2021,Unprovoked,USA,Florida,"New Smyrna Beach, Volusia County",Standing,M,12.0,N,,,swimming,unknown
2021-04-24,2021,Unprovoked,FRENCH POLYNESIA,Tahiti,Tautira,Canoeing,M,25.0,N,08h15,,other,unknown
2021-01-11,2021,Unprovoked,AUSTRALIA,Victoria,13th Beach,Swimming,M,7.0,N,17h40,,swimming,unknown
2020-10-21,2020,,USA,North Carolina,"Emerald Isle, Carteret County",Surfing,M,,N,Sunset,Shark involvement not confirmed,surfing,other shark
2020-04-07,2020,Unprovoked,USA,Florida,"Cocoa Beach, Brevard  County",Surfing,F,,N,10h00,"Bull shark, 6'",surfing,bull shark
2020-03-14,2020,Provoked,NEW ZEALAND,North Island,"Stanmore Bay, Auckland",Kayak fishing,M,,N,,"White shark, 2.5 to 3 m",fishing,white shark
2019-11-12,2019,Unprovoked,USA,Florida,"Cocoa Beach, Brevard  County",Surfing,M,30.0,N,,4' to 5' blacktip shark,surfing,other shark
2019-06-17,2019,Unprovoked,BAHAMAS,,Wells Cay,Snorkeling,M,50.0,,,,other,unknown
2019-02-10,2019,Unprovoked,AUSTRALIA,Northern Territory,Groote Eylandt,Spearfishing,M,25.0,N,,"Reef shark,",fishing,other shark
2018-11-11,2018,Unprovoked,SOUTH AFRICA,KwaZulu-Natal,Tinley Manor,Fishing,M,41.0,N,Morning,"White shark, 3m",fishing,white shark
2018-09-08,2018,Unprovoked,USA,Florida,"Ponce Inlet, Volusia County",Surfing,M,39.0,N,13h15,,surfing,unknown
2018-04-25,2018,Questionable,AUSTRALIA,New South Wales,Lennox Head,Surfing,M,,N,07h00,Questionable,surfing,unknown
2018-04-24,2018,Unprovoked,AUSTRALIA,Western Australia,"South Point, Gracetown",Surfing,M,,N,Afternoon,"White shark, 3.5 m",surfing,white shark
2018-04-15,2018,Unprovoked,THAILAND,Hua Hin,Sai Noi Beach,Swimming,M,54.0,N,,Juvenile bull shark,swimming,other shark
2018-04-15,2018,Unprovoked,BRAZIL,Pernambuco,Piedade,Swimming,M,34.0,,,,swimming,unknown
2018-01-28,2018,Unprovoked,AUSTRALIA,Western Australia,Cone Bay,,M,18.0,N,08h00,Bull shark,other,bull shark
2017-04-12,2017,Invalid,SOUTH AFRICA,KwaZulu-Natal,Protea Banks,Scuba Diving,M,68.0,,,Shark involvement prior to death not confirmed,diving,other shark
2016-12-11,2016,Unprovoked,FRENCH POLYNESIA,Tuamotos,Takapoto Atoll,Fishing,M,,N,,,fishing,unknown
2016-02-05,2016,Unprovoked,AUSTRALIA,Queensland,Stradbroke Island,Walking,F,45.0,N,13h20,,other,unknown
2015-06-26,2015,Unprovoked,SOUTH AFRICA,Western Cape Province,"Lookout Beach, Plettenberg Bay",Surfing,M,23.0,N,16h00,"White shark, 2m to 3 m",surfing,white shark
2015-03-21,2015,Unprovoked,EGYPT,Red Sea Protectorate,Marsa Alam,Swimming,M,52.0,Y,,Mako shark,swimming,other shark
2015-03-18,2015,Unprovoked,USA,Hawaii,Hapuna Beach,Standing / Snorkeling,M,58.0,N,11h45,"Tiger shark, 8 to 12 feet",swimming,tiger shark
2014-12-29,2014,Unprovoked,AUSTRALIA,New South Wales,Bherwerre Beach,Surfing,,,N,Morning,2 m shark,surfing,other shark
2014-11-20,2014,Provoked,MAURITIUS,Cargados Carajos Shoals (St. Brandon),,Fishing,M,39.0,Y,,,fishing,unknown
2014-10-03,2014,Watercraft,USA,California,Santa Barbara County,Kayaking,M,,N,11h30,White shark,watercraft,white shark
2014-05-23,2014,Unprovoked,FRANCE,Wallis and Futuna,Wallis Island,Scuba diving,M,,N,Morning,3m shark,diving,other shark
2014-01-04,2014,Sea Disaster,JAPAN,Okinawa Prefecture,Off Miyako Island,Sea disaster,M,31.0,N,,,other,unknown
2014-01-01,2014,Unprovoked,USA,Hawaii,,Free diving / Photographing pilot whales,M,,N,,Oceanic whitetip shark,diving,other shark
2012-06-19,2012,Invalid,USA,South Carolina,"Myrtle Beach, Horry County",Standing,M,16.0,,,No shark involvement,swimming,other shark
2012-06-14,2012,Unprovoked,USA,South Carolina,"Myrtle Beach, Horry County",Swimming,F,18.0,N,Afternoon,small blacktip shark?,swimming,other shark
2012-05-31,2012,Unprovoked,USA,North Carolina,"Avon, Hatteras Island, Outer Banks, Dare County",Wading,F,33.0,N,13h30,18 to 24 shark,swimming,other shark
2012-02-20,2012,Watercraft,SOUTH AFRICA,Western Cape Province,Strandfontein,Fishing,,,N,,"White shark, 7m",fishing,white shark
2011-10-28,2011,Unprovoked,SCOTLAND,Moray,Spey Bay,Surfing,M,26.0,N,,8' to 10' shark,surfing,other shark
2011-09-20,2011,Watercraft,USA,Hawaii,Kauai,Canoeing,M,,N,15h00,,other,unknown
2011-03-21,2011,Unprovoked,FIJI,,Nukudamu,Diving / fishing,M,30.0,N,16h00,,fishing,unknown
2010-06-25,2010,Unprovoked,USA,South Carolina,Fripp Island,Boogie Boarding,F,6.0,N,,,watercraft,unknown
2009-10-24,2009,Unprovoked,USA,California,"San Onofre, San Diego County",Surfing,M,,N,17h30,,surfing,unknown
2009-09-01,2009,Provoked,SOLOMON ISLANDS,Makira-Ulawa Province,"Kirakira, Makira Island (formerly San Cristobal)",Fishing,M,,N,,,fishing,unknown
2009-02-11,2009,Unprovoked,AUSTRALIA,New South Wales,"Garden Point, Woolloomooloo Sydney Harbour","Diving, but on the surface when bitten by the shark",M,31.0,N,Before 07h00,"Bull shark, 2.7 m",surfing,bull shark
2009-01-11,2009,Unprovoked,AUSTRALIA,Tasmania,Binalong Bay,Surfing,F,13.0,N,15h45,"White shark, 5m",surfing,white shark
2008-07-26,2008,Unprovoked,MEXICO,Cabo San Lucas,,Swimming,M,33.0,N,,2'  shark,swimming,other shark
2008-07-25,2008,Unprovoked,USA,Florida,"New Smyrna Beach, Volusia County",Surfing,M,17.0,N,09h00,,surfing,unknown
2008-04-20,2008,Unprovoked,USA,Florida,"New Smyrna Beach, Volusia County",Surfing,F,14.0,N,08h45,,surfing,unknown
2008-03-28,2008,Unprovoked,USA,Florida,"New Smyrna Beach / Ponce Inlet, Volusia County",Surfing,M,52.0,N,18h50,4' to 5' shark,surfing,other shark
2007-11-06,2007,Unprovoked,USA,Florida,"New Smyrna Beach, Volusia County",Surfing,M,21.0,N,11h115,4' to 5' shark,surfing,other shark
2007-09-17,2007,Unprovoked,SOLOMON ISLANDS,Marovo Lagoon,Kicha Island,Spearfishing,M,,N,Dusk,Gray reef shark,fishing,other shark
2007-08-28,2007,Unprovoked,USA,California,"Marina State Beach, Monterey County",Surfing,M,24.0,N,10h45,"White shark, 12'",surfing,white shark
2006-09-03,2006,Unprovoked,USA,Florida,"New Smyrna Beach, Volusia County",Standing,M,33.0,N,17h30,3' shark,swimming,other shark
2006-08-22,2006,Invalid,BRAZIL,Pernambuco,Pina,,M,17.0,,,Shark involvement prior to death was not confirmed,other,other shark
2006-07-31,2006,Provoked,USA,Kentucky,"Newport Aquarium, Newport",Touching sharks,,,N,,small catsharks,other,other shark
2005-11-24,2005,Unprovoked,NEW CALEDONIA,Loyalty Islands,Maré,Spearfishing,,,N,20h30,,fishing,unknown
2005-09-22,2005,Invalid,USA,Florida,"Tigertail Beach, Collier County",Surfing,M,,,07h30,Shark involvement not confirmed,surfing,other shark
2005-04-17,2005,Unprovoked,AUSTRALIA,New South Wales,Crookhaven,,,,N,,,other,unknown
2004-10-09,2004,Unprovoked,SOUTH AFRICA,Eastern Cape Province,Jeffrey’s Bay,Surfing,M,34.0,N,Morning,"Raggedtooth shark, 1.5 to 2 m [5' to 6.75']",surfing,other shark
2004-08-01,2004,Watercraft,SOUTH AFRICA,KwaZulu-Natal,Park Rynie,Fishing,,,N,,3 m to 4 m [10' to 13']  white shark,fishing,other shark
2004-03-28,2004,Unprovoked,USA,Florida,"Pelican Beach Park, Satellite Beach, Brevard County",Surfing,M,,N,15h00,bull shark,surfing,other shark
2003-10-05,2003,Unprovoked,USA,Hawaii,"Cove Beach / Kalama Beach, Kihei, Maui",Wading near a fishing net,F,41.0,N,12h55,1.2 m [4'] grey-colored shark,swimming,other shark
2003-09-29,2003,Unprovoked,FIJI,Taveuni,Welagi coastal reef off Drekeniwai,Wading to shore from his boat,M,40.0,Y,Night,,swimming,unknown
2003-05-10,2003,Unprovoked,USA,Hawaii,Between Magic Sands Beach and Kahaluu Beach on the Kona coast,Swimming,M,20.0,N,11h45,1.8 m [6'] reef shark - or a 2.1 m to 2.4 m [7' to 8'] grey-colored shark,swimming,other shark
2002-12-21,2002,Unprovoked,AUSTRALIA,Queensland,Depth of 40 m on the wreck of the St. Paul off Brisbane,Scuba diving,M,26.0,N,,"Wobbegong shark, 1m",diving,other shark
2002-06-13,2002,Unprovoked,PAPUA NEW GUINEA,Louisiade Archipelago,"Brooker Island , Calvados Chain",,,,N,,,other,unknown
2002-04-21,2002,Invalid,AUSTRALIA,New South Wales,26 nautical miles out to sea off Lake Macquarie,Fishing (Drowned 2-Apr-2002),M,52.0,,,Invalid,fishing,unknown
2001-08-21,2001,Unprovoked,USA,Florida,"New Smyrna Beach, Volusia County",Surfing,M,27.0,N,16h00,,surfing,unknown
2001-02-04,2001,Unprovoked,AUSTRALIA,New South Wales,Broome Head,Surfing,M,40.0,N,16h15,"Bronze whaler shark, 2.5 m [8.25']  k",surfing,other shark
2000-12-03,2000,Unprovoked,AUSTRALIA,Queensland,"Sykes Reef, Great Barrier Reef",Spearfishing,M,38.0,N,09h30,"Bronze whaler shark, 2.5 m [8.25']",fishing,other shark
2000-09-25,2000,Unprovoked,AUSTRALIA,South Australia,"Black Point, Eyre Peninsula",Surfing,M,17.0,Y,13h00,White shark,surfing,white shark
1999-09-19,1999,Watercraft,USA,California,"North of Pidgeon Point, San Mateo County",Kayaking,M,37.0,N,18h30,White shark,watercraft,white shark
1999-09-16,1999,Unprovoked,USA,Florida,"Cape Canaveral, Brevard County",Wading,F,61.0,N,,Unidentified,swimming,unknown
1999-05-29,1999,Unprovoked,AUSTRALIA,South Australia,"Hardwicke Bay, Yorke Peninsula",Windsurfing,M,22.0,Y,14h30,Thought to involve a white shark,surfing,other shark
1998-12-15,1998,Unprovoked,AUSTRALIA,South Australia,Middleton Beach,Surfing,F,21.0,N,Afternoon,,surfing,unknown
1998-06-08,1998,Unprovoked,USA,Florida,"Daytona Beach, Volusia County",Surfing,M,18.0,N,18h00,,surfing,unknown
1998-01-25,1998,Unprovoked,REUNION,Grand'Anse,,Bathing,M,,Y,Mid afternoon,,swimming,unknown
1998-01-01,1998,Unprovoked,REUNION,Beaufonds,,Diving,,,Y,,,diving,unknown
1997-10-28,1997,Unprovoked,AUSTRALIA,Western Australia,"Cottesloe Beach, Perth",Surf-skiing,M,51.0,N,,5.5 m [18'] white shark,surfing,other shark
1997-09-09,1997,Unprovoked,USA,Florida,Volusia County,Surfing,M,12.0,N,17h15,,surfing,unknown
1997-04-20,1997,Unprovoked,BRAZIL,Rio de Janeiro,"Manguinhos, Ilha Feia, Búzios",Windsurfing,M,22.0,N,,3.7m  to 4.2 m white shark,surfing,other shark
1996-10-28,1996,Unprovoked,BRAZIL,Pernambuco,Barra de Jangada,Surfing,,,N,,,surfing,unknown
1996-07-23,1996,Unprovoked,EGYPT / ISRAEL,"South Sinai, Gulf of Aqaba","1 km off the mouth of Marsa Bereika, north of Ras Mohammed",Free diving with a pod of dolphins,M,,N,18h00,said to involve an oceanic whitetip shark,diving,other shark
1995-07-24,1995,Unprovoked,USA,South Carolina,"Pawleys Island, Georgetown County",Swimming,F,7.0,N,,,swimming,unknown
1995-06-17,1995,Unprovoked,USA,South Carolina,"Garden City Beach, Horry County",Surfing,M,,N,,,surfing,unknown
1993-06-01,1993,Unprovoked,USA,North Carolina,"Hamstead, Pender County",Swimming,F,,N,Dusk,6' shark,swimming,other shark
,1993,Unprovoked,HONG KONG,"On the Kowloon penisula, south of Sai Kung",Silverstrand,,F,,Y,,,other,unknown
1992-09-18,1992,Unprovoked,BRAZIL,Pernambuco,"Boa Viagem, Recife",Body boarding,M,,N,Afternoon,,watercraft,unknown
1992-03-08,1992,Unprovoked,JAPAN,Ehime Prefecture,Matsuyama,Hookah diving for pen shells,M,41.0,Y,15h20,"5 m [16.5'] white shark, identification by K. Nakaya",diving,other shark
1992-01-29,1992,Unprovoked,AUSTRALIA,New South Wales,Tweed Heads,Boogie boarding,M,19.0,N,20h00,"Bronze whaler shark, 2.3 m [7.5']",watercraft,other shark
1991-11-01,1991,Unprovoked,AUSTRALIA,Western Australia,"Backbeach, Halls Head",Boogie boarding,M,14.0,N,,small shark,watercraft,other shark
1991-07-30,1991,Watercraft,ITALY,Ligurian Sea,"Portofino, 20 miles offshore, Tigullio Bay, Santa Margherita Ligure (Liguria)",Canoeing,F,40.0,N,15h30,4 m [13'] white shark,other,other shark
1991-06-07,1991,Unprovoked,USA,Florida,"Tampa Bay, Hillsborough County",Swimming behind sailboat,M,31.0,N,11h30,2.7 m [9'] bull or lemon shark,swimming,other shark
1990-06-24,1990,Unprovoked,SOUTH AFRICA,Western Cape Province,Mossel Bay,Scuba diving (but on surface),F,21.0,Y,15h45,4.5 m [14'9] white shark,surfing,other shark
1989-01-26,1989,Invalid,USA,California,"Latigo Point / Paradise Cove, west of Malibu, Los Angeles County",Kayaking,M,24.0,,10h15,Invalid,watercraft,unknown
1988-07-23,1988,Unprovoked,BAHAMAS,,,Free diving & spearfishing,M,,N,,2 m to 2.5 m shark,fishing,other shark
1986-10-01,1986,Unprovoked,USA,Florida,"Floridana Beach, Brevard County",Surfing,M,28.0,N,,Bull shark,surfing,bull shark
1986-03-15,1986,Unprovoked,SOUTH AFRICA,KwaZulu-Natal,"North Beach, Durban",Treading water,M,26.0,N,16h15,>1 m shark,swimming,other shark
1985-05-26,1985,Unprovoked,USA,California,"Long Beach, Los Angeles County","Surfing, but lying prone on his board",M,,N,,Shark involvement not confirmed,surfing,other shark
1984-09-17,1984,Unprovoked,USA,California,"Mission Beach, San Diego County",Wading,M,,N,15h30,small blue shark,swimming,other shark
1983-07-15,1983,Unprovoked,SOUTH AFRICA,Eastern Cape Province,"Seal Point, Cape St. Francis",Surfing,M,,N,,3 m to 4 m [10' to 13'] shark,surfing,other shark
1983-06-15,1983,Invalid,ITALY,Northwest Italy,Riomaggiore (Ligura),Scuba diving,M,,,,Questionable incident,diving,unknown
1983-01-10,1983,Unprovoked,SOUTH AFRICA,Western Cape Province,Muizenberg,Windsurfing,M,22.0,N,18h15,,surfing,unknown
1981-05-16,1981,Unprovoked,USA,Florida,"Jacksonville, Duval County",Diving,M,,N,,Lemon shark,diving,other shark
1981-05-05,1981,Unprovoked,SOUTH AFRICA,Eastern Cape Province,Ntlonyane Bay,Surfing,M,24.0,N,09h00,"Tiger shark, 2.1 m [7']",surfing,tiger shark
1981-03-01,1981,Unprovoked,BRAZIL,Rio de Janeiro,Cabo Frio,Diving,,,,,White shark,diving,white shark
1980-11-24,1980,Unprovoked,REUNION,Grand'Anse,Petite-Ile,Spearfishing,M,22.0,N,15h00,1.8 m [6'] white shark,fishing,other shark
1980-07-27,1980,Unprovoked,USA,New Jersey,"Ocean City, Cape May County",Body surfing,M,15.0,N,15h00,,surfing,unknown
1980-01-25,1980,Unprovoked,KENYA,Lamu Archipelago,South of Lamu Island,Spearfishing,M,29.0,N,,2.2 m shark,fishing,other shark
1979-05-27,1979,Invalid,USA,Florida,"Fort Walton Beach, Okaloosa County",Scuba diving,M,36.0,,,Shark involvement prior to death was not confirmed,diving,other shark
1978-03-05,1978,Watercraft,SOUTH AFRICA,Eastern Cape Province,"Gulu Deep, East London",,,,N,,,other,unknown
1978-02-19,1978,Unprovoked,SOUTH AFRICA,Western Cape Province,"Miller's Point, False Bay",Diving,M,,N,,White shark,diving,white shark
1978-01-06,1978,Invalid,SOUTH AFRICA,KwaZulu-Natal,Cape Vidal,,M,,,,Shark involvement prior to death was not confirmed,other,other shark
1977-08-31,1977,Unprovoked,AUSTRALIA,South Australia,"Cactus Beach, near Ceduna",Surfing,M,17.0,N,16h00,White shark,surfing,white shark
1976-09-06,1976,Unprovoked,USA,Florida,"Sebastian, Indian River County",Surfing,M,15.0,N,14h00,"Tiger shark, 6'",surfing,tiger shark
1974-03-21,1974,Unprovoked,SOUTH AFRICA,KwaZulu-Natal,Amanzimtoti,Surfing,M,21.0,N,16h30 or 18h00,1.8 m [6'] shark,surfing,other shark
1974-01-09,1974,Unprovoked,AUSTRALIA,South Australia,Streaky Bay,Diving for abalone,M,26.0,Y,,White shark,diving,white shark
1973-11-03,1973,Unprovoked,AUSTRALIA,Queensland,Gin Arm Creek,,M,,N,,,other,unknown
1972-02-12,1972,Unprovoked,AUSTRALIA,Tasmania,Elliot's Cove,,,,N,,,other,unknown
1971-10-27,1971,Provoked,AUSTRALIA,New South Wales,"Marineland, Sydney",,,20.0,N,,,other,unknown
1970-09-05,1970,Unprovoked,USA,Florida,"Cocoa Beach, Brevard County",Floating on a raft,M,18.0,N,11h30,,other,unknown
1970-08-02,1970,Invalid,,Caribbean Sea,Between St. Kitts & Nevis,Sea Disaster Sinking of ferryboat Christina,,,,Afternoon,Shark involvement prior to death was not confirmed,watercraft,other shark
1970-01-23,1970,Unprovoked,MOZAMBIQUE,Limpopo River,"Gijana, 150 km inland",Swimming,M,12.0,N,,Zambesi shark,swimming,other shark
1970-01-10,1970,Unprovoked,MEXICO,Guerrero,Acapulco,Swimming,M,22.0,N,,,swimming,unknown
1969-08-01,1969,Unprovoked,,,,,M,25.0,N,,,other,unknown
1969-01-27,1969,Unprovoked,AUSTRALIA,New South Wales,Beecroft Head,Freediving,M,21.0,N,07h30,,diving,unknown
1968-09-22,1968,Invalid,USA,Florida,"Riviera Beach, Palm Beach County",Surfing,,,,12h48,Shark involvement not confirmed,surfing,other shark
1968-04-15,1968,Unprovoked,AUSTRALIA,New South Wales,South Coast,"Diving. Shark “swallowed’ his hand, so he threw his other around the shark and went “shark-back riding” for 30 yards until the shark opened its jaws",M,21.0,N,,"Bronze whaler shark, 1.8 m [6']",diving,other shark
1967-12-17,1967,Unprovoked,AUSTRALIA,Victoria,"Cheviot Beach, Portsea, Port Phillip Bay",Swimming,M,59.0,Y,A.M.,,swimming,unknown
1967-03-19,1967,Unprovoked,SOUTH AFRICA,KwaZulu-Natal,Paradise Reef,Spearfishing,M,32.0,N,06h50,"White shark, 3 m [10']",fishing,white shark
1966-04-08,1966,Unprovoked,USA,Puerto Rico,,Swimming,M,25.0,N,16h30,,swimming,unknown
1965-06-18,1965,Invalid,USA,Florida,150 miles southeast of Cape Kennedy,"Diving, retrieving film package from Titan 3C rocket",M,,,,Invalid,diving,unknown
,1965,Unprovoked,EGYPT,,South of Hurghada,"Spearfishing, but standing in the water",M,,N,,"1.5 m to 2.1 m [5' to 7'] shark, possibly a mako shark",swimming,other shark
,1965,Invalid,SOUTH AFRICA,Eastern Cape Province,Pollock Beach,Bather,,,,,Questionable incident,other,unknown
1964-12-09,1964,Unprovoked,PAPUA NEW GUINEA,Bougainville (North Solomons),"Off Sing Village, Buka Island","Canoe swamped, swimming back to canoe",M,28.0,N,Late afternoon,2.1 m [7'] shark,swimming,other shark
1962-06-10,1962,Unprovoked,PAPUA NEW GUINEA,Madang Province,"Mouth of Suareng River, a mile from Taludig",Washing,M,,Y,Midday,Possibly a bronze whaler shark,other,other shark
1962-04-09,1962,Unprovoked,MOZAMBIQUE,Gaza,Xai Xai,Swimming,M,16.0,N,10h30,,swimming,unknown
1962-04-07,1962,Unprovoked,SOUTH AFRICA,KwaZulu-Natal,Umhlali,Wading,M,13.0,N,11h30,"Zambesi shark, 1.2 m [4']",swimming,other shark
1962-02-07,1962,Unprovoked,SOUTH AFRICA,KwaZulu-Natal,Winkelspruit,Swimming,M,22.0,Y,09h00,,swimming,unknown
1961-08-16,1961,Unprovoked,USA,South Carolina,"Pawley’s Island, Georgetown County",Wading,M,19.0,N,08h00,White shark,swimming,white shark
1961-01-15,1961,Provoked,AUSTRALIA,New South Wales,Cook Island,Collecting aquarium specimens,M,27.0,N,Morning,"Wobbegong shark, 1.5 m [5']",other,other shark
1960-10-01,1960,Invalid,AUSTRALIA,New South Wales,North Head,Fishing,M,24.0,,,Shark involvement not confirmed,fishing,other shark
1960-10-01,1960,Watercraft,SOUTH AFRICA,Western Cape Province,False Bay,Fishing,,,N,,"White shark, 18 mm tooth fragment  recovered from the hull",fishing,white shark
1960-05-16,1960,Provoked,USA,Florida,"Lignum Vitae Channel, Florida Keys, Monroe County",,,,N,,"Lemon shark, 1.8 m [6'] male, N. breviostris, identified by W.A. Stark II, later the same day a 6'8 pregnant female lemon shark bit the bow of the boat",other,other shark
1960-05-01,1960,Unprovoked,PAPUA NEW GUINEA,Madang,Taludig,,,,Y,,,other,unknown
,1960,Invalid,CARIBBEAN SEA,,"Between Key West, Florida & Guantanamo Bay, Cuba",Aircraft crashed into sea,M,,,,Shark involvement prior to death was not confirmed,other,other shark
1959-07-28,1959,Unprovoked,USA,California,"Alligator Head, La Jolla, San Diego County",Spearfishing (but on surface),M,25.0,N,19h30,"Hammerhead shark, 1.8 m [6'] S. zygena identified by C. Limbaugh on description",surfing,other shark
1958-09-06,1958,Unprovoked,BAHAMAS,Cat Cay,off yacht Serenade,Fishing,M,42.0,N,Morning,200-lb shark,fishing,other shark
1958-08-01,1958,Unprovoked,CROATIA,Primorje-Gorski Kotar County,Mošćenička Draga,Swimming,F,,N,18h00,3 m shark,swimming,other shark
1958-04-19,1958,Unprovoked,TAIWAN,Taipei Hsien,Off Cape of Pi-tou,Diving,M,29.0,N,17h00,"Mako shark, 100-kg [221-lb]",diving,other shark
1957-12-26,1957,Unprovoked,SOUTH AFRICA,KwaZulu-Natal,"Splash Rock, Port Edward",Skindiving,M,20.0,N,10h30,,diving,unknown
1957-04-23,1957,Unprovoked,AUSTRALIA,New South Wales,"Merewether Beach, Newcastle",Surfing,M,15.0,N,,Wobbegong shark?,surfing,other shark
1957-04-07,1957,Unprovoked,PAPUA NEW GUINEA,Bougainville (North Solomons),Kieta,Diving from canoe,M,17.0,N,,,diving,unknown
1956-07-17,1956,Unprovoked,USA,Florida,"Miami Beach, Miami-Dade County",Wading,F,38.0,N,18h00,,swimming,unknown
1955-09-23,1955,Sea Disaster,NORTH PACIFIC OCEAN,1000 miles west of Hawaii,Between Wake & Johnston Islands,Flying Tiger transport plane went down with 5 men onboard,M,,N,,"Survivors said 2 species of sharks were involved:  oceanic whitetip sharks and another species,",watercraft,other shark
1955-08-26,1955,Unprovoked,CROATIA,Primorje-Gorski Kotar County,Opatija,Swimming,F,32.0,Y,,White shark,swimming,white shark
1955-04-12,1955,Unprovoked,PAPUA NEW GUINEA,,Abau,Spearfishing,M,,N,,6' shark,fishing,other shark
1955-02-10,1955,Unprovoked,USA,California,"Trinidad Bay, Humboldt County",Scuba diving,M,,N,,"Leopard shark, 3' Triakis semifasciata, identified by J.W. DeWitt (1955)",diving,other shark
1954-10-07,1954,Sea Disaster,USA,Virginia,150 miles off Cape Henry,"American freighter Mormackite, bound from Buenos Aires for Baltimore, capsized & sank in heavy seas",M,,Y,,,other,unknown
1954-02-27,1954,Unprovoked,AUSTRALIA,New South Wales,"The Entrance, near Gosford",Swimming,M,23.0,Y,17h15,,swimming,unknown
1954-01-01,1954,Unprovoked,USA,Hawaii,Moloka'i,Fishing,M,,N,,a small shark',fishing,other shark
1953-09-03,1953,Provoked,USA,New York,Rockaway Beach,Surf fishing,M,15.0,N,,80-lb sand shark,surfing,other shark
1953-08-01,1953,Invalid,MEXICO,Guerrero,Acapulco,Free diving,M,19.0,,17h30,Invalid,diving,unknown
1953-07-04,1953,Unprovoked,USA,Hawaii,Kaula Rock near Niihau,Accidentally dragged overboard from the sampan Holokahana into school of yellowfin tuna,M,,N,08h00,,watercraft,unknown
1953-04-01,1953,Unprovoked,IRAN,Karun River,"near Ahvaz, 275 km from the sea",Swimming in midriver near sewage outlet & 400 m from a slaughterhouse,M,,N,,"1.5 m [5'] shark, probable bull shark",swimming,other shark
1952-08-03,1952,Unprovoked,USA,Hawaii,"Between Ala Moana Channel & Kewalo Basin, O'ahu",Swimming,M,,Y,,,swimming,unknown
1950-01-01,1950,Unprovoked,NEW CALEDONIA,North Province,"Voh, near meatworks","Spearfishing, but walking carrying fish on end of speargun",M,,N,,,fishing,unknown
1949-08-17,1949,Invalid,ITALY,Tuscany,Elba Island,Swimming,M,17.0,,,2 m shark,swimming,other shark
,1949,Watercraft,ITALY,Tyrrhenian Sea,San Vincenzo,"Fishing, on a boat",M,,N,,White shark,fishing,white shark
1948-09-19,1948,Unprovoked,USA,Hawaii,"Off Makapauu Point, O'ahu",Fishing,M,,N,,,fishing,unknown
1948-07-01,1948,Unprovoked,USA,US Virgin Islands,"St. John, Genti Bay",Swimming,M,46.0,Y,,,swimming,unknown
1947-10-28,1947,Unprovoked,AUSTRALIA,Northern Territory,"Mornington Island, Gulf of Carpentaria",Fishing in waist-deep water,M,,N,,,fishing,unknown
1945-08-19,1945,Unprovoked,IRAN / IRAQ,Shatt-al-Arab River,Vicinity of Abadan,,M,,N,,,other,unknown
1945-07-01,1945,Sea Disaster,JAVA,Northern Java,Off Cheribon,"90 European civilians, many women & children, were placed on the deck of a Japanese submarine that submerged when it was well offshore",,,Y,Dusk,,other,unknown
1944-01-20,1944,Unprovoked,SOUTH AFRICA,KwaZulu-Natal,"North Beach, Durban",Body surfing,M,22.0,Y,13h15,,surfing,unknown
1943-03-02,1943,Sea Disaster,BRAZIL,,Near the Abrolhos Archipelago,The 3540-ton Alfonso Penna was torpedoed & sunk by the Italian submarine Barbarigo,,,Y,19h00,,other,unknown
1942-03-04,1942,Invalid,AUSTRALIA,New South Wales,George’s River,,M,18.0,,,Invalid,other,unknown
1941-01-01,1941,Sea Disaster,ATLANTIC OCEAN,,,Adrift on raft after their ship was sunk by an Axis raider,M,,Y,,,other,unknown
1940-01-01,1940,Invalid,SOUTH AFRICA,KwaZulu-Natal,Winkelspruit,,F,,,,Questionable incident,other,unknown
1939-04-12,1939,Unprovoked,PAPUA NEW GUINEA,Morobe Province,Bulolol,Dived for a coin,M,9.0,Y,,,diving,unknown
1938-01-02,1938,Unprovoked,AUSTRALIA,New South Wales,Cronulla,Surf skiing,M,,N,,,surfing,unknown
1936-07-25,1936,Unprovoked,USA,Massachusetts,"Hollywood Beach, just above Mattapoisett Harbor, Buzzards Bay",Swimming crawl stroke,M,16.0,Y,15h30,White shark (identified by Dr. Hugh Smith),swimming,white shark
1935-03-30,1935,Unprovoked,AUSTRALIA,Queensland,Barrier Reef off Mackay,Diving from dinghy for trochus shell,M,,N,Afternoon,,diving,unknown
1935-01-17,1935,Invalid,AUSTRALIA,Queensland,"Seaforth River, near MacKay",,M,5.0,,,Invalid,other,unknown
1934-09-08,1934,Provoked,BERMUDA,Hamilton,Nine miles off Frasconi Flats,Fishing,M,,N,,1.5 m [5'] shark,fishing,other shark
1933-04-10,1933,Unprovoked,USA,Florida,"Miami Beach, Miami-Dade County",Swimming,M,24.0,Y,,Possibly a bull shark or tiger shark,swimming,other shark
1932-06-26,1932,Provoked,USA,New Jersey,"Off Ocean City, Cape May County",Fishing,M,,N,,,fishing,unknown
1931-09-21,1931,Unprovoked,USA,Florida,"Municipal Beach, West Palm Beach, Palm Beach County",Swimming,M,,N,,,swimming,unknown
1931-06-14,1931,Unprovoked,USA,Hawaii,"Pearl Harbor, O'ahu","Fishing, had just speared a ulua",M,,N,,,fishing,unknown
1931-05-02,1931,Watercraft,AUSTRALIA,New South Wales,Kempsey,,,,N,,a school of sharks,other,other shark
1931-01-01,1931,Unprovoked,TONGA,Niua,Niuafo'ou Island,"Swimming, carrying tin can with mail to steamer",M,,Y,,,swimming,unknown
1929-01-27,1929,Unprovoked,AUSTRALIA,Queensland,"Alma Bay, Magnetic Island, Townsville",Swimming,M,,Y,17h30,,swimming,unknown
1926-01-01,1926,Provoked,NEW ZEALAND,Cook Islands,Rarotonga,Shark hoisted on board liner Tahiti,M,,N,,,watercraft,unknown
1925-09-04,1925,Provoked,SPAIN,Valencia,Valencia,Fishing,M,,N,,,fishing,unknown
1925-09-03,1925,Unprovoked,ENGLAND,Isle of Wight,Off Shanklin,Fishing,M,,N,08h00,,fishing,unknown
1923-11-23,1923,Unprovoked,AUSTRALIA,Western Australia,"Condon, 88 km NE of Port Hedland",Dry shelling,M,,Y,,,other,unknown
1923-05-23,1923,Unprovoked,AUSTRALIA,Western Australia,"Southgates, near Geraldton",Wading,M,,N,,,swimming,unknown
1922-09-29,1922,Unprovoked,BARBADOS,Lucy,Pie Corner,Fishing,M,16.0,Y,,,fishing,unknown
1922-06-17,1922,Unprovoked,USA,Florida,"Municipal Pier, St. Petersburg, Tampa bay",Floating,F,18.0,Y,,1.8 m [6'] shark,other,other shark
1920-02-03,1920,Unprovoked,SOUTH AFRICA,Eastern Cape Province,Zwartkops River,Floating face down,F,18.0,N,17h30,,other,unknown
1919-01-09,1919,Unprovoked,AUSTRALIA,New South Wales,"Sirius Cove, Sydney Harbor",Wading,M,13.0,Y,07h30,12' shark,swimming,other shark
1917-06-03,1917,Unprovoked,USA,South Carolina,Calibogue Sound,Swimming beside launch,M,,N,P.M.,,swimming,unknown
1916-12-08,1916,Unprovoked,AUSTRALIA,New South Wales,"Seven Shillings Beach, Middle Harbor, Sydney (Estuary)",Swimming 10 m from shore,F,,N,08h58,,swimming,unknown
1913-05-02,1913,Provoked,AUSTRALIA,New South Wales,,Hauling in net,M,,N,,,other,unknown
1913-01-01,1913,Unprovoked,AUSTRALIA,Victoria,Brighton,,M,,N,,,other,unknown
1910-11-28,1910,Provoked,NORTH ATLANTIC OCEAN,Georges Bank,,Fishing,M,,N,,Angel shark,fishing,other shark
1909-12-05,1909,Provoked,AUSTRALIA,New South Wales,Bondi,Fishing,M,,N,,7' shark,fishing,other shark
1908-09-21,1908,Unprovoked,AUSTRALIA,Torres Strait,Thursday Island,Fell from the jetty,M,,Y,,Remains recovered from 3 sharks,other,other shark
1907-03-07,1907,Unprovoked,MALTA,Harare Province,Marsaskala,Fishing,M,,Y,,"White shark, 6 m",fishing,white shark
1907-02-09,1907,Unprovoked,PHILIPPINES,Luzon Island,Manila Bay,"Row boat (from the gunboat Elcano) was sinking, put finger in hole",M,,N,,,watercraft,unknown
1906-09-27,1906,Unprovoked,INDONESIA,Java,Lorok Bay,Swimming,M,,Y,,,swimming,unknown
1906-04-02,1906,Invalid,AUSTRALIA,New South Wales,Moodie Beach,.,M,18.0,,,Questionable,other,unknown
1905-02-10,1905,Invalid,AUSTRALIA,Victoria,Elwood,Bathing,M,23.0,,,Questionable,swimming,unknown
1903-06-21,1903,Unprovoked,AUSTRALIA,New South Wales,Georges River,Swimming,M,,Y,,,swimming,unknown
1902-08-08,1902,Unprovoked,USA,Hawaii,"Kalihi, O'ahu",Catching crabs,M,,Y,,,other,unknown
1902-06-01,1902,Unprovoked,EGYPT,Mediterranean Sea,"Tzortzou Reef, Marsa Matruh",Sponge diving,M,,N,,,diving,unknown
1900-12-27,1900,Unprovoked,AUSTRALIA,New South Wales,"Middle Harbour, Sydney",Bathing,M,,Y,,,swimming,unknown
,1900,Unprovoked,USA,Hawaii,"Inter-Island Dry Dock at Kakaako Street, Honolulu, O'ahu",,M,,N,,,other,unknown
1899-06-02,1899,Invalid,NEW ZEALAND,North Island,East Cape,Attempting to land a boat from the Hinemoa,M,,,,Shark involvement not confirmed,watercraft,other shark
1895-02-23,1895,Unprovoked,PANAMA,Bocas del Toro,,"Swimming, after sailboat capsized",M,,Y,,,swimming,unknown
1892-11-06,1892,Unprovoked,AUSTRALIA,Queensland,"Wellington Point, Brisbane",Swimming,F,,N,,,swimming,unknown
1890-12-30,1890,Invalid,AUSTRALIA,Queensland,Moreton Bay,Swimming to shore after boat capsized by a squall,,,,,Shark involvement prior to death unconfirmed,swimming,other shark
1889-10-03,1889,Unprovoked,INDIA,Tamil Nadu,Madras,Swimming,M,,Y,,,swimming,unknown
1887-02-08,1887,Provoked,SOUTH AFRICA,Western Cape Province,Blaauwberg,,,,N,,4.7 m [15.5'] shark,other,other shark
1882-05-14,1882,Unprovoked,AUSTRALIA,New South Wales,Millers Point,Fell overboard,M,,N,Afternoon,,watercraft,unknown
1882-04-15,1882,Unprovoked,AUSTRALIA,New South Wales,Lake Macquarie,Fishing,M,,Y,,,fishing,unknown
1881-07-25,1881,Unprovoked,,,Santa Cruz,Bathing,M,,N,,,swimming,unknown
1880-05-07,1880,Invalid,MEXICO,Guerro,Acapulco,,M,,,,Shark involvement prior to death unconfirmed,other,other shark
1878-10-24,1878,Unprovoked,INDONESIA,East Java,Probolinggo,Swimming,M,22.0,Y,,15' shark,swimming,other shark
1878-09-14,1878,Provoked,USA,Connecticut,"Branford, New Haven County",Fishing,M,,N,,,fishing,unknown
1878-03-30,1878,Unprovoked,NEW GUINEA,,,,M,,N,,,other,unknown
1877-04-07,1877,Provoked,AUSTRALIA,Tasmania,Smelting Works Bay near Hobart,,M,,N,,7-gill shark,other,other shark
1877-03-11,1877,Unprovoked,FIJI,Viti Levu Island,"Na Koro Vatu, Rewa River",,M,15.0,N,,,other,unknown
1871-12-11,1871,Invalid,AUSTRALIA,New South Wales,Hawkesbury River,,M,,,,Shark involvement prior to death unconfirmed,other,other shark
1864-04-01,1864,Unprovoked,MAURITIUS,,,Fell overboard,M,,Y,,,watercraft,unknown
1864-01-02,1864,Unprovoked,NEW ZEALAND,North Island,"Brickfield Bay, Auckland Harbour",Standing / Bathing,M,,N,,,swimming,unknown
1864-01-01,1864,Invalid,AUSTRALIA,South Australia,"Corio Bay, Port Phillip",Swimming,M,,,,Shark involvement prior to death unconfirmed,swimming,other shark
1860-08-01,1860,Unprovoked,USA,New York,Brooklyn,Swimming,M,,N,Evening,,swimming,unknown
1855-02-12,1855,Unprovoked,SOLOMON ISLANDS,Makira-Ulawa Province,Makira Island (Formerly San Cristobal),Swimming,M,,Y,,,swimming,unknown
,1853,Unprovoked,USA,North Carolina,"Morehead, Carteret County",Hard hat diving,M,,N,,White shark,diving,white shark
2023-02-19,2023,Unprovoked,USA,Florida,"Jupiter Island, Martin County",Surfing,M,60.0,N,17h30,,surfing,unknown
2022-05-03,2022,Provoked,USA,Georgia,"Île de Saint Simon, Glynn County",Fishing,M,,N,19h12,Atlantic blacktip shark,fishing,other shark
2022-04-01,2022,,SOUTH AFRICA,KZN,LaLucia,,M,,N,,,other,unknown
2022-03-08,2022,Unprovoked,AUSTRALIA,New South Wales,Maroubra,Surfing,M,,N,07h50,,surfing,unknown
2022-02-16,2022,Unprovoked,AUSTRALIA,New South Wales,"Buchan Point, Sydney",Swimming,M,36.0,Y,16h30,,swimming,unknown
2022-02-10,2022,Provoked,BAHAMAS,,,,F,37.0,N,,Nurse shark,other,other shark
2021-08-28,2021,Unprovoked,USA,Texas,"Galveston Island, Galveston County",Boogie boarding,M,,N,11h45,,watercraft,unknown
2021-06-14,2021,Unprovoked,USA,Florida,"New Smyrna Beach, Volusia County",Standing,M,71.0,N,,,swimming,unknown
2021-05-12,2021,Provoked,BELIZE,Ambergris Key,,Baiting sharks,M,57.0,N,10h00,8 ft shark,other,other shark
2021-04-17,2021,Provoked,USA,North Carolina,Outer Banks,Tagging sharks,,,N,,"Mako shark, 4 juvenile",other,other shark
2020-10-29,2020,Unprovoked,USA,"Franklin County, Florida",St George Island,Surfing,M,,N,13h00,,surfing,unknown
2020-07-31,2020,Unprovoked,AUSTRALIA,Western Australia,Bunker Bay Beach,Surfing,M,28.0,N,14h15,"White shark, 4m",surfing,white shark
2010-02-01,2020,Unprovoked,FRENCH POLYNESIA,Marquesas,Ua Huka,Canoeing,M,,N,06h30,,other,unknown
2020-01-12,2020,Unprovoked,THAILAND,Phang Nga Province,Nang Thong Beach,Swimming,M,75.0,N,07h15,,swimming,unknown
2019-12-06,2019,Unprovoked,AUSTRALIA,Western Australia,Exmouth,Free diving,M,57.0,N,09h00,,diving,unknown
2019-11-30,2019,Unprovoked,AUSTRALIA,Queensland,Bargara,Snorkeling,M,30.0,N,18h00,,other,unknown
2019-07-29,2019,Unprovoked,USA,Hawaii,Molokai Channel/,Swimming,M,49.0,N,22h20,Cookiecutter shark,swimming,other shark
2019-07-28,2019,Unprovoked,AUSTRALIA,Queensland,Magra Islet,Snorkeling,F,,,18h30,,other,unknown
2019-06-06,2019,Unprovoked,AUSTRALIA,Tasmania,Maatsuyker Island,Abalone diving,M,,N,,,diving,unknown
2019-03-05,2019,Provoked,SOUTH AFRICA,Eastern Cape Province,30 nm off Port Elizabeth,Fishing,M,46.0,N,16h00,2.5 m shark,fishing,other shark
2018-11-17,2018,Unprovoked,AUSTRALIA,New South Wales,"7 Mile Beach, Gerroa",Surfing,M,24.0,N,13h00,,surfing,unknown
2018-04-10,2018,Invalid,BRAZIL,Alagoas,"Praia de Sauaçuhy, Maceió",Fishing,M,56.0,N,,Shark involvement not confirmed,fishing,other shark
2018-02-23,2018,Unprovoked,AUSTRALIA,New South Wales,"Little Congwong Beach, La Perouse",Swimming,F,55.0,N,"19h00, Dusk","Juvenile white shark,  2.7 to 3.2 m",swimming,other shark
2018-02-15,2018,Unprovoked,AUSTRALIA,New South Wales,"Surf Beach, Kiama",Walking,M,35.0,N,16h00,"Bull shark, 2 m",other,bull shark
2017-11-04,2017,Unprovoked,CUBA,Holquin Province,Guardalavaca Beach,Night bathing,M,22.0,Y,23h30,Tiger shark,swimming,tiger shark
2017-09-02,2017,Unprovoked,USA,Texas,"South Padre Island, Cameron County",Swimming,F,,N,,,swimming,unknown
2017-07-24,2017,Unprovoked,"ST HELENA, British overseas territory",Ascension Island,English Bay,Surfing,M,37.0,N,17h00,,surfing,unknown
2016-10-14,2016,Unprovoked,USA,Hawaii,"Charlie Young Beach, Kihei, Maui",Snorkeling,F,66.0,N,09h50,,other,unknown
2016-09-15,2016,Watercraft,AUSTRALIA,Western Australia,Bunbury,Fishing,,,N,,,fishing,unknown
2016-03-28,2016,Unprovoked,AUSTRALIA,New South Wales,North Cronulla Beach,Surfing,M,41.0,N,11h00,,surfing,unknown
2015-12-08,2015,Unprovoked,SOUTH AFRICA,Eastern Cape Province,Mpande,Swimming / Wading,F,22.0,N,Morning,,swimming,unknown
2015-11-10,2015,Unprovoked,AUSTRALIA,New South Wales,East Ballina,Surfing,M,20.0,N,18h15,"Bull shark, 2.8 to 3.1 m",surfing,bull shark
2014-10-20,2014,Unprovoked,USA,Hawaii,"Kahului, Maui",Stand-Up Paddleboarding,M,,N,08h00,,watercraft,unknown
2014-10-03,2014,Watercraft,USA,California,Santa Barbara County,Kayaking,M,,N,14h00,"White shark, 18' to 20'",watercraft,white shark
2014-06-01,2014,Unprovoked,USA,Palmyra Atoll,,Tagging sharks,F,37.0,N,,Blacktip Reef shark,other,other shark
2013-12-16,2013,Unprovoked,SOUTH AFRICA,Western Cape Province,Die Platt,Surfing,M,19.0,N,08h45,"White shark, 3m",surfing,white shark
2013-06-17,2013,Unprovoked,USA,Texas,"Surfside Beach, Brazoria County",Swimming,M,15.0,N,14h45,,swimming,unknown
2013-04-14,2013,Unprovoked,SOUTH AFRICA,Western Cape Province,False Bay,Free diving,M,,N,,Blue shark,diving,other shark
2013-03-16,2013,Unprovoked,SOUTH AFRICA,Western Cape Province,Hawston Beach,Surfing,M,,N,,,surfing,unknown
2012-12-25,2012,Unprovoked,SOUTH AFRICA,Eastern Cape Province,Port St. John's,Swimming,M,20.0,Y,,Tiger shark,swimming,tiger shark
2012-07-24,2012,Invalid,USA,North Carolina,"Ocean Isle, Brunswick County",,M,12.0,,11h45,Shark involvement not confirmed,other,other shark
2012-06-26,2012,Unprovoked,USA,Florida,"New Smyrna Beach, Volusia County",Surfing,M,26.0,N,15h00,,surfing,unknown
2011-06-06,2011,Unprovoked,USA,California,"La Jolla, San Diego County",Spearfishing,M,28.0,N,,"Sevengill shark, 6' to 8'",fishing,other shark
2011-05-21,2011,Unprovoked,NEW CALEDONIA,North Province,Kendec,Kite Boarding,M,15.0,Y,11h00,"Tiger shark, 2.8m",watercraft,tiger shark
2011-04-22,2011,Unprovoked,USA,Florida,"New Smyrna Beach, Volusia County",Surfing,M,49.0,N,15h30,1' to 2' shark,surfing,other shark
2011-04-16,2011,Unprovoked,NEW ZEALAND,South Island,Snapper Point,Surfing,M,41.0,N,Afternoon,possibly a bronze whaler shark,surfing,other shark
2010-12-01,2010,Unprovoked,EGYPT,South Sinai Peninsula,"Ras Nasrani, Sharm el-Sheikh",Snorkeling,M,46.0,N,10h55,Mako shark,other,other shark
2010-09-07,2010,Unprovoked,USA,Florida,"St. Augustine, St. John's County",Swimming,M,27.0,N,,3' shark,swimming,other shark
2009-12-20,2009,Watercraft,AUSTRALIA,Queensland,Mudjimba Island,Kayaking,M,,N,11h00,,watercraft,unknown
2009-10-28,2009,Unprovoked,AUSTRALIA,New South Wales,Lennox Heads,Paddle-boarding,F,17.0,N,07h00,,watercraft,unknown
2009-09-07,2009,Unprovoked,BRAZIL,Pernambuco,"Piedade, Recife","Swimming, attempting to rescue a girl  believed to be drowning",M,15.0,Y,Afternoon,,swimming,unknown
2009-07-24,2009,Invalid,SPAIN,Catalunya,Sant Salvador,Swimming,F,11.0,,10h15,Shark involvement questionable,swimming,other shark
2009-06-01,2009,Unprovoked,EGYPT,St. Johns Reef,Habili Gafar,Snorkeling,F,50.0,Y,Morning,"Oceanic whitetip shark, 2.5 to 3m",other,other shark
2009-01-24,2009,Watercraft,NEW ZEALAND,North Island,Alderman Islands,Fishing,,,N,19h00,,fishing,unknown
2009-01-13,2009,Unprovoked,SOUTH AFRICA,Western Cape Province,"Shark Alley, off Gansbaai",,,,Y,,White sharks,other,white shark
2008-12-01,2008,Unprovoked,MOZAMBIQUE,Inhambane Province,Chidenguele,Spearfishing,M,,Y,,Zambesi shark?,fishing,other shark
2008-07-24,2008,Unprovoked,USA,North Carolina,"Topsail Island, Pender County",Wading,F,8.0,N,13h00,3' to 4' shark,swimming,other shark
2008-07-19,2008,Unprovoked,USA,Florida,"New Smyrna Beach, Volusia County",Wading,M,16.0,N,13h55,4' shark,swimming,other shark
2008-07-18,2008,Unprovoked,EGYPT,,Daedalus Reef,Diving,M,,N,,Oceanic whitetip shark,diving,other shark
2008-04-08,2008,Unprovoked,AUSTRALIA,New South Wales,"Lighthouse Beach, Ballina",Body boarding,M,16.0,Y,08h05,Bull shark,watercraft,bull shark
2007-03-21,2007,Unprovoked,USA,Florida,Jupiter Inlet,Surfing,M,11.0,N,Evening,4' to 5' shark,surfing,other shark
2006-12-10,2006,Unprovoked,USA,California,"Dillon Beach, Marin County",Surfing,M,43.0,N,11h50,"White shark, 12' to 15'",surfing,white shark
2006-01-28,2006,Watercraft,ATLANTIC OCEAN,300 miles from Antigua,,Competing in the Woodvale Atlantic Rowing Race,M,,N,,12' shark,other,other shark
2005-10-25,2005,Unprovoked,ST. MAARTIN,Simpson Bay,Sunterra Beach,Standing,M,55.0,N,08h00,2' shark,swimming,other shark
2005-09-02,2005,Provoked,THAILAND,,On deck of fishing trawler 100 nautical miles offshore,Removing shark from net,M,21.0,Y,,"2 m [6.75'] shark, 200-kg shark T",other,other shark
2005-07-23,2005,Unprovoked,USA,Florida,"Ormond Beach, Volusia County",Surfing,M,61.0,N,11h30,,surfing,unknown
2005-06-27,2005,Unprovoked,USA,Florida,"Cape San Blas, Gulf County",Fishing,M,16.0,N,11h30,Bull shark,fishing,bull shark
2005-01-20,2005,Unprovoked,CUBA,Santiago de Cuba Province,Uvero,Swimming,M,19.0,N,,3 m [10'] shark,swimming,other shark
2004-10-31,2004,Unprovoked,CUBA,Camaguey Province,Santa Lucia,Diving,M,40.0,N,14h00,2.5 m [8.25'] bull shark,diving,other shark
2004-07-02,2004,Unprovoked,USA,Alabama,"Gulf Shores Beach, Baldwin County",Wading,M,7.0,N,16h40,4' to 5' shark,swimming,other shark
2003-11-30,2003,Unprovoked,AUSTRALIA,Western Australia,Perth? (Margaret River District),Swimming,M,,N,11h30,"Wobbegong shark, 1.2 m [4']",swimming,other shark
2003-10-05,2003,Unprovoked,USA,Florida,"Crawford Road beach approach at New Smyrna Beach, Volusia County",Sitting on surfboard,M,50.0,N,12h02,,surfing,unknown
2003-08-08,2003,Unprovoked,SOUTH AFRICA,Eastern Cape Province,Jeffrey’s Bay,Sitting on surfboard,M,16.0,N,08h00,3.5 m [11.5'] white shark,surfing,other shark
2003-06-24,2003,Unprovoked,USA,Hawaii,"Makua Beach, Oahu",Swimming with pod of dolphins,M,60.0,N,08h00,3.7 m to 4.3 m [12' to 14'] shark,swimming,other shark
2002-09-29,2002,Unprovoked,USA,Florida,"Sebastian Inlet, Brevard County",Surfing,M,32.0,N,07h30,,surfing,unknown
2002-03-25,2002,Unprovoked,USA,Hawaii,"Brenecke Beach, Po'ipu, Kaua'i",Body-boarding,M,17.0,N,12h00,Tiger shark,watercraft,tiger shark
2001-09-07,2001,Invalid,USA,South Carolina,"Waites Island, Horry County",Swimming,F,,N,,Shark involvement not confirmed,swimming,other shark
2001-09-02,2001,Unprovoked,USA,Florida,"Mayport Naval Station, Jacksonville, Duval Country",Wading,M,20.0,N,Afternoon,1.5 m [5'] shark,swimming,other shark
2001-08-18,2001,Unprovoked,USA,Florida,"New Smyrna Beach, Volusia County",Surfing,M,20.0,N,12h30,Possibly  a blacktip or spinner shark,surfing,other shark
2001-07-06,2001,Unprovoked,USA,Florida,Gulf Islands National Seashore,Swimming,M,8.0,N,Dusk,"Bull shark, 2.3 m [7.5']",swimming,bull shark
2001-05-01,2001,Unprovoked,FIJI,Taveuni,,"Spearfishing, carrying his catch",M,,Y,,,fishing,unknown
2000-09-10,2000,Unprovoked,USA,Florida,"Vero Beach, Indian River County",Swimming,M,8.0,N,17h42,,swimming,unknown
2000-05-07,2000,Unprovoked,PAPUA NEW GUINEA,Madang Province,"Long Island near Madang, about 500 km (310 miles) north of the South Pacific nation's capital of Port Moresby",Diving,M,,Y,,,diving,unknown
2000-03-14,2000,Unprovoked,AUSTRALIA,New South Wales,"McMasters Beach, Central Coast",Surfing,M,,N,19h30,"Tiger shark, 4 m [13'] ?",surfing,tiger shark
1999-07-04,1999,Unprovoked,USA,Florida,"Pensacola  Beach, Escambia County",Wading in school of baitfish,F,30.0,N,Afternoon,"Blacktip shark, 1.8 m [6']",swimming,other shark
1998-05-16,1998,Unprovoked,USA,Florida,"Walden Rocks, St. Lucie County",Swimming / surfing,M,24.0,N,15h00,,surfing,unknown
1997-02-03,1997,Watercraft,AUSTRALIA,New South Wales,"Iron Cove, Sydney",Rowing,F,49.0,N,,,other,unknown
1996-09-06,1996,Unprovoked,NEW ZEALAND,Chatham Islands,Waihere Bay,Diving for abalone,M,23.0,N,10h00,White shark,diving,white shark
1995-06-17,1995,Unprovoked,USA,Florida,"Jensen Beach Park, Martin County",Swimming,M,45.0,N,18h30?,1.8 m [6'] shark,swimming,other shark
1995-06-16,1995,Unprovoked,USA,Florida,"Tiger Shores Beach, Martin County",Swimming,F,10.0,N,14h00,6' shark,swimming,other shark
1995-03-05,1995,Unprovoked,BRAZIL,Maranhão,"Praia do Olho D'Água, São Luis",Swimming,,,Y,Afternoon,,swimming,unknown
1994-09-11,1994,Sea Disaster,USA,Florida,Florida Straits,Adrift on refugee raft,M,,Y,,,other,unknown
1994-07-09,1994,Unprovoked,REUNION,Saint-Denis,Barachois,Windsurfing,M,24.0,Y,13h45,3 to 3.5 m [10' to 11.5'] bull shark,surfing,other shark
1994-06-24,1994,Unprovoked,BAHAMAS,Grand Bahama Island,Freeport,Spearfishing,M,30.0,N,15h30,1.8 m [6'] shark,fishing,other shark
1992-08-18,1992,Unprovoked,USA,California,"Klamath River, Del Norte County",Surfing,M,22.0,N,17h00,5.5 m to 6 m [18' to 20'] white shark,surfing,other shark
1991-12-04,1991,Unprovoked,USA,California,"Shelter Cover, north of Fort Bragg, Shelter Cove, Mendocino County",Hookah diving for sea urchins,M,25.0,N,15h06,6 m [20'] white shark,diving,other shark
1991-07-01,1991,Unprovoked,USA,California,"8.5 miles south of Ano Nuevo State Reserve, Davenport County",Surfing,M,32.0,N,09h30,5 m [16.5'] white shark,surfing,other shark
1991-06-28,1991,Unprovoked,HONG KONG,Kowloon Peninsula,Sai Kung,Fishing,M,,Y,,,fishing,unknown
1989-11-22,1989,Unprovoked,AUSTRALIA,Victoria,Kilcunda,Surfing,M,32.0,N,,White shark,surfing,white shark
1989-06-03,1989,Unprovoked,SOUTH AFRICA,Eastern Cape Province,Gonubie,Free diving,M,28.0,N,15h30,2.5 m [8.25'] white shark,diving,other shark
1988-10-10,1988,Unprovoked,USA,Florida,"Playalinda, Brevard County",Surfing,M,23.0,N,18h30,1.2 m to 1.5 m [4' to 5'] shark,surfing,other shark
1988-01-05,1988,Provoked,SOUTH AFRICA,Western Cape Province,Great Brak River,"Returning to shore, collided with shark",,,N,,6 m shark,other,other shark
1987-04-19,1987,Invalid,SOUTH AFRICA,KwaZulu-Natal,Port Shepstone,Fishing,M,,,,Shark involvement prior to death was not confirmed,fishing,other shark
1987-02-19,1987,Sea Disaster,SOLOMON ISLANDS,Between Honiara & Isabel Island,,The inter-island ferry Vula sank in heavy weather,,,Y,,,other,unknown
1986-10-17,1986,Provoked,SOUTH AFRICA,KwaZulu-Natal,Umhlanga,NSB Meshing,M,,N,,"Raggedtooth shark, 1.96 m, 140-kg",other,other shark
1986-10-01,1986,Unprovoked,AUSTRALIA,Western Australia,"Direction Island, Cocos Islands",,,,,,,other,unknown
1985-11-11,1985,Provoked,AUSTRALIA,Queensland,Gladstone,Fishing,M,,N,Afternoon,1m shark,fishing,other shark
1985-11-03,1985,Provoked,USA,California,5 miles south of Redondo Beach,Fishing,M,24.0,N,,,fishing,unknown
1984-07-22,1984,Invalid,SOUTH AFRICA,Western Cape Province,Cape Point,Spearfishing,M,21.0,,11h00,Shark involvement prior to death was not confirmed,fishing,other shark
1983-12-24,1983,Unprovoked,AUSTRALIA,South Australia,"Dangerous Reef, South Neptune Island",Scuba diving for abalone,M,48.0,N,,12' white shark,diving,other shark
1983-06-29,1983,Unprovoked,USA,Florida,"Off 12th Street, Miami Beach",Swimming,M,42.0,N,11h00,,swimming,unknown
1983-03-10,1983,Unprovoked,USA,Florida,"Juno Beach, Palm Beach County",Surfing,M,,N,,,surfing,unknown
1981-02-02,1981,Unprovoked,USA,Florida,"Juno Beach, Palm Beach County",Surfing,M,15.0,N,13h30,1.8 m to 2.4 m [6' to 8'] hammerhead shark,surfing,other shark
,1980,Unprovoked,USA,North Carolina,"Emerald Isle Pier (near Morehead City), Carteret County",Surfing,M,,N,,,surfing,unknown
1979-11-27,1979,Unprovoked,USA,Oregon,"Haystack Rock, Cannon Beach, Clatsop County",Surfing,M,20.0,N,10h20,"White shark, 4 m [13']",surfing,white shark
1979-08-26,1979,Unprovoked,HONG KONG,Ho Ha Wan Marine Park,,,M,16.0,Y,,,other,unknown
1979-05-03,1979,Unprovoked,SOUTH AFRICA,KwaZulu-Natal,Mbibi,Scuba diving,M,,Y,>12h00,,diving,unknown
1979-04-08,1979,Unprovoked,USA,Florida,"Public Beach (Carlin Park), Jupiter, Palm Beach County",Swimming,M,24.0,N,13h20,,swimming,unknown
1976-07-16,1976,Unprovoked,USA,Hawaii,"Maha'ulepu, Koloa, Kaua'i",Scuba diving,M,18.0,Y,,,diving,unknown
1976-06-01,1976,Watercraft,AUSTRALIA,Queensland,Off Stradbroke Island,Sitting in bow of her father's 5 m boat,F,,N,,1.5 m [5'] shark,watercraft,other shark
1975-12-06,1975,Unprovoked,USA,California,Farallon Islands,Scuba diving & spearfishing,M,27.0,N,12h00,White shark,fishing,white shark
1975-10-12,1975,Unprovoked,AUSTRALIA,New South Wales,"Lennox Head, Ballina",Surfing,M,20.0,N,,Bronze whaler,surfing,other shark
1975-08-09,1975,Unprovoked,USA,California,"Usal Creek, Bear Harbor, Mendocino County",Free diving for abalone,M,44.0,N,13h30,White shark,diving,white shark
1975-07-23,1975,Unprovoked,USA,California,"Perch Rock, Point Conception, Santa Barbara County","Diving for abaone (Scuba, but at surface)",M,23.0,N,14h30,"White shark, 5.8 m [19']",surfing,white shark
1975-01-01,1975,Unprovoked,REUNION,,,,M,,Y,,,other,unknown
1973-01-01,1973,Unprovoked,PALAU,Aulong Island,Aulong Channel,Scuba diving (submerged),M,,N,,Tiger shark,diving,tiger shark
1972-10-21,1972,Unprovoked,AUSTRALIA,New South Wales,Tabourie Beach,Surfing,M,19.0,N,,"Bronze whaler shark, 10'",surfing,other shark
1972-06-10,1972,Unprovoked,USA,Florida,"Cocoa Beach, Brevard County",Surfing,M,22.0,N,11h30,4.5' shark,surfing,other shark
1971-12-23,1971,Unprovoked,AUSTRALIA,New South Wales,Smokey Cape,,,22.0,N,,,other,unknown
1970-12-17,1970,Unprovoked,MOZAMBIQUE,Inhambe Province,"Inhasoka, Inhambe Bay",Fishing for prawns,M,18.0,Y,15h00,,fishing,unknown
1970-09-02,1970,Provoked,AUSTRALIA,New South Wales,"Marineland, Sydney",,M,20.0,N,,,other,unknown
,1970,Unprovoked,IRAQ,Basrah,Shatt-al-Arab River,"Fishing, trying to catch the end of his fishing line",M,35.0,N,Afternoon,,fishing,unknown
1969-07-27,1969,Provoked,ENGLAND,,,,M,,N,,,other,unknown
1968-12-26,1968,Provoked,AUSTRALIA,New South Wales,"Marineland Aquarium, Manley, Sydney",Feeding mullet to sharks,M,27.0,N,Morning,"Grey nurse shark, 10'",other,other shark
1967-10-01,1967,Unprovoked,TONGA,,,Swimming,M,17.0,N,,,swimming,unknown
1967-09-13,1967,Provoked,ITALY,Brindisi Province,Brindisi,Scuba diving,M,21.0,,,2 m shark,diving,other shark
1967-09-01,1967,Unprovoked,PAPUA NEW GUINEA,New Ireland Province,"Lamassa Island, 16 miles from Lambon Island",Spearfishing,M,23.0,Y,,3.7 m [12'] shark,fishing,other shark
1967-08-27,1967,Provoked,USA,California,Ventura,Pulling shark from the water,M,24.0,N,14h30,5' blue shark,other,other shark
,1967,Provoked,AUSTRALIA,South Australia,Outer Harbor,,M,30.0,N,Morning,Bronze whaler shark,other,other shark
1966-12-27,1966,Provoked,AUSTRALIA,New South Wales,South West Rocks,Spearfishing,M,29.0,N,,"Grey nurse shark, 1.5 m [5']",fishing,other shark
1966-07-03,1966,Invalid,USA,Florida,"Key Biscayne, Miami, Dade County",Free diving,M,46.0,,07h00,Invalid,diving,unknown
,1966,Invalid,USA,California,"Huntington Beach, Orange County",Walking,F,15.0,,After lunch,Shark involvement not confirmed,other,other shark
1965-09-12,1965,Provoked,PAPUA NEW GUINEA,East Sepik,Moem Village near Wewak,Fishing (rod & line),M,,N,14h00,0.9 m [3'] shark,fishing,other shark
1965-08-26,1965,Unprovoked,USA,New Jersey,"Steel Pier, Atlantic City, Atlantic County",Swimming,M,15.0,N,17h30,,swimming,unknown
1964-07-27,1964,Provoked,USA,Puerto Rico,,,M,22.0,N,11h00,Nurse shark,other,other shark
1964-07-16,1964,Unprovoked,SOUTH AFRICA,KwaZulu-Natal,Island Rock,Searching for remains of  Dr. Marais,M,30.0,N,,Zambesi shark,other,other shark
1963-10-15,1963,Provoked,NORTH PACIFIC OCEAN,,,Fishing for sharks,M,20.0,N,,,fishing,unknown
,1962,Unprovoked,ITALY,Tyrrhenian Sea,"Circeo, Secca del Faro",Diving,M,,N,,White shark,diving,white shark
1962-06-25,1962,Invalid,USA,Florida,"Fernandina Beach, Nassau County",U.S. Airforce crewman reported missing after bailing out of jet,M,,,,Shark involvement not confirmed,other,other shark
1962-06-03,1962,Unprovoked,USA,Florida,"Riviera Beach, near Palm Beach Inlet, Palm Beach County",Free diving,M,31.0,N,12h00,,diving,unknown
1961-10-01,1961,Watercraft,VANUATU,Shefa Province,Lelepa Island,Paddling outrigger canoe,M,,N,,Two shark's teeth recovered from canoe,other,other shark
1961-09-24,1961,Provoked,TANZANIA,,Near entrance to Dar-es-Salaam Harbour,Fishing,M,42.0,N,07h00,,fishing,unknown
1961-04-17,1961,Provoked,SOUTH AFRICA,Eastern Cape Province,Port Elizabeth Oceanarium,Diving,M,,N,,2 m  yellow belly captive shark. Shark destroyed by aquarium staff next day,diving,other shark
1961-02-01,1961,Unprovoked,SOUTH AFRICA,Eastern Cape Province,Nahoon,Swimming,M,14.0,Y,14h50,"2.1 m [7'], 90-kg mako shark",swimming,other shark
1960-11-11,1960,Provoked,AUSTRALIA,Queensland,"Scott’s Point, Redcliffe Peninsula",Chasing shark out of bathing area while riding on a surf-ski,M,17.0,N,15h00,,surfing,unknown
1960-06-27,1960,Provoked,NORTH SEA,"Unknown, treated at Wick, SCOTLAND","On board  East German fishing trawler, I Mai",Fishing,M,18.0,N,,A small shark,fishing,other shark
1960-04-01,1960,Provoked,PHILIPPINES,Luzon Island,Bataan,"Fishing, hooked shark towed boat out to sea, storm swamped boat",M,,Y,,,fishing,unknown
1960-01-01,1960,Unprovoked,NICARAGUA,Pacific coast,San Jan del Sur,Bathing,M,,N,Morning,3.7 m to 4.6 m [12' to 15'] shark,swimming,other shark
1958-11-05,1958,Boat,USA,California,"Pacific Beach, San Diego County",Fishing,,,N,,White shark,fishing,white shark
1958-04-03,1958,Unprovoked,SOUTH AFRICA,KwaZulu-Natal,Port Edward,Swimming with goggles,M,29.0,Y,13h30,3 m [10'] shark,swimming,other shark
1957-01-05,1957,Unprovoked,SOUTH AFRICA,KwaZulu-Natal,Umgeni River Mouth,Wading,M,12.0,Y,,,swimming,unknown
1956-12-26,1956,Unprovoked,PAPUA NEW GUINEA,Milne Bay Province,Samarai Island (south end),Spearfishing,M,19.0,Y,13h00,2.4 m [8'] tiger shark caught 40 hours later with shorts of the boy in its gut,fishing,other shark
1956-12-24,1956,Unprovoked,PAPUA NEW GUINEA,Milne Bay Province,Samarai Island,Spearfishing,M,16.0,Y,12h00,,fishing,unknown
1954-11-20,1954,Unprovoked,USA,Wake Island,Wilkes Islet Lagoon (Pacific Ocean north of the Marshall Islands),Spearfishing,M,,N,15h00,"Blacktip reef shark, 1.5 m [5']",fishing,other shark
1953-09-27,1953,Unprovoked,PHILIPPINES,Luzon Island,Bohol,,M,23.0,Y,,,other,unknown
1953-07-11,1953,Sea Disaster,PACIFIC OCEAN,330 to 350 miles east of Wake Island,,Royal Hawaiian skymaster DC-6B aircraft went down with  58 passenger & crew,,,N,,,other,unknown
1952-04-06,1952,Watercraft,AUSTRALIA,South Australia,Streaky Bay,Fishing for white sharks,,,N,Morning,"White shark, 15'3, 2,333-lb",fishing,white shark
1951-12-16,1951,Provoked,AUSTRALIA,New South Wales,North Bondi,Spearfishing,M,18.0,N,,"Wobbegong shark, 1.8 m [6']",fishing,other shark
1951-09-29,1951,Unprovoked,ITALY,Salerno,Amalfi,Swimming,F,21.0,Y,,,swimming,unknown
1949-01-01,1949,Unprovoked,PAPUA NEW GUINEA,Bougainville (North Solomons),"Sohano Island, Buka Passage",Swimming close to wharf,M,,N,,,swimming,unknown
1947-03-12,1947,Unprovoked,SOUTH AFRICA,KwaZulu-Natal,"Country Club Beach, Durban",Wading,M,18.0,N,16h10,,swimming,unknown
1944-03-26,1944,Unprovoked,SOUTH AFRICA,KwaZulu-Natal,"Country Club Beach, Durban",Treading water,M,18.0,N,17h30,,swimming,unknown
1944-02-18,1944,Unprovoked,INDIA,,"Triplicane Beach, Chennai",Bathing,M,12.0,Y,,,swimming,unknown
1943-07-01,1943,Invalid,MEXICO,Veracruz,"Villa del Mar Beach, Veracruz",Swimming,M,68.0,,Between 11h00 & 12h00,Invalid,swimming,unknown
1942-06-04,1942,Unprovoked,USA,Midway Atoll,,"Plane crashed in water, men in life raft",M,,N,,,other,unknown
,1942,Unprovoked,PHILIPPINES,Camiguin Island,2 kilometres off Sagay,"Sailing from Gingood, Misamis Oriental to Sagay (normally a 2-day voyage) capsized with 6 on board, three men were taken by sharks when they attempted to swim to shore.",M,,Y,,,swimming,unknown
1941-08-05,1941,Invalid,AUSTRALIA,New South Wales,Parramata River,Swimming,M,,,,Shark involvement prior to death unconfirmed,swimming,other shark
1940-01-01,1940,Unprovoked,NEW GUINEA,Bwagaoia,"Bagalina, North coast Misima Island",,F,,Y,,,other,unknown
1939-12-14,1939,Unprovoked,AUSTRALIA,Queensland,"Rubbish Dump Creek, Mackay",Swimming,M,20.0,Y,12h15,2.6 m [8.5'] shark landed 2 hours later,swimming,other shark
1939-11-23,1939,Watercraft,AUSTRALIA,New South Wales,Wollongong,,,,N,,"Blue pointer, 16'",other,other shark
1938-07-18,1938,Unprovoked,USA,South Carolina,Charleston,Swimming,M,,N,,,swimming,unknown
1937-05-30,1937,Provoked,USA,Texas,Galveston,Fishing,M,,N,,4' shark,fishing,other shark
1937-01-01,1937,Unprovoked,AUSTRALIA,Torres Strait,,,M,,N,,,other,unknown
1936-11-27,1936,Provoked,AUSTRALIA,Torres Strait,Near Thursday Island,Spearfishing,M,,N,,0.9 m [3']  shark,fishing,other shark
1936-08-01,1936,Watercraft,USA,North Carolina,"Pamlico Sound off Frisco, Dare County",Fishing,M,13.0,N,,,fishing,unknown
1934-01-07,1934,Unprovoked,AUSTRALIA,New South Wales,Queenscliff,Swimming on sandbar adjacent to channel,M,22.0,N,15h30,4.3 m [14'] shark seen in area previous week,swimming,other shark
1932-01-27,1932,Unprovoked,AUSTRALIA,Queensland,Ipswich,Swimming,M,,N,Afternoon,A small shark,swimming,other shark
1931-09-21,1931,Unprovoked,USA,Florida,"Municipal Beach, West Palm Beach, Palm Beach County",Swimming,F,20.0,N,,"Hammerhead shark, 2.4 m [8'], according to lifeguard Sam Barrows",swimming,other shark
1929-04-11,1929,Provoked,AUSTRALIA,Queensland,"Bribie Passage, Caloundra",Standing in knee-deep water,M,19.0,N,13h45,"Grey nurse shark, 4'",swimming,other shark
1929-01-14,1929,Unprovoked,NEW ZEALAND,North Island,"Miranda Head, Hauriki Gulf",Bathing,F,,N,,,swimming,unknown
1928-04-09,1928,Unprovoked,JAMAICA,Kingston Parish,"Coal wharf, Port Royal",Diving,M,,Y,Evening,,diving,unknown
1927-05-09,1927,Unprovoked,AUSTRALIA,Queensland,Off Cairns,Walking,M,,Y,,,other,unknown
1926-01-01,1926,Unprovoked,SINGAPORE,,Sea View Beach,Dived onto shark from floating stage,F,,Y,,,diving,unknown
1925-08-02,1925,Unprovoked,USA,South Carolina,"Folly Island, near Charleston",Swimming,F,,N,,,swimming,unknown
1923-05-22,1923,Unprovoked,AUSTRALIA,Queensland,Great Barrier Reef,Diving?,M,,Y,Midday,,diving,unknown
1921-11-27,1921,Unprovoked,AUSTRALIA,Queensland,"Gay’s Corner, Bulimba Reach of Brisbane River","Wading to dinghy, carrying his son",M,40.0,N,Morning,,swimming,unknown
1916-06-23,1916,Provoked,USA,Florida,,,M,26.0,N,,,other,unknown
1914-09-26,1914,Unprovoked,JAMAICA,Kingston Parish,Port Royal,Fell overboard,M,,Y,,A 20' shark known as Old Tom,watercraft,other shark
1910-06-08,1910,Sea Disaster,MOZAMBIQUE,Zambesi River,Portuguese territory,"Steamer Durao struck rock & filled, boats capsized, passengers & crew tried to swim to shore",,,Y,,,swimming,unknown
1906-10-10,1906,Unprovoked,USA,Hawaii,,,M,,N,,,other,unknown
1906-10-10,1906,Unprovoked,USA,Hawaii,,Swimming,M,,Y,,,swimming,unknown
1901-07-17,1901,Invalid,ITALY,Syracuse,Capo Santa Croce,Swimming,M,20.0,,,Questionable,swimming,unknown
1895-11-16,1895,Unprovoked,AUSTRALIA,New South Wales,Jervis Bay,Fishing,M,,Y,,,fishing,unknown
1895-05-21,1895,Sea Disaster,BAHAMAS,Bimini Islands,Off Gun Cay,Sea Disaster : Wreck of the Carrie E. Long,M,,N,,,other,unknown
1894-04-28,1894,Unprovoked,BURMA,Rangoon,Amherst,Bathing,F,,Y,,,swimming,unknown
1892-04-21,1892,Unprovoked,BAHAMAS,Out Islands,,Fell overboard from sponge vessel,M,,Y,,16' shark,watercraft,other shark
1892-01-01,1892,Provoked,AUSTRALIA,Torres Strait,Badu Island,Dress diving,M,,Y,,,diving,unknown
1890-12-27,1890,Unprovoked,BRITISH NEW GUINEA,Woodlark Islands,Off Panamota,Thrown overboard,M,18.0,N,,,watercraft,unknown
1877-12-12,1877,Unprovoked,AUSTRALIA,New South Wales,Near Sydney,Washed overboard from the barque Mary Eady,M,,Y,,,watercraft,unknown
1874-06-15,1874,Unprovoked,KIRIBATI,Gilbert Islands,Beru,Escaping from blackbirding vessel,M,,Y,,,other,unknown
1872-08-07,1872,Invalid,CROATIA,,Fiume,Fishing,M,,,,Invalid,fishing,unknown
1871-08-29,1871,Unprovoked,USA,Hawaii,,Fishing,M,,N,,,fishing,unknown
,1871,Unprovoked,AUSTRALIA,Queensland,Brisbane River,,M,,N,,,other,unknown
1866-04-24,1866,Invalid,AUSTRALIA,Western Australia,Off De Grey river,Fell overboard,M,,,,Shark involvement prior to death unconfirmed,watercraft,other shark
1865-07-14,1865,Unprovoked,USA,Texas,Brazos,Bathing,M,,Y,,,swimming,unknown
1865-03-01,1865,Watercraft,SOUTH AFRICA,Western Cape Province,St. Helena Bay,Fishing,M,,Y,,,fishing,unknown
1847-11-30,1847,Unprovoked,AUSTRALIA,Queensland,Brisbane River,Swimming,M,,N,,,swimming,unknown
1827-06-01,1827,Unprovoked,SIERRA LEONE,Western Area,Tombo Island in the Sierra Leone River,Swimming,M,,N,,,swimming,unknown
1755-01-01,1755,Unprovoked,SWEDEN,Skagerrak arm of the North Sea,Bohuslän,,M,,,,,other,unknown
1733-01-01,1733,Invalid,ICELAND,Bardestrand,Talkknefiord,,,,,,Shark involvement prior to death unconfirmed,other,other shark
2022-09-03,2022,Unprovoked,USA,Hawaii,"Lower Paia Beach Park, Maui",Swimming  or Snorkeling,F,51.0,N,16h10,,swimming,unknown
2022-07-03,2022,Unprovoked,USA,New York,"Smith Point Beach, Suffolk County",Lifeguard Exercises,M,,N,10h15,5'shark,other,other shark
2022-03-15,2022,Unprovoked,NEW ZEALAND,South Island,Cobden,Surfing,M,,N,,,surfing,unknown
2022-02-21,2022,?,BAHAMAS,Grand  Bahama Island,Tiger Beach,Diving,M,51.0,N,12h50,,diving,unknown
2021-09-03,2021,Unprovoked,British Overseas Territory,Turks and Caicos,,,M,,N,,,other,unknown
2021-01-07,2021,Unprovoked,NEW ZEALAND,North Island,"Waihī  Beach, Bay of Plenty",Swimming,F,19.0,Y,17h10,,swimming,unknown
2020-12-06,2020,Unprovoked,USA,Oregon,"Seaside Cove, Clatsop County",Surfing,M,20.0,N,15h20,,surfing,unknown
2020-11-02,2020,Unprovoked,AUSTRALIA,New South Wales,"Town Beach, Port Macquarie",Surfing,M,13.0,N,06h00,,surfing,unknown
2020-08-22,2020,Unprovoked,USA,Florida,"St. Augustine Beach, Anastasia Island, St. Johns County",Surfing,M,14.0,N,Morning,4' to 5' shark,surfing,other shark
2020-07-11,2020,Unprovoked,AUSTRALIA,New South Wales,Wilsons Headland,Surfing,M,15.0,Y,14h30,"White shark, 2.5 m",surfing,white shark
2020-06-20,2020,Unprovoked,USA,North Carolina,"Salvo, Dare County",Body Surfing,M,16.0,N,16h00,,surfing,unknown
2020-04-06,2020,Unprovoked,AUSTRALIA,New South Wales,Wamberal Beach,Surfing,M,38.0,N,10h00,6' shark,surfing,other shark
2020-01-17,2020,Unprovoked,AUSTRALIA,New South Wales,Windang Beach,Surfing,M,59.0,N,08h00,A small shark,surfing,other shark
2019-05-14,2019,Unprovoked,USA,Hawaii,"Browns, Oahu",Surfing,M,,N,08h30,8' shark,surfing,other shark
2018-09-19,2018,Unprovoked,JAMAICA,St. Marys Parish,James Bond Beach,Spearfishing,M,43.0,Y,,,fishing,unknown
2018-08-15,2018,Questionable,USA,Maryland,"Rhode River, Chesapeake Bay",,M,,N,Sunset,,other,unknown
2018-06-18,2018,Unprovoked,USA,Georgia,"St. Simon Island, Glynn County",Standing,F,11.0,N,14h00  -15h00,,swimming,unknown
,2018,Unprovoked,EGYPT,,Brothers Island,Scuba Diving,M,,N,,Oceanic whitetip shark,diving,other shark
2018-05-24,2018,Provoked,AUSTRALIA,Queensland,Cairns Aquarium,Feeding sharks,M,32.0,N,Morning,Grey reef shark,other,other shark
2018-04-14,2018,Unprovoked,BAHAMAS,New Providence,Nirvana Beach,Surfing,M,,N,09h30,Tiger shark,surfing,tiger shark
2018-03-14,2018,Unprovoked,AUSTRALIA,Western Australia,Waterman's Bay,Wading,M,10.0,N,17h35,Wobbegong shark,swimming,other shark
2018-01-17,2018,Unprovoked,FRENCH POLYNESIA,,"Makemo atoll,",Surfing,M,45.0,N,08h00,"Sicklefin Lemon Shark,",surfing,other shark
2017-11-02,2017,Unprovoked,USA,Hawaii,Makaha,Surfing,M,,N,14h15,,surfing,unknown
2017-07-22,2017,Unprovoked,USA,Florida,"Snipes Point, Monroe County",,F,40.0,N,12h30,A small shark,other,other shark
2017-04-22,2017,Unprovoked,"ST HELENA, British overseas territory",Ascension Island,English Bay,Snorkeling,F,40.0,N,16h00,,other,unknown
2017-04-10,2017,Unprovoked,USA,Florida,"Melbourne Beach, Brevard County",Paddle boarding,F,10.0,N,17h45,,watercraft,unknown
2017-04-06,2017,Unprovoked,USA,Florida,"Daytona, Volusia County",Swimming,M,16.0,N,,,swimming,unknown
2016-09-11,2016,Unprovoked,USA,Florida,"Ponte Vedra, St. Johns County",Wading,M,,N,15h15,3' to 4' shark,swimming,other shark
2016-07-07,2016,Watercraft,USA,California,"Off Palos Verdes peninsula, Los Angeles County",Fishing,M,,N,,White shark,fishing,white shark
2016-05-21,2016,Unprovoked,USA,Florida,"Hugenot Beach , Jacksonville, Duval County",Swimming,F,11.0,N,17h46,,swimming,unknown
2016-05-01,2016,Unprovoked,USA,Louisiana,,Wading,F,33.0,N,,"Blacktip shark, juvenile",swimming,other shark
2016-03-02,2016,Unprovoked,BRAZIL,Santa Catarina State,Escalerio Beach Balneário Camboriú,Swimming,M,41.0,N,,Sandtiger shark,swimming,other shark
2016-01-28,2016,Unprovoked,USA,Hawaii,"Hanalei Bay, Kauai",Surfing,M,,N,14h00,"Reef shark, 5'",surfing,other shark
2015-10-28,2015,Unprovoked,USA,Hawaii,"Malaka, Oahu",Body boarding,M,10.0,N,14h50,,watercraft,unknown
2015-08-29,2015,Unprovoked,USA,California,"Morro Strand State Beach, San Luis Obispo County",Surfing,F,54.0,N,10h25,"White shark, 11' to 12'",surfing,white shark
2015-08-29,2015,Unprovoked,USA,California,"Morro Bay, San Luis Obispo County",Surfing,M,21.0,N,10h00,"White shark, 10' to 12'",surfing,white shark
2015-08-18,2015,Watercraft,USA,California,Santa Barbara County,Kayak Fishing,M,22.0,N,07h30,"White shark, 13'",fishing,white shark
2015-05-09,2015,Unprovoked,NEW CALEDONIA,,Kouare,Snorkeling,M,50.0,Y,,"Bull shark, 3.5 m",other,bull shark
2014-08-16,2014,Unprovoked,AUSTRALIA,Western Australia,Gnaraloo,Spearfishing,M,31.0,N,,reef shark,fishing,other shark
2014-08-01,2014,Invalid,,,,Sea disaster,M,,,,Shark involvement not confirmed,other,other shark
2014-07-09,2014,Unprovoked,USA,Florida,"New Smyrna Beach, Volusia County",Surfing,M,14.0,N,14h00,,surfing,unknown
2014-05-11,2014,Unprovoked,USA,Georgia,"Tybee Island, Chatham County",Surfing,M,12.0,N,,Shark involvement not confirmed,surfing,other shark
2014-03-18,2014,Unprovoked,NEW CALEDONIA,Baie de Sainte-Marie,,Kite Surfing,M,42.0,N,17h58,,surfing,unknown
2013-11-29,2013,Unprovoked,USA,Hawaii,"Keawekapu Beach, Kihei, Maui",Snorkeling,F,58.0,N,13h00,,other,unknown
2013-10-28,2013,Unprovoked,AUSTRALIA,Western Australia,Turquoise Bay,Snorkeling,F,60.0,N,Afternoon,"Blacktip reef shark, 1m",other,other shark
2013-10-23,2013,Unprovoked,USA,Hawaii,"Waiehu, Maui",Diving,M,45.0,N,15h55,"Whitetip reef shark, 4' to 6'",diving,white shark
2013-04-28,2013,Provoked,AUSTRALIA,New South Wales,Emerald Beach,Fishing,M,,N,,"Wobbegong, 2m",fishing,other shark
2012-11-04,2012,Unprovoked,USA,Hawaii,"Davidson's Surf Break, Kekaha, Kaua'i",Surfing,M,43.0,N,08h10,"Tiger shark, 8'",surfing,tiger shark
2012-08-04,2012,Unprovoked,FRENCH POLYNESIA,Tuamotus,Kaukura Atoll,Spearfishing,M,,N,,"Lemon shark, 2.5m to 3m",fishing,other shark
2012-07-14,2012,Unprovoked,AUSTRALIA,Western Australia,Off Wedge Island,Surfing,M,24.0,Y,09h05,"White shark, 5m",surfing,white shark
2012-06-22,2012,Unprovoked,USA,Florida,"Bathtub Reef  Beach, Stuart, Martin County",Swimming,M,12.0,N,16h30,,swimming,unknown
2012-06-14,2012,Unprovoked,USA,South Carolina,"Myrtle Beach, Horry County",Swimming,M,16.0,N,13h20,Blacktip shark,swimming,other shark
2012-04-03,2012,Unprovoked,USA,Hawaii,"Leftovers near Chun's Reef, Oahu",Surfing,M,28.0,N,12h38,"Tiger shark, 10'",surfing,tiger shark
2012-01-19,2012,Unprovoked,AUSTRALIA,Western Australia,Coral Bay,Snorkeling,M,26.0,N,Afternoon,"Tiger shark, 3m",other,tiger shark
2011-11-20,2011,Unprovoked,PAPUA NEW GUINEA,East New Britain,Pigeon Island,Scuba diving,M,,N,,,diving,unknown
2011-09-04,2011,Unprovoked,USA,Hawaii,"Nimitz State Beach, Oahu",Surfing,,,N,13h00,,surfing,unknown
2011-08-24,2011,Unprovoked,USA,North Carolina,"Buxton Beach, Dare County",Surfing,M,21.0,N,,,surfing,unknown
2011-08-24,2011,Unprovoked,USA,North Carolina,Holden Beach. Brunswick County,,M,10.0,N,15h30,,other,unknown
2011-07-13,2011,Unprovoked,BAHAMAS,Grand Bahama Island,Off Lucaya,Scuba diving,M,54.0,N,12h30,,diving,unknown
2010-10-23,2010,Unprovoked,USA,Maine,"Burnt Cove near Eastport, Washington County",Scuba diving,M,30.0,N,Afternoon,"Porbeagle shark, 8'",diving,other shark
2010-10-02,2010,Unprovoked,BAHAMAS,Abaco Islands,Elbow Cay,Surfing,F,,N,15h00,Possibly a 6' lemon shark,surfing,other shark
2010-07-11,2010,Provoked,USA,Florida,"Lauderdale-by-the-Sea, Broward County",Fishing,M,,N,,"Nurse shark, juvenile",fishing,other shark
2010-01-27,2010,Unprovoked,AUSTRALIA,Queensland,Archie's Beach,Surfing,M,,N,16h30,,surfing,unknown
2010-01-09,2010,Unprovoked,VIETNAM,Binh Dinh Province,Quy Nhon,,F,,N,,,other,unknown
2010-01-06,2010,Unprovoked,USA,Florida,Elliot Key,Spearfishing,M,32.0,N,10h15,,fishing,unknown
2009-05-12,2009,Provoked,GUAM,North Region,Ritidian Point,Spearfishing,M,27.0,N,Afternoon,"Blacktip shark, 4'",fishing,other shark
2008-01-14,2008,Watercraft,NEW ZEALAND,North Island,Omaha Beach,Attempting to chase shark out to sea,,,N,14h00,"Bronze whaler shark, 4m",other,other shark
2007-09-20,2007,Unprovoked,USA,Florida,"New Smyrna Beach, Volusia County",Surfing,M,23.0,N,18h20,3' shark,surfing,other shark
2007-09-13,2007,Unprovoked,USA,Florida,"Lauderdale-by-the-Sea, Broward County",Snorkeling,M,14.0,N,16h00,"Nurse shark, 2' to 3'",other,other shark
2006-08-20,2006,Unprovoked,REUNION,Saint-Pierre,Pointe du Diable,Surfing,M,34.0,Y,11h00,,surfing,unknown
2006-07-08,2006,Unprovoked,USA,South Carolina,"Debordieu Beach, Georgetown County",Body boarding,F,14.0,N,11h00,5' to 6' spinner or bull shark,watercraft,other shark
2006-06-15,2006,Unprovoked,USA,Florida,"New Smyrna Beach, Volusia County",Surfing,M,24.0,N,15h30,2' to 3' shark,surfing,other shark
2006-04-13,2006,Provoked,USA,Florida,"Port of the Islands, Collier County",Fishing,M,35.0,N,Afternoon,"Bull shark, 4' to bull shark",fishing,bull shark
2006-01-04,2006,Unprovoked,USA,Florida,"Round Island Park, Indian River County",Surfing,M,21.0,N,16h45,4' shark,surfing,other shark
2005-11-15,2005,Provoked,SOUTH AFRICA,Eastern Cape Province,Aston Bay,Fishing for sharks,M,32.0,N,14h00,"Raggedtooth shark, 2.5m",fishing,other shark
2005-11-12,2005,Unprovoked,USA,Florida,"New Smyrna  Beach, Volusia County",Surfing,M,18.0,N,13h00,6' shark,surfing,other shark
2005-10-06,2005,Unprovoked,USA,Florida,"Ponce Inlet, Volusia County",Treading water/ Surfing,M,48.0,N,16h05,,surfing,unknown
2004-02-11,2004,Unprovoked,AUSTRALIA,New South Wales,Caves Beach,Snorkeling,M,22.0,N,,60 cm [23.6] blind or brown shark,other,other shark
2004-01-23,2004,Unprovoked,URUGUAY,Rocha,Ensenada de la Coronilla,Surfing,M,21.0,N,,Possibily a  1.5 to 2 m sandtiger shark,surfing,other shark
2004-01-03,2004,Sea Disaster,EGYPT,Sinai Peninsula,Off Sharm El-Sheikh,Air disaster. Flash Airlines Boeing 737 crashed into the Red Sea,,,Y,03h00,,other,unknown
2003-04-21,2003,Unprovoked,USA,Florida,"Shepard Park, Cocoa Beach, Brevard County",Surfing,M,17.0,N,13h30,Unidentified species,surfing,unknown
2003-04-19,2003,Unprovoked,USA,Florida,"New Smyrna Beach, Volusia County",Jumping,M,11.0,N,13h20,A “small” shark,other,other shark
2002-11-11,2002,Unprovoked,USA,Florida,"Ponce Inlet, New Smyrna Beach, Volusia County",Surfing,M,21.0,N,13h40,6' shark,surfing,other shark
2002-07-04,2002,Unprovoked,USA,North Carolina,"Wrightsville Beach, New Hanover County",Standing,F,9.0,N,17h15,"1.2 m to 1.5 m [4' to 5'] shark, possibly a bull shark",swimming,other shark
2002-06-20,2002,Unprovoked,USA,Florida,"New Smyrna Beach, Volusia County",Swimming,F,11.0,N,14h25,,swimming,unknown
2002-06-09,2002,Unprovoked,USA,Florida,"South of Ponce Inlet, New Smyrna Beach, Volusia County",Surfing,M,50.0,N,10h40,,surfing,unknown
2002-05-31,2002,Unprovoked,USA,Florida,"St. George Island (near Apachicola), Franklin County",Floating on a raft,M,16.0,N,16h15,1 m  shark,other,other shark
2002-03-03,2002,Invalid,NEW CALEDONIA,Loyalty Islands,Lifou,Spearfishing,M,44.0,,,Shark involvement prior to death unconfired,fishing,other shark
2001-09-08,2001,Provoked,USA,Florida,"Everglades National Park, Monroe County",Fishing,M,44.0,N,,,fishing,unknown
2001-08-31,2001,Unprovoked,BAHAMAS,Abaco Islands,North of Grand Cay,Spearfishing,M,44.0,N,13h30,3 m [10'] bull shark,fishing,other shark
2001-07-21,2001,Watercraft,USA,Massachusetts,Chatham Island,Fishing,,,N,,"Mako shark, 14'",fishing,other shark
2001-07-15,2001,Unprovoked,USA,Florida,"Santa Rosa Island, Escambia County",Surfing,M,48.0,N,14h30,,surfing,unknown
2001-07-15,2001,Unprovoked,USA,Florida,"Amelia Island, Nassau County",Boogie boarding,M,18.0,N,14h30,0.9 m  [3'] shark,watercraft,other shark
2001-07-06,2001,Unprovoked,MEXICO,Baja California,Ensenada,Surfing,M,42.0,N,Evening,,surfing,unknown
2001-05-04,2001,Unprovoked,AUSTRALIA,New South Wales,Noraville,Surfing,M,,N,17h45,,surfing,unknown
2001-04-02,2001,Unprovoked,AUSTRALIA,New South Wales,Nambucca River Entrance,Surfing,M,40.0,N,10h00,Bronze whaler shark,surfing,other shark
2000-10-29,2000,Watercraft,AUSTRALIA,Queensland,Peel Island,Fishing,,31.0,N,22h00,White shark,fishing,white shark
2000-09-11,2000,Unprovoked,USA,Florida,"Daytona Beach Shores, Volusia County",Swimming / Body surfing,M,25.0,N,13h20,60 cm to 90 cm [2' to 3'] shark,surfing,other shark
2000-07-16,2000,Unprovoked,SOUTH AFRICA,Eastern Cape Province,"Nahoon, East London",Surfing,M,15.0,N,,,surfing,unknown
2000-06-10,2000,Unprovoked,USA,Texas,"J.P. Luby Surf Park, Corpus Christi",Surfing,M,17.0,N,16h00,"Blacktip shark, 1.2 m to 1.8 m [4' to 6']",surfing,other shark
1999-09-04,1999,Unprovoked,USA,Florida,"Ponce Inlet, Volusia County",Wading with surfboard,M,39.0,N,19h00,,surfing,unknown
1999-08-26,1999,Unprovoked,USA,Florida,"Bethune Beach, south of New Smyrna Beach, Volusia County",Surfing,M,28.0,N,14h30,a small shark,surfing,other shark
1999-08-05,1999,Unprovoked,USA,Florida,"New Smyrna Beach, Volusia County",Body surfing,M,62.0,N,11h25,4' to 5' shark,surfing,other shark
1999-07-21,1999,Unprovoked,USA,Hawaii,Honoli'i in Hilo (west side of Big Island),Surfing,M,43.0,N,10h28,"Tiger shark, 1.8 m to 2.4 m [6' to 8']",surfing,tiger shark
1997-08-14,1997,Unprovoked,MEXICO,Quintana Roo,"Santa Rosa, Cozumel",SCUBA diving,M,33.0,Y,,"Tiger shark, 5.2 m [17']",diving,tiger shark
1997-08-02,1997,Unprovoked,USA,Florida,"New Smyrna Beach, Volusia County",Wading / Surfing,M,19.0,N,09h15,juvenile shark,surfing,other shark
1996-02-09,1996,Unprovoked,PAPUA NEW GUINEA,Madang Province,Madang,,,,N,,,other,unknown
1995-09-30,1995,Unprovoked,USA,Florida,"North Beach, Hutchinson Island, St. Lucie County",Surfing,M,17.0,N,,,surfing,unknown
1995-09-28,1995,Unprovoked,USA,California,"Davenport Landing, Santa Cruz County",Windsurfing,M,25.0,N,17h30,4 m [13'] white shark,surfing,other shark
1995-08-01,1995,Invalid,USA,California,"Carmel, Monterey County",Diving,M,,,,Invalid,diving,unknown
1994-01-01,1994,Unprovoked,USA,Florida,"Flagler Beach, Flagler County",Surfing,M,,N,,Blacktip shark,surfing,other shark
1993-11-21,1993,Unprovoked,AUSTRALIA,Western Australia,A pearl  farm in Roebuck Bay,Hookah diving,M,27.0,Y,15h15,Tiger shark caught 6 days later with diver’s remains in its gut,diving,tiger shark
1993-09-16,1993,Unprovoked,EL SALVADOR,La Libertad,near El Cocal Beach,Surfing,,15.0,N,,3.7 m [12'] white shark,surfing,other shark
1993-02-18,1993,Sea Disaster,TONGA,Tongapatu Group,Between 'Ata and Tongapatu,Sea disaster,M,,N,Afternoon,1.5 m [5'] shark,other,other shark
1992-12-23,1992,Unprovoked,USA,Hawaii,"Chun's Reef, Laniakea, O'ahu",Lying on surfboard,M,30.0,N,17h30,"Tiger shark, 3 m to 4.9 m [10' to 16']",surfing,tiger shark
1992-11-12,1992,Unprovoked,FIJI,Wakaya Island,,Scuba diving,M,30.0,N,,3 m hammerhead shark,diving,other shark
1992-09-01,1992,Unprovoked,USA,Florida,St Lucie County,Surf fishing,M,,N,,,surfing,unknown
1992-01-08,1992,Unprovoked,SOUTH AFRICA,KwaZulu-Natal,Sheffield Beach,Spearfishing,M,36.0,N,17h15,Possibly a 1.5 m [5'] blacktip shark,fishing,other shark
1991-11-19,1991,Unprovoked,USA,Hawaii,"Maliko Point, Maui","Fishing from rocks, swept out to sea by large wave & treading water",M,,Y,16h30,"Tiger shark, 3.7 m [12']",swimming,tiger shark
1991-07-18,1991,Unprovoked,USA,Florida,150 miles from Crystal River,Swimming from makeshift raft  to life vest after fishing boat sank,M,42.0,N,,1.8 m [6'] blacktip shark,swimming,other shark
1991-04-03,1991,Unprovoked,USA,Hawaii,"One'ula Beach Park, 'Ewa Beach, O'ahu",Sitting on surfboard,M,,N,17h30,Shark had a very large girth,surfing,other shark
1990-08-19,1990,Unprovoked,USA,Texas,"Mustang Island, Nueces County",Surfing,M,,N,,,surfing,unknown
1989-10-29,1989,Unprovoked,AUSTRALIA,Northern Territory,Edith Falls,Swimming,F,31.0,N,,,swimming,unknown
1989-06-29,1989,Unprovoked,USA,Hawaii,"Anahola, Kaua'i",Fell off surfboard 20' from shore,M,,N,,,surfing,unknown
1989-06-06,1989,Unprovoked,ITALY,Tuscany,"Marinella, between Punta Blanca & Marine del Carrara",Windsurfing (urinating on his board),M,,N,15h30,3 m [10'] white shark,surfing,other shark
1988-10-22,1988,Unprovoked,AUSTRALIA,Victoria,Phillip Island,Surfing,M,38.0,N,,7' shark,surfing,other shark
1988-03-14,1988,Unprovoked,REUNION,Saint-Pierre,Pic du Diable,Surfing,M,,N,18h30 (Sunset),,surfing,unknown
1988-02-02,1988,Unprovoked,Fiji,Vanua Levu,,Diving,M,22.0,N,,"Tiger shark, 3 m",diving,tiger shark
1987-07-12,1987,Unprovoked,USA,Texas,"Mustang Island, near Port Aransas",Body surfing,F,32.0,N,18h30,4' shark,surfing,other shark
1985-02-03,1985,Unprovoked,USA,Florida,"15 miles north of Sebastian Inlet, Brevard County",Surfing,M,16.0,N,Afternoon,,surfing,unknown
1983-08-20,1983,Unprovoked,SOUTH AFRICA,Western Cape Province,"Seal Island, False Bay",Spearfishing,M,29.0,N,10h00,5 m [16.5'] white shark,fishing,other shark
1983-07-05,1983,Unprovoked,USA,Florida,"Riviera Beach, Palm Beach County",Floating on air mattress,M,17.0,N,,,other,unknown
1982-02-17,1982,Provoked,SOUTH AFRICA,Western Cape Province,Mossel Bay,Fishing,M,,N,,,fishing,unknown
1981-09-03,1981,Unprovoked,USA,Florida,"Cocoa Beach, Brevard County",Surfing,M,24.0,N,Morning,,surfing,unknown
1981-08-29,1981,Unprovoked,USA,Florida,"New Smyrna Beach, Volusia County",Surfing,M,15.0,N,,6' shark,surfing,other shark
1979-12-05,1979,Invalid,PORTUGAL,Madeira Islands,"Sao Jorge, Madeira Island",Spearfishing,M,19.0,Y,,White shark?,fishing,white shark
1979-10-22,1979,Provoked,SOUTH AFRICA,Eastern Cape Province,Algoa Bay,Fishing,M,,N,,"Raggedtooth shark, 50-kg [110-lb], 2 m [6.75'] gaffed",fishing,other shark
1979-02-21,1979,Unprovoked,SOUTH AFRICA,Eastern Cape Province,Port Alfred,"Surfing, collided with shark",M,19.0,N,13h15,1.5 m to 2 m [5' to 6.75'] shark,surfing,other shark
1978-08-01,1978,Unprovoked,USA,Florida,Florida Straits,Floating on inner tube raft,M,27.0,N,,,other,unknown
1975-11-19,1975,Unprovoked,AUSTRALIA,New South Wales,"Queenscliff, Sydney",Standing,M,20.0,N,,5' shark,swimming,other shark
1975-07-26,1975,Unprovoked,AUSTRALIA,Queensland,Maroochydore,Surfing,M,21.0,N,,12' shark,surfing,other shark
1975-07-15,1975,Unprovoked,USA,Florida,"New Smyrna Beach, Volusia County",Swimming,F,14.0,N,Mid-morning,1.2 m [4'] shark,swimming,other shark
1975-07-05,1975,Provoked,AUSTRALIA,Western Australia,"15 km north of Lancelin, north of Perth",Spearfishing,M,29.0,N,,2.4 m [8'] whaler shark,fishing,other shark
1975-03-13,1975,Provoked,AUSTRALIA,Queensland,Southport Aquarium,Diving & force-feeding the shark,,18.0,N,,"Bronze whaler shark, 6'",diving,other shark
1974-12-12,1974,Unprovoked,AUSTRALIA,Western Australia,Geographe Bay,,,32.0,N,,,other,unknown
1973-11-24,1973,Unprovoked,USA,Florida,"Ormond By The Sea, Volusia County",Surfing,M,13.0,N,Afternoon,,surfing,unknown
1970-12-13,1970,Unprovoked,MOZAMBIQUE,Inhambe Province,"Inhambe Bay Estuary, 10 to 12 miles inland from the sea",Fishing for prawns,M,,Y,,,fishing,unknown
1970-07-05,1970,Unprovoked,,,,,M,,N,Night,Mako shark,other,other shark
1970-03-31,1970,Invalid,USA,Hawaii,"Waimea Bay, O'ahu",Body surfing,M,,,,Shark involvement prior to death was not confirmed,surfing,other shark
1969-08-29,1969,Unprovoked,USA,Florida,"North Beach, St. Lucie County",Floating on his back,M,,N,Afternoon,,other,unknown
1968-03-01,1968,Invalid,USA,Florida,Florida Keys,Treading water,M,28.0,,Night,Invalid,swimming,unknown
1967-07-29,1967,Unprovoked,USA,Florida,Florida Keys,Snorkeling,M,20.0,N,Afternoon,,other,unknown
1966-08-28,1966,Watercraft,AUSTRALIA,Northern Territory,Darwin Harbour,,M,,N,,,other,unknown
1966-01-29,1966,Provoked,SOUTH AFRICA,Western Cape Province,Strandfontein Beach,Helping men land a shark,M,33.0,N,Afternoon,Copper shark,other,other shark
1966-01-22,1966,Unprovoked,USA,California,"Pebble Beach, Cypress Point, Monterey County",Free diving / spearfishing (resting on the surface),M,29.0,N,10h00 / 11h00,"White shark, 3 m [10']",surfing,white shark
1965-06-01,1965,Unprovoked,SOUTH PACIFIC OCEAN,,,Treading water,M,,Y,Morning,,swimming,unknown
1965-05-29,1965,Unprovoked,MEXICO,Veracruz,Playa Mocambo,Swimming,M,,Y,12h00,,swimming,unknown
1965-02-04,1965,Unprovoked,USA,Massachusetts,"Granite Pier, Rockport",Scuba diving,M,18.0,N,14h30,1.2 m [4'] shark,diving,other shark
1964-03-28,1964,Unprovoked,AUSTRALIA,South Australia,Surfers Paradise Beach near Victor Harbour,Surfing,M,19.0,N,,1.8 m [6'] shark,surfing,other shark
1963-11-30,1963,Unprovoked,NEW ZEALAND,South Island,"Charteris Bay, Lyttleton Harbour",Treading water while alongside capsized yacht,M,20.0,N,13h00,Possibly a broadnose 7-gill shark,swimming,other shark
1962-10-25,1962,Unprovoked,MEXICO,Veracruz,"Villa del Mar Beach, Veracruz",Wading,M,32.0,Y,08h30,2.7 m [9'] shark,swimming,other shark
1962-07-28,1962,Unprovoked,USA,South Carolina,"Off Hilton Head, Beaufort County",Standing,M,21.0,N,,1.8 m to 2.4 m [6' to 8'] shark,swimming,other shark
1961-01-25,1961,Watercraft,SOUTH AFRICA,Western Cape Province,Frikkies Bay,Fishing for kob,,,N,,4.6 m [15'] shark,fishing,other shark
1960-10-01,1960,Sea Disaster,RED SEA / INDIAN OCEAN,Enroute from Suez to Aden (Yemen),,Cargo ship El Gamil entroute Suez to Yemen (Aden) when her cargo shifted and she sank. 19 Egyption sailors jumped into the water and swam for several hours before being bitten by sharks,M,,Y,,,other,unknown
1960-04-01,1960,Provoked,AUSTRALIA,South Australia,Hog Bay,Shark fishing,,,N,,White shark,fishing,white shark
1960-02-27,1960,Invalid,USA,Hawaii,"Between Keawakapu & Makena, Maui",Spearfishing,M,36.0,,08h00,"According to Benjamin, the injury was inflicted by a barracuda, not a shark",fishing,other shark
1959-12-28,1959,Watercraft,AUSTRALIA,New South Wales,"Leichardt, Sydney",Fishing,,,N,Late night,2.4 m  [8'] shark,fishing,other shark
1959-11-16,1959,Invalid,USA,Louisiana,120 miles southeast of New Orleans,National Airlines DC7B enroute from Miami to Los Angeles with 42 or 46 people on board went down in heavy fog,,,,01h32,Invalid,watercraft,unknown
1959-10-07,1959,Unprovoked,MOZAMBIQUE,Maputo Province,"Xefina Island, Bay of Maputo",Swimming,M,,Y,,,swimming,unknown
1959-08-15,1959,Unprovoked,USA,Florida,"Panama City, Bay County",Spearfishing on Scuba,M,26.0,Y,,3.7 m [12'] shark,fishing,other shark
1959-01-01,1959,Unprovoked,PAPUA NEW GUINEA,West New Britain Province,"Kalapiai, Kombe",Fishing,M,,N,,,fishing,unknown
1958-01-09,1958,Unprovoked,SOUTH AFRICA,KwaZulu-Natal,Scotburgh,Swimming,M,,Y,07h30,White shark,swimming,white shark
1958-01-01,1958,Provoked,PANAMA,Canal Zone,,Skindiving,M,,N,,18 to 24 shark,diving,other shark
1957-01-01,1957,Unprovoked,PAPUA NEW GUINEA,"New Britain, Bismarck Archipelago",Duke of York Island,Dynamiting fish,M,,Y,,,fishing,unknown
1954-10-02,1954,Invalid,JAPAN,Nagasaki Prefecture,Oomura Bay,,M,13.0,,,Shark involvement prior to death was not confirmed,other,other shark
1954-01-22,1954,Unprovoked,AUSTRALIA,Torres Strait,Naghir Island,Spearfishing,M,30.0,N,,,fishing,unknown
1952-12-24,1952,Unprovoked,AUSTRALIA,Victoria,"Portsea Beach, near Melbourne",Lying prone on surfboard,M,,N,,,surfing,unknown
1951-08-17,1951,Unprovoked,GREECE,Corfu Island,Off Royal Residence,Swimming,F,16.0,Y,,White shark,swimming,white shark
1951-03-26,1951,Provoked,AUSTRALIA,New South Wales,Avalon,Fell off surf ski,M,23.0,N,Afternoon,"Wobbegong shark, 4'",surfing,other shark
,1950,Unprovoked,INDONESIA,Jakarta Harbour,On rock near Yacht Club,Bending over,M,,Y,1500.0,"Tiger shark, 3.7 m to 4.3 m  [12' to 14']",other,tiger shark
1949-01-14,1949,Invalid,AUSTRALIA,New South Wales,Off North Bondi,Surfing,M,32.0,,Afternoon,Invalid,surfing,unknown
1949-01-13,1949,Unprovoked,AUSTRALIA,New South Wales,"Mona Vale, near Sydney",Surf skiing,M,,N,,,surfing,unknown
1947-11-08,1947,Unprovoked,AUSTRALIA,New South Wales,"Maria River, Port Macquarie, 12 miles from river mouth",Swimming,M,13.0,N,16h00,,swimming,unknown
1946-06-28,1946,Unprovoked,INDIA,,Chennai,Bathing,M,14.0,N,,,swimming,unknown
1946-02-10,1946,Unprovoked,AUSTRALIA,Western Australia,"City Beach, Perth",Standing,M,18.0,N,12h15,"White shark, 4.2 m [13'9]",swimming,white shark
1946-01-01,1946,Watercraft,SOUTH AFRICA,Western Cape Province,Plettenberg Bay,,,,N,,,other,unknown
1944-10-25,1944,Unprovoked,PHILIPPINES,,Off Cape Engano,Parachuted into Pacific,M,,N,,,other,unknown
1943-10-26,1943,Invalid,USA,Florida,Victim was on said to be on tanker that collided off Florida coast on 10-20-1943,,M,,,,Shark involvement prior to death unconfirmed,other,other shark
1943-09-23,1943,Unprovoked,PANAMA,Gulf of Panama,"North shore of Rey Island, Las Perlas archipelago",Dived overboard to check propeller of US Navy motor torpedo boat,M,20.0,Y,14h35,"White shark, 2 m [6'9]  (Tooth fragment recovered from victim's shoulder & identified by J.T. Nicholls)",diving,white shark
1943-04-05,1943,Invalid,USA,Hawaii,"3 miles from shore off McGregor Point, Maui","Small boat swamped, 4  people swimming to shore but he fell behind the other 3 and vanished",M,,,,Shark involvement prior to death unconfirmed,swimming,other shark
1942-01-01,1942,Watercraft,SOUTH AFRICA,Western Cape Province,Simon’s Bay,,,,N,,,other,unknown
1942-01-01,1942,Watercraft,SOUTH AFRICA,Western Cape Province,Simon's Bay,,,,N,,Said to involve a 6.5 m [21.5'] shark,other,other shark
1940-01-29,1940,Unprovoked,AUSTRALIA,Queensland,Brisbane River,Dived into the water,M,17.0,N,,a small shark,diving,other shark
1939-02-26,1939,Provoked,NEW ZEALAND,North Island,Matakana River Mouth,Fishing,M,,N,,7' shark,fishing,other shark
1937-02-03,1937,Provoked,AUSTRALIA,Queensland,Moreton Island,Fishing,M,20.0,N,,3' blue nosed shark,fishing,other shark
1936-09-11,1936,,VIETNAM,,Saigon,Wreck of a sampam,M,,Y,,,other,unknown
1936-08-04,1936,Unprovoked,AUSTRALIA,Torres Strait,Bathurst Island,Pearl diving,M,,N,,,diving,unknown
1935-08-26,1935,Unprovoked,AUSTRALIA,Queensland,"At Flat Top, near Mackay","Fell overboard, hanging onto lifebuoy",M,38.0,Y,Night,3.7 m [12'] shark,watercraft,other shark
1935-03-09,1935,Unprovoked,AUSTRALIA,New South Wales,Maroubra Beach,Swimming,M,27.0,Y,12h30,"White shark, 4 m [13']",swimming,white shark
1934-12-31,1934,Unprovoked,AUSTRALIA,New South Wales,George’s River at Kentucky,Splashing,F,13.0,N,20h15,"Tiger shark, 1.5 m [5']",other,tiger shark
1934-10-09,1934,Unprovoked,AUSTRALIA,Northern Territory,"Redcliff, Cobourg Peninsula",Bathing,F,38.0,Y,,,swimming,unknown
1934-02-24,1934,Unprovoked,AUSTRALIA,Torres Strait,Adolphus Channel,Splashing in water,M,,N,12h00,3.4 m [11']  tiger shark & a 5' shark,other,other shark
1931-01-01,1931,Unprovoked,PAPUA NEW GUINEA,,,,,,,,,other,unknown
1930-12-02,1930,Watercraft,AUSTRALIA,Victoria,Rosebud,Fishing,,,N,,7 shark's teeth found embedded in the woodwork of the boat,fishing,other shark
1930-11-30,1930,Unprovoked,AUSTRALIA,Queensland,"St. Helena Island, Moreton Bay",Thrown into water from fishing dinghy,M,,N,,,fishing,unknown
1930-08-16,1930,Unprovoked,SPAIN,Canary Islands,"El Escabonal, Tenerife",Swimming,M,38.0,N,,,swimming,unknown
1927-01-08,1927,Unprovoked,USA,California,"Catalina Channel, Los Angeles County",Swimming,M,,N,,,swimming,unknown
1927-01-01,1927,Unprovoked,AUSTRALIA,New South Wales,15 miles up the Cataract River,Swimming,M,10.0,Y,,,swimming,unknown
1924-04-22,1924,Unprovoked,PANAMA,150 miles offshore,,"Floating, after falling or jumping off the Standard Oil tanker Frederick W. Weller",M,21.0,N,,,other,unknown
1923-03-18,1923,Unprovoked,AUSTRALIA,Queensland,"Ross River, Townsville",Diving,M,,N,,,diving,unknown
1922-07-19,1922,Unprovoked,USA,Florida,"Pablo Beach, Jacksonville, Duval County",,M,,N,,,other,unknown
1918-09-19,1918,Unprovoked,AUSTRALIA,Queensland,Townsville,Bathing,M,22.0,Y,,,swimming,unknown
1918-03-22,1918,Unprovoked,AUSTRALIA,New South Wales,Newcastle,Surfing,M,,N,18h00,12' shark,surfing,other shark
1916-12-08,1916,Unprovoked,AUSTRALIA,New South Wales,"Seven Shillings Beach, Middle Harbor, Sydney (Estuary)",Taking wife to beach & about 1 m from the shore,M,41.0,Y,09h00,,other,unknown
1914-11-08,1915,Unprovoked,AUSTRALIA,New South Wales,Manly,Bathing,M,,N,,,swimming,unknown
,1915,Invalid,USA,Florida,"Soldier Key, Miami-Dade County",,M,,,,"Reported to involve a 3.7 m [12'] shark, possibly a white shark",other,other shark
1913-11-21,1913,Unprovoked,AUSTRALIA,Queensland,"Sandgate Jetty, Brisbane",Swimming,M,12.0,N,,,swimming,unknown
1909-01-01,1909,Invalid,ITALY,Sicily,"Off Capo San Croce, near Augusta (Catania)","On December 28, 1908, an earthquake, followed by tsunamis, destroyed coastal towns in Silcily and southern Italy, killing more than 100,000 people",,,,,Shark involvement prior to death was not confirmed,other,other shark
1907-07-14,1907,Unprovoked,CROATIA,"Split-Dalmatia Count,","Sućuraj, Hvar Island",Swimming,F,,Y,,,swimming,unknown
1906-04-16,1906,Provoked,AUSTRALIA,Victoria,Western Port Bay,Shooting sharks,M,,N,,13' shark,other,other shark
1904-07-28,1904,Unprovoked,USA,New Jersey,"Shrewsbury River,  Monmouth County",Sailing,M,,N,,,other,unknown
1896-09-11,1896,Unprovoked,SRI LANKA,,,Diving,M,,N,,,diving,unknown
1892-09-16,1892,Unprovoked,USA,Texas,Velasco,,M,,N,,,other,unknown
1887-03-12,1887,Watercraft,AUSTRALIA,South Australia,Black Point,Rowing a dinghy,,,N,,13' shark,other,other shark
1886-03-01,1886,Invalid,AUSTRALIA,New South Wales,"Dobroyd Head, Watson Bay, Sydney",He drowned when boat capsized,M,,,,Shark involvement prior to death unconfirmed,watercraft,other shark
1886-01-01,1886,Unprovoked,AUSTRALIA,New South Wales,Sydney Harbor,Sailing,M,,N,Afternoon,,other,unknown
1881-08-12,1881,Unprovoked,USA,Rhode Island,Providence,Swimming,M,,N,,,swimming,unknown
1876-09-07,1876,Unprovoked,GREECE,Cyclades archipelago,Between the islands of Tenos and Andros,Diving for sponges,M,,Y,,,diving,unknown
1869-04-10,1869,Invalid,,,,Fell overboard,M,,,,Shark involvement prior to death unconfirmed,watercraft,other shark
1860-04-01,1860,Unprovoked,NEW ZEALAND,North Island,"Princes Wharf, Auckland Harbor",Swimming,M,,N,,,swimming,unknown
1858-01-09,1858,Unprovoked,TONGA,Vava'u,,Jumped overboard while intoxicated,M,,Y,,,watercraft,unknown
,1855,Invalid,AUSTRALIA,New South Wales,Sydney Harbor,Swimming,M,,,,Invalid,swimming,unknown
1853-01-01,1853,Unprovoked,AUSTRALIA,Queensland,Moreton Bay,Fell into the water,M,,Y,,,other,unknown
1839-11-17,1839,Invalid,AUSTRALIA,New South Wales,,,M,,,,,other,unknown
1827-06-01,1827,Unprovoked,SIERRA LEONE,Western Area,Tombo Island in the Sierra Leone River,Swimming,M,,N,,,swimming,unknown
,1825,Invalid,AUSTRALIA,Western Australia,South Bruny Island,,M,,N,,,other,unknown
2023-01-01,2023,Provoked,USA,Florida,70 miles off Pensacola,Spearishing,M,30.0,N,14h50,Mako shark,other,other shark
2022-08-17,2022,Unprovoked,AUSTRALIA,New South Wales,Coffs Harbour,Kayaking,M,,N,,"White shark, 3 m",watercraft,white shark
2022-08-13,2022,Unprovoked,USA,Florida,"Looe Key, Monroe County",Snorkeling,M,10.0,N,16h00,"Bull shark, 9'",other,bull shark
2022-07-19,2022,Unprovoked,USA,Noirth Carolina,"Topsail Beach, Pender County",Surfing,F,,N,Early  morning,,surfing,unknown
2021-11-06,2021,Unprovoked,AUSTRALIA,Western Australia,"Port Beach, North Freemantle",Swimming,M,57.0,Y,10h00,,swimming,unknown
2021-09-05,2021,Unprovoked,AUSTRALIA,New South Wales,Emerald Beach,Surfing,M,31.0,Y,10h30,White xhark,surfing,white shark
2021-07-21,2021,Unprovoked,USA,California,"Capitola Beach, Santa Cruz County",Surfing,F,,N,,,surfing,unknown
2021-06-17,2021,Unprovoked,USA,Florida,"Grayton Beach State Park,   Walton County",Swimming,M,14.0,N,14h30,7' to 8' shark,swimming,other shark
2021-06-12,2021,Provoked,ENGLAND,West Sussex,Littlehampton,Fishing,M,51.0,N,,"Tope shark, 6'",fishing,other shark
2021-03-27,2021,Unprovoked,AUSTRALIA,Western Australia,Near Coral Bay,Spearfishing,M,27.0,N,12h00,"Whaler or bull shark, 2m",fishing,other shark
2020-12-02,2020,Unprovoked,EGYPT,South Sinai,Marsa Alam,Scuba diving,F,42.0,N,,Oceanic whitetip shark,diving,other shark
2020-11-23,2020,Unprovoked,NEW CALEDONIA,South Province,St. Vincent Bay,Snorkeling,F,,N,,"Tiger shark, 4m",other,tiger shark
2020-08-30,2020,Watercraft,AUSTRALIA,New South Wales,Forster,Fishing / Filming sharks feeding on whale carcass,,,N,Afternoon,White shark,fishing,white shark
2020-08-14,2020,Unprovoked,AUSTRALIA,New South Wales,"Shelly Beach, Port Macquarie",Surfing,F,35.0,N,09h30,"White shark, 2-to 3m",surfing,white shark
2020-07-29,2020,Watercraft,AUSTRALIA,Tasmania,Tenth Island,Sightseeing,,,,09h08,"White shark, 4m",other,white shark
2020-07-17,2020,Unprovoked,AUSTRALIA,Tasmania,Off Stanley,Fishing,M,10.0,N,13h30,White shark,fishing,white shark
2019-12-21,2019,Unprovoked,USA,California,"Santa Rosa Island, Ventura County",Surfing,M,37.0,N,16h15,,surfing,unknown
2019-07-27,2019,Unprovoked,USA,Florida,"New Smyrna Beach, Volusia County",Boogie boarding,M,49.0,N,16h30,,watercraft,unknown
2019-07-18,2019,Unconfirmed,USA,Florida,"Haulover Inlet, Miami-Dade County",Diving,,,,,,diving,unknown
2019-03-05,2019,Unprovoked,USA,Oregon,"Cape Kiwanda, Tillamook County",Surfing,M,,N,08h30,,surfing,unknown
2019-01-08,2019,Unprovoked,USA,California,"Sandspit Beach, Montaña de Oro State Park",Surfing,M,19.0,N,10h00,"White shark, 4.6m",surfing,white shark
2018-11-11,2018,Unprovoked,AUSTRALIA,Western Australia,"Pyramids Beach, Mandurah",Body Boarding,M,20.0,N,08h40,Sandtiger shark,watercraft,other shark
2018-10-23,2018,Unprovoked,USA,Florida,"Ponce Inlet, Volusia County",Surfing,M,29.0,N,,,surfing,unknown
2018-04-28,2018,Unprovoked,AUSTRALIA,Western Australia,Gearys Beach,Surfing,M,,N,16h50,,surfing,unknown
2018-03-09,2018,Unprovoked,AUSTRALIA,Victoria,Lorne,Swimming,M,69.0,N,15h30,3.5 m shark,swimming,other shark
2017-11-30,2017,Unprovoked,COSTA RICA,Cocos Island,Manuelita,Scuba diving,F,49.0,Y,,"Tiger shark, female",diving,tiger shark
2017-07-20,2017,Watercraft,USA,California,"Stearns Wharf, Santa Barbara",Kayaking,M,40.0,N,11h20,"White shark, 11' to 13'",watercraft,white shark
2017-06-07,2017,Unprovoked,UNITED KINGDOM,South Devon,Bantham Beach,Surfing,M,30.0,N,,"3m shark, probably a smooth hound",surfing,other shark
2016-09-26,2016,Unprovoked,AUSTRALIA,New South Wales,"Lighthouse Beach, Ballina",Surfing,M,17.0,N,9h00,"White shark, 3.5 m",surfing,white shark
2016-08-29,2016,Unprovoked,USA,Florida,"New Smyrna Beach, Volusia County",Surfing,M,25.0,N,15h00,"Bull shark, 6'",surfing,bull shark
2016-07-23,2016,Unprovoked,BAHAMAS,Abaco Islands,Green Turtle Cay,Spearfishing,M,,N,,"Bull shark, 6'",fishing,bull shark
2016-07-08,2016,Unprovoked,SPAIN,Canary Islands,"Las Teresitas, Tenerife",Wading,F,10.0,N,,Angel shark,swimming,other shark
2016-01-05,2016,Unprovoked,AUSTRALIA,Queensland,Heron Island,Wading,M,11.0,N,Afternoon,Blacktip shark,swimming,other shark
2015-10-04,2015,Unprovoked,USA,Florida,"New Smyrna Beach, Volusia County",Surfing,M,14.0,N,08h30,"Blacktip shark, 4' to 5'",surfing,other shark
2015-08-19,2015,Unprovoked,USA,Florida,"Jacksonville Beach, Duval County",Walking,F,10.0,N,15h30,3' shark,other,other shark
2015-05-02,2015,Unprovoked,SOUTH AFRICA,Eastern Cape Province,Port St. John's,Diving,M,29.0,N,13h00,"White shark, 3.5 m",diving,white shark
2014-07-05,2014,Provoked,USA,California,"Manhattan Beach, Los Angeles County",Swimming,M,,N,09h30,"White shark, 7'",swimming,white shark
2014-05-10,2014,Invalid,USA,Florida,"Bethel Shoals, Indian River County",Diving,M,,,,No shark involvement,diving,other shark
2014-04-12,2014,Provoked,SOUTH AFRICA,Eastern Cape Province,Port Alfred,Fishing,M,,N,Morning,"Raggedtooth shark, 2m",fishing,other shark
2013-12-25,2013,Unprovoked,NEW CALEDONIA,North Province,"Lindéralique, Hienghène",Snorkeling,M,37.0,N,11h00,Reported to involve a bull shark,other,other shark
2013-12-11,2013,Unprovoked,USA,Hawaii,"Ninole Bay, Hawaii County",Boogie boarding,M,29.0,N,08h00,"Tiger shark, 10' to 12'",watercraft,tiger shark
2013-11-30,2013,Unprovoked,AUSTRALIA,New South Wales,"Riecks Point,  Campbell’s Beach,",Body boarding,M,19.0,Y,14h00,"Tiger shark, 3m",watercraft,tiger shark
2013-11-23,2013,Unprovoked,AUSTRALIA,Western Australia,Gracetown,Surfing,M,35.0,Y,09h00,Thought to involve a white shark,surfing,other shark
2013-09-07,2013,Unprovoked,USA,Florida,"New Smyrna Beach,  Volusia County",Standing,M,25.0,N,16h00,3' shark,swimming,other shark
2013-07-17,2013,Unprovoked,USA,Florida,"Butler Beach, St Augustine,       St. Johns County",Swimming,M,,N,,,swimming,unknown
2013-07-15,2013,Unprovoked,REUNION,Saint-Paul,Le cimetière marin,Swimming & snorkeling,F,15.0,Y,14h15,,swimming,unknown
2013-06-14,2013,Unprovoked,USA,South Carolina,"Myrtle Beach, Horry County",Boogie Boarding,F,10.0,N,Afternoon,4' to 5' shark,watercraft,other shark
2014-05-14,2013,Unprovoked,ECUADOR,Santa Cruz Island,"Playa Brava, Turtle Bay",Surfing,M,29.0,N,12h00,Galapagos shark,surfing,other shark
2013-05-08,2013,Invalid,USA,California,"Tourmaline Surf Park, San Diego County",Surfing,M,42.0,,,Invalid,surfing,unknown
2012-09-08,2012,Unprovoked,USA,Florida,"South Beach, Miami-Dade County",Swimming,M,,N,Afternoon,,swimming,unknown
2012-08-26,2012,Unprovoked,BRAZIL,Pernambuco,"Coral Cove, Cabo de Santo Agostinho",Swimming,M,18.0,Y,Afternoon,,swimming,unknown
2012-05-20,2012,Watercraft,USA,Hawaii,"Iroquiois Point, Oahu",Kayak Fishing,M,,N,Morning,"Tiger shark, 8' to 9'",fishing,tiger shark
2012-01-18,2012,Provoked,TAIWAN,Taitung,Taimali,Fishing,M,24.0,N,,"Blue shark, 70-kg blue shark",fishing,other shark
2011-08-18,2011,Unprovoked,RUSSIA,"Peter the Great Bay, Khasan, Primorsky Krai (Far East)",Zheltukhin Island,Swimming,M,16.0,N,,,swimming,unknown
2010-10-25,2010,Provoked,AZORES,,350 miles from Faial Island,Fishing,M,,N,,,fishing,unknown
2010-08-07,2010,Unprovoked,MALTA,,"Off Fort St. Elmo, Valetta",Windsurfing,M,35.0,N,,3 m shark,surfing,other shark
2010-06-06,2010,Unprovoked,AUSTRALIA,Western Australia,"Conspicuous Beach, near Walpole",Surfing,M,40.0,N,12h00,,surfing,unknown
2009-12-18,2009,Unprovoked,SOUTH AFRICA,Eastern Cape Province,"Second Beach, Port St. Johns",Paddling on kneeboard,M,22.0,Y,14h30,,watercraft,unknown
2009-12-12,2009,Watercraft,AUSTRALIA,New South Wales,Hawks Nest Beach,Rowing,,,N,07h30,White shark,other,white shark
2009-12-05,2009,Provoked,USA,New Jersey,"Adventure Aquarium, Camden",Diving,M,58.0,N,13h00,"Sandtiger shark, 8'",diving,other shark
2009-09-12,2009,Invalid,USA,North Carolina,"Corolla, Currituck County",Swimming,M,60.0,Y,21h00,Shark involvement prior to death not confirmed,swimming,other shark
2009-07-24,2009,Unprovoked,USA,Texas,South Padre Island,Wading,F,14.0,N,Afternoon,,swimming,unknown
2009-07-22,2009,Unprovoked,USA,North Carolina,Holden Beach. Brunswick County,Swimming,F,26.0,N,15h00,,swimming,unknown
2008-11-25,2008,Sea Disaster,PHILIPPINES,Batanes Provine,Luzon Strait,Sinking of the cargo ship Mark Jason,M,,N,,,other,unknown
2008-07-23,2008,Provoked,USA,Florida,"New Smyrna Beach, Volusia County",Surfing,M,15.0,N,14h30,,surfing,unknown
2008-07-13,2008,Invalid,USA,North Carolina,"Carolina Beach, New Hanover County",Body surfing,M,52.0,,,Shark involvement not confirmed,surfing,other shark
2008-06-28,2008,Unprovoked,BAHAMAS,Abaco Islands,,Spearfishing,M,42.0,N,11h00,"Bull shark, 6' to 7'",fishing,bull shark
2008-05-01,2008,Provoked,SOUTH AFRICA,,,Fishing,M,24.0,N,,,fishing,unknown
2007-12-21,2007,Unprovoked,ECUADOR,Galapagos Islands,San Cristobal Island,Surfing,M,24.0,N,,3 m shark,surfing,other shark
2007-12-10,2007,Unprovoked,USA,Hawaii,"Waialua Bay, O'ahu",Surfing,M,52.0,N,Just before 11h00,Tiger shark,surfing,tiger shark
2007-12-09,2007,Unprovoked,NEW ZEALAND,South Island,Kaikoura,Surfing,F,,N,,,surfing,unknown
2007-11-18,2007,Provoked,AUSTRALIA,Western Australia,In a tidal creek    5 km from Wickham,Fishing,M,32.0,N,,reef shark,fishing,other shark
2007-11-07,2007,Unprovoked,SOUTH AFRICA,Western Cape Province,The Strand,Surfing,M,14.0,N,17h30,1.5 to 2 m shark,surfing,other shark
2007-11-04,2007,Unprovoked,USA,Florida,"Round Island Park, Indian River County",Surfing,M,42.0,N,09h00,5' shark,surfing,other shark
2007-07-01,2007,Invalid,SENEGAL,,,Murder,,,,,Questionable Incident,other,unknown
2007-05-01,2007,Provoked,BAHAMAS,Bimini Islands,,Shark tagging,F,20.0,N,,"Lemon shark, >1 m",other,other shark
2007-01-01,2007,Unprovoked,USA,Hawaii,"Majors Bay, Kaua'i",Surfing,M,24.0,N,10h15,"6' to 8' shark, possibly a tiger shark",surfing,other shark
2006-11-11,2006,Unprovoked,USA,Hawaii,"Kihei, Maui",Swimming,M,29.0,N,12h30,2 m to 3 m shark,swimming,other shark
2006-10-07,2006,Unprovoked,USA,Texas,"Isla Blanca Park, South Padre Island",Surfing,M,,N,,1' to 4' shark,surfing,other shark
2006-08-22,2006,Invalid,BELIZE,Ambergris Caye,Near Ramon's Village,Spearfishing,M,34.0,,,Shark involvement prior to death was not confirmed,fishing,other shark
2006-07-13,2006,Invalid,SPAIN,Alicante,San Juan Beach,Swimming,F,7.0,,,"Shark involvement not confirmed, injury may have been caused by a bluefish",swimming,other shark
2006-05-28,2006,Provoked,USA,Hawaii,French Frigate Shoals,Tagging sharks,,,N,Afternoon,"Tiger shark, 15' female",other,tiger shark
2005-09-24,2005,Unprovoked,AUSTRALIA,South Australia,Kangaroo Island,Surfing,M,26.0,N,12h05,14' to 16' white shark,surfing,other shark
2005-08-06,2005,Unprovoked,USA,South Carolina,"Isle of Palms, Charleston County",Swimming,M,14.0,N,09h45,,swimming,unknown
2005-07-27,2005,Unprovoked,USA,Florida,"Off Zelda Boulevard, Daytona Beach, Volusia Countyy",Wading,F,13.0,N,18h00,,swimming,unknown
2005-03-05,2005,Unprovoked,SOLOMON ISLANDS,Santa Isabel Province,,Diving,M,,N,,,diving,unknown
2004-09-20,2004,Unprovoked,USA,Oregon,Gold  Beach,Surfing,M,26.0,N,09h00,White shark,surfing,white shark
2004-06-10,2004,Unprovoked,USA,Florida,"Daytona Beach Shores, Volusia County",Swimming,M,8.0,N,18h00,1.2 m [4'] shark,swimming,other shark
2004-03-27,2004,Unprovoked,REUNION,Saint-Benoît,Spot de la gare,Surfing,M,20.0,N,17h00 or 17h40,2.5 m shark,surfing,other shark
2004-03-16,2004,Unprovoked,USA,Hawaii,"Kalihiwai Beach, Kauai",Surfing,M,51.0,N,07h45,"Tiger shark, 2.4 m to 3 m [8' to 10']",surfing,tiger shark
2003-12-08,2003,Unprovoked,AUSTRALIA,Victoria,Collendina Beach east of Ocean Grove,Surfing amid a shoal of sharks,M,36.0,N,09h30,,surfing,unknown
2003-10-31,2003,Unprovoked,USA,Hawaii,"Tunnels surf break off Makua Beach, Kaua'i",Surfing,F,13.0,N,07h30,"Tiger shark, 14'",surfing,tiger shark
2003-09-19,2003,Unprovoked,USA,Florida,"Ponce Inlet, New Smyrna Beach, Volusia County",Surfing,M,19.0,N,16h30,,surfing,unknown
2003-09-12,2003,Unprovoked,SOUTH AFRICA,Western Cape Province,Near the wreck of the Kakapo off Noordhoek Beach,Body boarding,M,19.0,Y,14h30,White shark,watercraft,white shark
2003-04-09,2003,Unprovoked,USA,Florida,"Melbourne Beach, Brevard County",Surfing,M,,N,Dusk,,surfing,unknown
2002-09-27,2002,Unprovoked,USA,Hawaii,"Kahala, O'ahu",Fishing from Surfboard,M,55.0,N,15h35,1.2 m [4'] blacktip shark,surfing,other shark
2002-09-09,2002,Unprovoked,USA,Florida,"Ponce Inlet, New Smyrna Beach, Volusia County",Boogie boarding,M,20.0,N,15h55,4' to 6' shark,watercraft,other shark
2002-05-10,2002,Unprovoked,BRAZIL,Pernambuco,"Pina, Recife",Surfing,M,40.0,N,17h00,,surfing,unknown
2002-02-16,2002,Unprovoked,AUSTRALIA,Queensland,Sunshine Beach,Surfing,M,,N,09h00 -10h00,1.5 m [5'] whaler shark,surfing,other shark
2002-01-30,2002,Unprovoked,AUSTRALIA,New South Wales,Just north of Fingal Spit,Surfing,M,20.0,N,20h45 (Sunset),"Tiger shark, 3 m [10']",surfing,tiger shark
2001-08-26,2001,Unprovoked,USA,Florida,"New Smyrna Beach, Volusia County",Boogie Boarding,M,18.0,N,16h00,,watercraft,unknown
2001-05-29,2001,Unprovoked,USA,Texas,Galveston Island,,M,16.0,N,,,other,unknown
2001-04-28,2001,Unprovoked,USA,Florida,"New Smyrna Beach, Volusia County",Boogie boarding,M,14.0,N,15h49,,watercraft,unknown
2000-11-21,2000,Unprovoked,AUSTRALIA,Queensland,Orpheus Island,Diving (shell maintenance),M,28.0,N,,"Tiger shark, 4 m",diving,tiger shark
,2000,Unprovoked,TANZANIA,,"Coco Beach, Dar-es-Salaam",Swimming,,,Y,,Thought to involve a Zambesi shark,swimming,other shark
2000-07-04,2000,Unprovoked,USA,Florida,"Daytona Beach, Volusia County",Wading,F,20.0,N,18h00,,swimming,unknown
1999-11-01,1999,Unprovoked,MARSHALL ISLANDS,Alinglaplap Atoll,Island J4H,Swimming,M,12.0,N,,"Grey reef shark, 1.2 m [4']",swimming,other shark
1999-07-26,1999,Unprovoked,USA,Florida,"Two miles off Key Colony Beach, Monroe County",Swimming with dolphins,M,43.0,N,18h25,"Bull shark, 2.1 m [7']",swimming,bull shark
1999-02-23,1999,Unprovoked,AUSTRALIA,New South Wales,Scotts Head,Surfing,M,35.0,N,Evening,Bronze whaler or tiger shark,surfing,other shark
1998-10-24,1998,Unprovoked,USA,Florida,"Jupiter Beach, Palm Beach County",Swimming,F,17.0,N,Afternoon,,swimming,unknown
1998-10-18,1998,Unprovoked,SOUTH AFRICA,Eastern Cape Province,Glengariff,Surfing,M,30.0,N,,,surfing,unknown
1997-08-09,1997,Unprovoked,USA,Florida,"New Smyrna Beach, Volusia County",Surfing,M,,N,17h15,,surfing,unknown
1996-10-09,1996,Unprovoked,OKINAWA,Miyako Island,Boragawa Beach,Swimming or snorkeling,M,,Y,,,swimming,unknown
1995-04-13,1995,Unprovoked,USA,Florida,"Ormond Beach, Volusia County",,M,20.0,N,13h20,,other,unknown
1995-03-21,1995,Unprovoked,AUSTRALIA,New South Wales,"Clark Island, Sydney Harbour",Surf skiing,F,,N,,,surfing,unknown
1994-12-11,1994,Unprovoked,BRAZIL,Pernambuco,Paiva,Surfing,M,,N,,,surfing,unknown
1994-08-22,1994,Unprovoked,JAPAN,Kagoshima Prefecture,Tatsugo-cho,,,,N,,,other,unknown
1994-03-23,1994,Unprovoked,CHILE,,300 miles East of Easter Island,Swimming alongside NOAA research vessel Discoverer,M,,N,11h51,3.6 m [11'9] white shark,swimming,other shark
1994-01-31,1994,Unprovoked,USA,Hawaii,"Velzyland, north shore of O'ahu",Surfing,M,,Y,,Tiger shark,surfing,tiger shark
1993-08-19,1993,Unprovoked,USA,Florida,"Bethune Beach, Volusia County",Surfing,,13.0,N,,,surfing,unknown
1993-04-01,1993,Invalid,AUSTRALIA,Tasmania,Barren Joey Island,Spearfishing,M,32.0,,,Invalid,fishing,unknown
,1993,Unprovoked,ANGOLA,West Africa,,Surfing,M,,N,,3 m [10'] white shark,surfing,other shark
1990-04-07,1990,Unprovoked,AUSTRALIA,Queensland,Fingal Beach,Surfing,M,,N,,3 m shark,surfing,other shark
1989-11-12,1989,Invalid,USA,Hawaii,"Ehukai Beach Park, Sunset Beach, O'ahu","Wading, knocked down & swept away by large waves",M,,,18h00,Shark involvement prior to death was not confirmed,swimming,other shark
1989-09-09,1989,Unprovoked,USA,California,"Southeast Farallon Island, Farallon Islands",Hookah diving for abalone (descending),M,38.0,N,12h30,4 m to 5 m [13' to 16.5']  white shark,diving,other shark
1989-06-01,1989,Invalid,JAPAN,Sea of Japan,,,M,,,,,other,unknown
1988-11-08,1988,Sea Disaster,AUSTRALIA,Queensland,"Off North Keppel Island, off Yeppoon","The Christie V sank on 11/6/1988, survivors were adrift on a dinghy",M,17.0,Y,Early morning,,other,unknown
1987-01-28,1987,Unprovoked,SOUTH AFRICA,Eastern Cape Province,Eerste River,Spearfishing,M,30.0,N,12h00,>2.5 m [8.25'] white shark,fishing,other shark
1986-11-30,1986,Unprovoked,USA,Florida,"Daytona Beach, Volusia County",Surfing,M,17.0,N,10h30,,surfing,unknown
1986-08-10,1986,Invalid,SOUTH AFRICA,Western Cape Province,Reef on seaward side of Geyser Island,Spearfishing,M,35.0,,11h30,Invalid,fishing,unknown
1985-08-22,1985,Unprovoked,USA,South Carolina,"Palmetto Dunes, Hilton Head, Beaufort County",Wading,M,87.0,N,,,swimming,unknown
1983-05-24,1983,Unprovoked,USA,Florida,"Riviera Beach, Palm Beach County",Surfing,M,15.0,N,,,surfing,unknown
1983-01-08,1983,Unprovoked,SOUTH AFRICA,Western Cape Province,Holbaai,Spearfishing,M,32.0,N,13h00,White shark,fishing,white shark
1982-09-25,1982,Unprovoked,USA,California,"Monastery Beach, Carmel Bay, Monterey County",Diving,M,36.0,N,Morning,White shark,diving,white shark
1982-09-19,1982,Unprovoked,USA,California,"Bear Harbor, Mendocino County",Free diving for abalone from Zodiac (submerged),M,28.0,N,14h30,5 m to 6 m [16.5' to 20'] white shark,diving,other shark
1982-09-04,1982,Invalid,USA,Florida,"Hollywood Beach, Broward County",,M,,,,Shark involvement prior to death was not confirmed,other,other shark
1982-08-29,1982,Unprovoked,JAPAN,Kumamoto Prefecture,Ariake Bay,,M,,Y,,,other,unknown
1981-05-07,1981,Provoked,NAMIBIA,Eronogo Region,Walvis Bay,Finning the shark that bit him,M,,N,,,other,unknown
1981-01-01,1981,Unprovoked,AUSTRALIA,New South Wales,Byron Bay,Surf-skiing,M,27.0,N,07h00,"Tiger shark, 2.5 m",surfing,tiger shark
1977-08-23,1977,Unprovoked,AUSTRALIA,Queensland,"Buddina Beach, south of Noosa",Floating on an inflatable raft,M,25.0,Y,,,other,unknown
1976-01-02,1976,Unprovoked,NEW ZEALAND,North Island,"Te Kaha, East coast",Spearfishing,M,,Y,13h00,Bronze whaler shark,fishing,other shark
1976-01-01,1976,Unprovoked,USA,Hawaii,"Off Lahaina, Maui",Scuba diving,M,,Y,,,diving,unknown
1975-07-30,1975,Unprovoked,AUSTRALIA,Tasmania,"Fluted Cape, Bruny Island",Diving for abalone (Scuba),M,37.0,Y,Afternoon,White shark,diving,white shark
1974-04-25,1974,Sea Disaster,BRAZIL,,,Fishing boat swamped in a storm,M,,Y,,,fishing,unknown
1974-02-13,1974,Unprovoked,SOUTH AFRICA,KwaZulu-Natal,"Inyoni Rocks, Amanzimtoti",Swimming,M,14.0,N,19h00,,swimming,unknown
1973-09-14,1973,Unprovoked,BAHAMAS,Grand Bahama Island,"Memory Rock, 18 miles from NW end of the Island","Free diving, Spearfishing",M,11.0,N,14h30,7' to 8' bull shark,fishing,other shark
1972-05-28,1972,Unprovoked,USA,California,"Bird Rock, near Tomales Point, Marin County",Free diving for abalone,M,32.0,N,13h30,"White shark, 4.4 m to 5 m [14.5' to 16.5']",diving,white shark
1972-01-01,1972,Unprovoked,MOZAMBIQUE,Maputo Province,Ponto do Ouro,Spearfishing,M,,N,,,fishing,unknown
1968-10-29,1968,Provoked,BAHAMAS,,,,M,,N,22h00,,other,unknown
1968-09-15,1968,Unprovoked,NEW ZEALAND,South Island,Otago Harbor,Spearfishing,M,24.0,Y,10h15,"White shark, 4.3 m [14'], (tooth fragment recovered)",fishing,white shark
1966-09-18,1966,Invalid,AUSTRALIA,Western Australia,"Little Beach Reef, Bremer Bay",Spearfishing,M,,,,Invalid,fishing,unknown
1966-07-14,1966,Unprovoked,PAPUA NEW GUINEA,"Admiralty Islands, Manus Province",Manus Island,Swimming,F,25.0,Y,,,swimming,unknown
1966-03-20,1966,Provoked,AUSTRALIA,New South Wales,Maroubra,Fishing (big game),,,N,,"Alleged to involve a White shark, 7.6 m [25']",fishing,white shark
1966-03-14,1966,Sea Disaster,SUDAN,Red Sea,,"The World Liberty and the tanker Mosli collided. The  Halcyon Breeze sent a lifeboat to the rescue, but it was smashed, throwing 6 men in the  water.",M,,Y,,,watercraft,unknown
1966-02-27,1966,Unprovoked,AUSTRALIA,New South Wales,Coledale Beach,Treading water,M,13.0,N,14h00,"White shark, 2.5 m [8.25'], an immature female, previously injured",swimming,white shark
,1965,Unprovoked,EGYPT,,,Standing,M,,N,,,swimming,unknown
,1965,Unprovoked,USA,Texas,"Port Lavaca, Calhoun County",Dangling feet in the water,M,13.0,N,,,other,unknown
1964-07-01,1964,Watercraft,PAPUA NEW GUINEA,New Ireland Province,Southern end,canoeing,,,N,,,other,unknown
1964-06-24,1964,Watercraft,USA,California,"Long Beach, Los Angeles County",Fishing,,,N,,2.1 m [7'] shark,fishing,other shark
1963-10-16,1963,Unprovoked,USA,Florida,"Biltmore Beach, near Panama City","Surf fishing, wading",M,28.0,N,17h30,500-lb shark,surfing,other shark
1963-03-30,1963,Sea Disaster,SOLOMON ISLANDS,Bougainville (North Solomons),,The 500-ton coastal trader Polurrian foundered,M,,Y,Night,,other,unknown
1963-01-06,1963,Unprovoked,SOUTH AFRICA,KwaZulu-Natal,"Selection Reef, Umdhloti",Spearfishing,M,24.0,N,16h00,"Zambesi shark, 2 m [6'9]",fishing,other shark
1963-01-01,1963,Watercraft,MOZAMBIQUE,,"Limpopo River, 547 km from the sea",,,,N,,Zambesi shark,other,other shark
1962-11-01,1962,Sea Disaster,MID ATLANTIC OCEAN,,Off Bermuda,Abandoning burning ship Captain George in raging seas,M,,N,06h00,,other,unknown
1962-08-19,1962,Unprovoked,USA,Texas,"Off Andy Bowie Park, Padre Island, near Port Isabel",Surf fishing in waist-deep water,M,40.0,Y,15h30,Unknown,surfing,unknown
1962-07-10,1962,Unprovoked,USA,Georgia,"St. Simons Island or Jeykll Island, Glynn County",Playing in surf with his child  (9),M,41.0,N,17h00,,surfing,unknown
1962-06-21,1962,Watercraft,SOUTH AFRICA,Western Cape Province,"Millers Point, False Bay",On a shark hunt,,,N,21h00,2.7 m to 3 m [9' to 10'] sharks,other,other shark
1962-01-14,1962,Unprovoked,AUSTRALIA,New South Wales,"Lennox Head, Ballina",Surfing,M,19.0,N,13h30,"Bronze whaler shark, 2.1 m [7'] shark",surfing,other shark
1961-07-07,1961,Provoked,AUSTRALIA,Queensland,Cape Moreton,Shark fishing,,,N,,"White shark, 5.2 m [17'], 2500-lb",fishing,white shark
1960-08-24,1960,Unprovoked,USA,Connecticut,"Off Eames Monument, Bridgeport, Fairfield County",Free diving,M,38.0,N,13h35,,diving,unknown
1960-08-14,1960,Invalid,MOZAMBIQUE,Delagoa Bay,Bella Vista,boat with 46 people on board capsized,,,,,Shark involvement not confirmed,watercraft,other shark
1960-07-27,1960,Unprovoked,PAPUA NEW GUINEA,Milne Bay Province,"Taupota, Samarai",Spearfishing,M,25.0,N,P.M.,,fishing,unknown
1960-07-02,1960,Unprovoked,PAPUA NEW GUINEA,Madang,"Bimat, Bogia",Fishing,M,,N,,,fishing,unknown
1959-12-11,1959,Provoked,AUSTRALIA,Victoria,"Altona, Melbourne","Spearfishing, Smith  & Walker touched shark with tip of their guns",M,,N,,2.7 m [9']  shark,fishing,other shark
,1959,Watercraft,USA,California,"Between False Klamath & mouth of Klamath River, Del Norte County",Pulling hooked salmon to boat,,,N,15h30,"White shark, 3.5 m [11.5'], identified by W. I.  Follett on tooth fragments",watercraft,white shark
,1959,Invalid,ITALY,Tuscany,"Cala del Corvo, Isola del Giglio",Scuba diving,M,,,,Shark involvement prior to death was not confirmed,diving,other shark
1959-02-02,1959,Unprovoked,SOLOMON ISLANDS,Guadalcanal Province,"Trench’s Beach, Guadalcanal Island",Bathing with sister,M,15.0,Y,17h00,,swimming,unknown
1959-01-01,1959,Unprovoked,PAPUA NEW GUINEA,West New Britain Province,"Poi, Kombe Talasea",Spear fishing,M,,N,,,fishing,unknown
1956-03-11,1956,Unprovoked,AUSTRALIA,New South Wales,"Cronulla, near Sydney",Bathing,M,13.0,N,,,swimming,unknown
1955-05-08,1955,Provoked,USA,California,"Malibu, Los Angeles County",Spearfishing,M,28.0,N,,2 m [6.75'] shark,fishing,other shark
1953-12-22,1953,Unprovoked,SOUTH AFRICA,Eastern Cape Province,Port Elizabeth,Swimming,M,23.0,N,,,swimming,unknown
1952-05-27,1952,Unprovoked,USA,California,"Imperial Beach, San Diego County",Swimming on surface,M,,N,10h00 or 14h00,"White shark, 2 m to 4 m [6'9 to 13']",surfing,white shark
1952-05-01,1952,Unprovoked,INDIA,,Off Trivandrum (west coast),"Fishing, standing in water next to purse net",M,,N,,A 2' (0.6 m) brown shark,swimming,other shark
1951-10-22,1951,Unprovoked,AUSTRALIA,Queensland,"Ocean baths, Kissing Point Beach",Swimming,M,42.0,Y,19h10,,swimming,unknown
1949-11-12,1949,Invalid,AUSTRALIA,Victoria,Port Phillip Bay,No details,M,,,,Shark involvement prior to death not confirmed,other,other shark
1949-07-16,1949,Provoked,USA,California,"10 miles off Redondo Beach, Los Angeles County",Fishing,M,16.0,N,,"Bonita sharkk, 200-lb",fishing,other shark
1949-05-13,1949,Provoked,AUSTRALIA,New South Wales,Nelson's Bay,"Examining netted shark, that had been shot",M,26.0,N,,,other,unknown
1948-12-27,1948,Unprovoked,AUSTRALIA,Western Australia,Lancelin Island,Swimming,M,17.0,Y,,His hand was found in a 2.4 m [8'] tiger shark caught 1/5/1949,swimming,other shark
1947-11-23,1947,Watercraft,AUSTRALIA,South Australia,3 miles out to sea off Glenelg,Fishing,,,N,,5.5 m [18'] shark,fishing,other shark
1947-04-06,1947,Unprovoked,AUSTRALIA,New South Wales,Palm Beach,Surfing,M,17.0,N,,,surfing,unknown
1946-01-07,1946,Unprovoked,SOUTH AFRICA,Western Cape Province,False Bay,Jumping in swells,M,18.0,N,12h00,1.5 m [5'] shark,other,other shark
1944-09-03,1944,Unprovoked,USA,Maryland,North Beach,Swimming,M,13.0,N,,,swimming,unknown
1944-01-14,1944,Unprovoked,AUSTRALIA,New South Wales,"First Beach, Forster",Surfing,M,14.0,N,17h00,,surfing,unknown
1943-07-18,1943,Sea Disaster,USA,Florida,"40 miles off Islamorada, near Cay Sal",Treading water after survivng crash of the US Navy airship K-74 that was hit by the German submarine U-134,M,,Y,,,swimming,unknown
1943-05-17,1943,Sea Disaster,CENTRAL PACIFIC,,68 miles east of Wallis Island,"S2N Navy scout plane went down, E.H. Almond & Lieut A.G. Reading in water",M,26.0,N,,,other,unknown
1943-05-17,1943,Sea Disaster,CENTRAL PACIFIC,,68 miles east of Wallis Island,"S2N Navy scout plane went down, E.H. Almond & Lieut A.G. Reading in water",M,,Y,,,other,unknown
1943-05-01,1943,Sea Disaster,INDIAN OCEAN,,,ship torpedoed 400 miles off the African coas. Man was clinging to hatch cover,M,,N,,Blue shark,other,other shark
1941-01-01,1941,Unprovoked,SOLOMON ISLANDS,New Georgia,Munda,Floating,M,,N,,,other,unknown
1940-03-31,1940,Unprovoked,SOUTH AFRICA,KwaZulu-Natal,"Danger Pool, Winkelspruit, South Coast",Treading water,M,25.0,Y,11h00,"White shark, species identity confirmed by tooth pattern",swimming,white shark
1940-01-07,1940,Unprovoked,SOUTH AFRICA,KwaZulu-Natal,"Warner Beach, South Coast",Swimming,M,18.0,Y,16h00,2.4 m [8'] shark,swimming,other shark
1939-07-14,1939,Provoked,USA,Texas,"West Bay, 19 miles from Galveston",Seine netting,M,,N,Morning,18' shark,other,other shark
1938-12-27,1938,Unprovoked,AUSTRALIA,New South Wales,"North Beach, Belligen River",Swimming,M,19.0,Y,,,swimming,unknown
1938-08-29,1938,Unprovoked,CHINA,North China,"Outer harbor, Hong Kong",Swimming alongside warship   Tsingt-ao,M,,Y,,,swimming,unknown
,1937,Provoked,CROATIA,Split-Dalmatia County,Bisk,Fishing,M,,N,,,fishing,unknown
1937-03-26,1937,Invalid,AUSTRALIA,New South Wales,South Cronulla,Bathing,M,16.0,,,Shark involvement prior to death was not confirmed,swimming,other shark
1937-02-04,1937,Watercraft,AUSTRALIA,New South Wales,Botany Bay,Fishing,,,N,03h00,,fishing,unknown
1935-06-05,1935,Unprovoked,SOLOMON ISLANDS,Makira-Uluwa Province,Makira Island,Fishing,M,,Y,,,fishing,unknown
1935-04-12,1935,Unprovoked,,,,Diving,F,,N,,,diving,unknown
1934-12-23,1934,Unprovoked,AUSTRALIA,New South Wales,Woy Woy  on the Brisbane Waters,Taken as he dived into the water,M,14.0,Y,13h00,,diving,unknown
1934-03-12,1934,Unprovoked,AUSTRALIA,New South Wales,"Dee Why, north of Queenscliff",Swimming in hip-deep water,M,17.0,Y,15h00,4 m [13'] shark seen in vicinity,swimming,other shark
1932-09-26,1932,Unprovoked,FIJI,Viti Levu Island,Navua,Catching a turtle,M,,N,,,other,unknown
1929-07-29,1929,Unprovoked,MEXICO,Tamaulipas,Tampico,Swimming,M,,N,,,swimming,unknown
1929-01-01,1929,Invalid,AUSTRALIA,New South Wales,Sydney Harbor,Swimming,M,,,,Invalid,swimming,unknown
1928-01-01,1928,Unprovoked,SOUTH AFRICA,Eastern Cape Province,Kei River mouth,Body surfing,M,18.0,N,11h00,1.2 m [4'] shark,surfing,other shark
1924-04-20,1924,Invalid,AUSTRALIA,Western Australia,Fremantle,Swimming,M,,,,Questionable,swimming,unknown
1924-03-28,1924,Unprovoked,SOLOMON ISLANDS,Central Province,Savo Island,Swimming,M,,N,,,swimming,unknown
1921-01-11,1921,Invalid,PHILIPPINES,"Cavite Province, Luzon",,,,,,,Questionable,other,unknown
1918-11-01,1918,Unprovoked,USA,Hawaii,Papaikou plantation,Fishing,M,,Y,,,fishing,unknown
1916-11-15,1916,Provoked,PANAMA,,Panama Canal,,M,,N,,,other,unknown
1904-01-01,1904,Unprovoked,USA,Hawaii,"Off Diamond Head, Honolulu, O'ahu",Swimming,M,,Y,,,swimming,unknown
1903-09-16,1903,Unprovoked,USA,New Jersey,"Atlantic City, Atlantic County",Fishing,M,,N,,9' shark,fishing,other shark
1894-12-11,1894,Provoked,USA,Florida,"North Beach, St. Augustine",Fishing,M,,N,,12' shark,fishing,other shark
1890-08-08,1890,Unprovoked,SAMOA,Upolu Island,Apia Harbour,Bathing,M,,N,,,swimming,unknown
1885-04-09,1885,Unprovoked,NEW ZEALAND,North Island,Auckland,Bathing,M,,N,,,swimming,unknown
1884-01-16,1884,Unprovoked,SOUTH AFRICA,Eastern Cape Province,"South Jetty, Port Elizabeth",Swimming,M,,Y,,,swimming,unknown
1882-01-01,1882,Unprovoked,AUSTRALIA,Queensland,Maryborough,,M,,N,,,other,unknown
,1880,Unprovoked,SOLOMON ISLANDS,Guadalcanal Province,Guadalcanal,,M,,N,,,other,unknown
1880-01-01,1880,Unprovoked,NEW ZEALAND,South Island,Campbell’s Point,,M,,N,,,other,unknown
1879-12-24,1879,Unprovoked,INDIA,Andaman Islands,Port Blair,Swimming,M,23.0,Y,,3 sharks,swimming,other shark
1864-10-02,1864,Sea Disaster,USA,North Carolina,"Cedar Island, Carteret County",Wreck of the Aphrodite,M,,Y,,,other,unknown
1864-09-18,1864,Provoked,FRANCE,Alpes Maritime,Antibes,Dragging a shark,M,,N,,1.5 m shark,other,other shark
1847-03-11,1847,Sea Disaster,AUSTRALIA,Queensland,Moreton Bay,Wreck of the Sovereign,M,,N,,,other,unknown
1840-12-01,1840,Unprovoked,AUSTRALIA,New South Wales,"Off Domain, Sydney Harbor",Swimming,M,,Y,,,swimming,unknown
1829-01-01,1829,Sea Disaster,CARIBBEAN SEA,,Between St. Bart's and Saba,Wreck of the schooner Driver,M,,Y,,,other,unknown
1826-08-28,1826,Sea Disaster,CUBA,,,HBM Magpie foundered in a squall,M,,Y,,,other,unknown
,1825,Unprovoked,AUSTRALIA,Tasmania,"Sweet Water Point, Pitt Water",Swimming,M,,Y,,,swimming,unknown
1823-12-30,1823,Invalid,JAMAICA,,,,M,,,,Shark involvement prior to death unconfirmed,other,other shark
1786-08-10,1786,Unprovoked,BARBADOS,,,Washing himself,M,,Y,,,other,unknown
2023-07-24,2023,Unprovoked,Australia,Western Australia,Gnarabup Beach,Surfing,M,,N,08h45,Wfite shark,surfing,other shark
2022-11-04,2022,Unprovoked,USA,California,"Del Mar Beach, San Diego County",Swimming,F,50.0,N,10h00,Juvenile white shark,swimming,other shark
2022-09-25,2022,Unprovoked,SOUTH AFRICA,Western Cape Province,"Central Beach, Plettenberg Bay",Swimming,F,39.0,Y,07h53,"White shark, 13'",swimming,white shark
2021-05-25,2021,Provoked,NEW CALEDONIA,Nouville,CHS Beach,Spearfishing,M,,Y,,,fishing,unknown
2021-02-02,2021,Watercraft,AUSTRALIA,South Australia,Gleneg,Surf skiing,M,17.0,N,19h00,Bronze whaler shark,surfing,other shark
2020-07-27,2020,Unprovoked,FRENCH POLYNESIA,Tuamotu Islands,Tikehau,Swimming,M,4.0,N,Evening,"Blacktip reef shark, juvenile",swimming,other shark
2020-06-04,2020,,USA,Delaware,"Herring Point, Sussex County",Skimboarding,M,12.0,N,13h00,Shark involvement unconfirmed but considered probable,watercraft,other shark
2019-12-20,2019,Provoked,AUSTRALIA,New South Wales,Shellharbour,Fishing,,,,,White shark,fishing,white shark
2019-10-17,2019,Unprovoked,AUSTRALIA,Queensland,"Woorim Beach, Bribie Island,",Surfing,M,17.0,N,17h30,7' shark,surfing,other shark
2019-09-15,2019,Unprovoked,USA,South Carolina,"Isle of Palms,  Charleston County",,F,22.0,N,,,other,unknown
2019-05-07,2019,Unprovoked,USA,California,"North Salmon Creek Beach, Sonoma County",Surfing,F,28.0,N,,White shark,surfing,white shark
2019-04-05,2019,Provoked,CHINA,Liaoning Province,"Laohutan Ocean Park Aquarium, Dalian City",Diving in shark tank,F,,N,,Sand tiger shark,diving,other shark
2019-03-21,2019,Unprovoked,MEXICO,Guerrero,Troncones,Swimming,M,32.0,N,17h30,,swimming,unknown
2018-11-14,2018,Watercraft,AUSTRALIA,Queensland,Moffat Beach,Kayaking,M,31.0,N,06h50,"Tiger shark, 13'",watercraft,tiger shark
2018-10-19,2018,Unprovoked,NEW ZEALAND,North Island,Baylys Beach,Surfing,M,25.0,N,18h00,"White Shark, 3.2m to 3.5m",surfing,white shark
2018-08-05,2018,Unprovoked,USA,North Carolina,"Bald Head Island, Brunswick County",Swimming/Standing,F,,N,10h30,,swimming,unknown
2018-02-14,2018,Invalid,AUSTRALIA,Queensland,Mooloolaba Beach,Swimming,F,,N,18h00,Possibly a wobbegong,swimming,other shark
2017-09-16,2017,Unprovoked,SPAIN,Canary Islands,Gran Canaria,Body surfing,M,13.0,N,,"Porbeagle, 1.5 m",surfing,other shark
2017-08-27,2017,Unprovoked,USA,Florida,Bathtub Beach,Wading,F,3.0,N,13h19,,swimming,unknown
2017-06-18,2017,Unprovoked,USA,South Carolina,"Burkes Beach, Hilton Head, Beaufort County",Swimming,F,14.0,N,,"Bull shark, 4' to 5'",swimming,bull shark
2017-05-12,2017,Unprovoked,UNITED ARAB EMIRATES,"Sharjah,",Khor Fakkan,Spearfishing,M,41.0,N,Morning,,fishing,unknown
2017-04-29,2017,Unprovoked,USA,California,"San Onofre, San Diego County",Swimming,F,,N,17h34,,swimming,unknown
2017-04-27,2017,Unprovoked,NEW ZEALAND,South Island,"Porpoise Bay, Catlins",Body boarding,F,,N,14h00,,watercraft,unknown
2017-04-10,2017,Unprovoked,USA,Florida,"Melbourne Beach, Brevard County",Swimming,F,21.0,N,17h00,,swimming,unknown
2017-04-02,2017,Unprovoked,AUSTRALIA,Queensland,Moreton Bay,Kakaying,M,39.0,N,Afternoon,,other,unknown
2017-03-18,2017,Watercraft,USA,California,Monterey Bay,Kayaking,M,,N,14h30,White shark,watercraft,white shark
2016-12-11,2016,Invalid,USA,Florida,"New Smyrna Beach, Volusia County",Surfing,M,19.0,,Afternoon,Shark involvement not confirmed,surfing,other shark
2016-10-13,2016,Invalid,MEXICO,,Guadalupe Island,Cage Diving,M,,,,White shark,diving,white shark
2016-09-05,2016,Unprovoked,AUSTRALIA,Western Australia,Injidup,Surfing,M,,N,Late afternoon,,surfing,unknown
2016-06-21,2016,Unprovoked,USA,Florida,"Pelican Beach Park, Satellite Beach, Brevard County",Wading,M,,N,14h55,,swimming,unknown
2016-04-23,2016,Unprovoked,USA,Florida,"New Smyrna Beach, Volusia County",Surfing,M,15.0,N,17h30,,surfing,unknown
2016-04-09,2016,Unprovoked,NEW CALEDONIA,Grand Terre,Poe Beach,Walking,F,69.0,Y,10h45,"Tiger shark, 2.5 m",other,tiger shark
2016-01-24,2016,Unprovoked,USA,Texas,Off Surfside,Spearfishing,M,,N,09h30 / 10h00,Bull sharks x 2,fishing,bull shark
2015-12-11,2015,Unprovoked,BAHAMAS,,Off Andros Island,Lobster fishing,M,26.0,N,,Bull shark,fishing,bull shark
2015-08-22,2015,Invalid,USA,Florida,"Cocoa Beach, Brevard  County",,M,,,19h45,Shark involvement not confirmed,other,other shark
2015-06-14,2015,Unprovoked,USA,North Carolina,"Oak Island, Brunswick County",Wading,M,16.0,N,17h51,Bull shark,swimming,bull shark
2015-01-30,2015,Watercraft,AUSTRALIA,Queensland,"Nerang River, Surfer's  Paradise",Rowing,M,57.0,N,05h00,"Bull shark, 1.3 m",other,bull shark
2014-11-08,2014,Unprovoked,USA,Florida,"Fort Pierce Inlet State Park, St. Lucie County",Surfing,M,18.0,N,16h30,,surfing,unknown
2014-08-24,2014,Unprovoked,USA,North Carolina,"Off Masonboro Island, New Hanover County",Kite boarding,,,N,,4' shark,watercraft,other shark
2014-08-08,2014,Unprovoked,USA,Louisiana,"Lake Ponchartain off Southshore Harbor, New Orleans",Swimming,M,7.0,N,Afternoon,"Bull shark, 5'",swimming,bull shark
2014-07-05,2014,Unprovoked,USA,California,"Oceano Dunes State Beach, San Luis Obispo County",Surfing,M,,N,07h00 - 08h00,,surfing,unknown
2014-06-08,2014,Unprovoked,JAPAN,Atsumi peninsula,Aichi,Surfing,M,43.0,N,Afternoon,,surfing,unknown
2013-08-31,2013,Unprovoked,USA,California,"Butterfly Beach, Montecito, Santa Barbara County",Swimming,M,,N,23h00,Salmon shark,swimming,other shark
2013-07-11,2013,Unprovoked,USA,North Carolina,Holden Beach. Brunswick County,Wading,F,63.0,N,15h20,,swimming,unknown
2013-03-29,2013,Unprovoked,SEYCHELLES,,Ile Platte,Free diving,M,34.0,N,,,diving,unknown
2012-09-25,2012,Unprovoked,USA,Florida,"Melbourne Beach, Brevard County",Surfing,M,21.0,N,16h30,5' shark,surfing,other shark
2012-08-15,2012,Unprovoked,USA,Alabama,"Gulf Shores, Baldwin County",Wading or swimming,M,31.0,N,,,swimming,unknown
2012-06-22,2012,Unprovoked,AUSTRALIA,Tasmania,South Cape Bay,Surfing,M,,N,,,surfing,unknown
2012-05-23,2012,Unprovoked,USA,Florida,"Jacksonville, Duval County",Surfing,M,22.0,N,15h00,4' to 5' shark,surfing,other shark
2011-09-19,2011,Unprovoked,REUNION,Saint-Gilles,Boucan-Canot,Body boarding,M,38.0,Y,15h30,,watercraft,unknown
2011-08-16,2011,Unprovoked,SEYCHELLES,Praslin,Anse Lazio,Swimming or Snorkeling,M,30.0,Y,16h30,"Bull shark, 6'",swimming,bull shark
2011-06-24,2011,Unprovoked,USA,California,"San Onofre State Beach, San Diego County",Surfing,M,,N,13h30,"White shark, 5' k",surfing,white shark
2010-11-12,2010,Watercraft,AUSTRALIA,Western Australia,Between Carnac and Garden Islands,Fishing,M,,N,Night,White shark,fishing,white shark
2010-10-30,2010,Unprovoked,AUSTRALIA,Western Australia,Off Garden Island,Snorkeling,F,20.0,N,12h30,White shark,other,white shark
2010-07-02,2010,Unprovoked,USA,California,"Pismo Beach, San Luis  Obispo County",Surfing,M,19.0,N,Evening,4' shark,surfing,other shark
2010-04-19,2010,Unprovoked,USA,Hawaii,"Hanalei Bay, Kauai",Surfing,M,68.0,N,16h00,14' shark,surfing,other shark
2010-04-04,2010,Unprovoked,EGYPT,Sinai Peninsula,Sharm el-Sheikh,Swimming / treading water,M,24.0,N,14h00,"Oceanic whitetip shark, 6'",swimming,other shark
2009-07-30,2009,Unprovoked,AUSTRALIA,New South Wales,Broken Head,Surfing,M,14.0,N,06h15,,surfing,unknown
2009-05-17,2009,Unprovoked,USA,Florida,"New Smyrna Beach, Volusia County",Surfing,M,31.0,N,09h35,blacktip or spinner shark,surfing,other shark
2008-12-27,2008,Unprovoked,AUSTRALIA,New South Wales,Seal Rocks,Boogie Boarding,M,10.0,N,,,watercraft,unknown
2008-08-20,2008,Unprovoked,USA,Florida,"Sanibel Island, Lee County",Swimming,M,47.0,N,14h45,,swimming,unknown
2008-07-05,2008,Unprovoked,USA,South Carolina,"Litchfield Beach, Georgetown County",,F,17.0,N,14h21,,other,unknown
2008-01-19,2008,Invalid,NEW ZEALAND,South Island,Marfells Beach,Wading,M,,,,No shark involvement,swimming,other shark
2007-12-15,2007,Unprovoked,AUSTRALIA,Queensland,South Stradbroke Island,Swimming,M,,N,,a small shark,swimming,other shark
2007-09-27,2007,Unprovoked,EGYPT,Red Sea,Daedalus Reef,Swimming,F,,N,07h00,Oceanic whitetip sharks were in the vicinity,swimming,other shark
2007-06-30,2007,Unprovoked,USA,California,"Will Rogers State Beach, Los Angeles County",Swimming,F,,N,10h00,,swimming,unknown
2007-06-05,2007,Unprovoked,AUSTRALIA,New South Wales,"Shelly Beach, Crescent Head",Surfing,M,,N,Sunset,,surfing,unknown
2007-01-09,2007,Unprovoked,AUSTRALIA,New South Wales,Sandbar Beach,Surfing,M,,N,06h30,2.4 m shark,surfing,other shark
2006-09-02,2006,Unprovoked,SOUTH AFRICA,Western Cape Province,Noordhoek,Surfing,M,37.0,N,,"White shark, 3.5m",surfing,white shark
2006-07-29,2006,Unprovoked,USA,Florida,"Playalinda Beach, Canaveral National Seashore, Brevard County",Surfing,M,15.0,N,,,surfing,unknown
2006-07-17,2006,Unprovoked,USA,South Carolina,"Singleton Beach, Hilton Head Island, Beaufort County",Standing,M,49.0,N,10h00,"Angel shark, 1.2m",swimming,other shark
2006-04-19,2006,Unprovoked,USA,Florida,"Daytona Beach, Volusia County",Standing,F,13.0,N,15h00,,swimming,unknown
2005-11-21,2005,Unprovoked,USA,Florida,"Jensen Beach, Martin County",Surfing,M,,N,Afternoon,4' shark,surfing,other shark
2005-10-11,2005,Unprovoked,GRAND CAYMAN,East Wall,Jack McKenney's Canyon,Scuba diving,F,57.0,N,15h00,Caribbean reef sharks,diving,other shark
2005-09-20,2005,Unprovoked,USA,South Carolina,"Myrtle Beach, Horry County",Body surfing,F,68.0,N,16h30,3' to 4' shark,surfing,other shark
2004-08-15,2004,Unprovoked,USA,California,"Kibesillah, Mendocino County",Diving,M,50.0,Y,16h00,4.9 m to 5.5 m [16' to 18'] white shark,diving,other shark
2004-06-02,2004,Unprovoked,SOUTH AFRICA,Western Cape Province,Dyer Island,"Swimming, poaching perlemoen",M,21.0,Y,15h00,White shark,swimming,white shark
2004-05-22,2004,Invalid,USA,Florida,St. Augustine  St. Johns County,Swimming,M,9.0,,,Shark involvement not confirmed,swimming,other shark
2003-11-27,2003,Unprovoked,SOUTH AFRICA,KwaZulu-Natal,Sodwana,Spearfishing,M,21.0,Y,>08h00,"Tiger shark, 4 m [13']  ?",fishing,tiger shark
2003-07-05,2003,Unprovoked,USA,Florida,"Canova Beach, Brevard County",Surfing,M,21.0,N,,1.5 m to 1.8 m [5' to 6'] shark,surfing,other shark
2003-05-14,2003,Unprovoked,USA,Florida,"Ponce de Leon Inlet, Volusia County",Wading,M,22.0,N,13h23,3' to 5' shark,swimming,other shark
2002-12-24,2002,Unprovoked,SOUTH AFRICA,Western Cape Province,Scarborough,Snorkeling,M,25.0,N,Just after 12h00,"White shark, 4 m white shark",other,white shark
2002-10-05,2002,Unprovoked,USA,Florida,"New Smyrna Beach, Volusia County",Surfing,M,14.0,N,12h00,Blacktip or spinner shark,surfing,other shark
2002-10-05,2002,Unprovoked,USA,Florida,"New Smyrna Beach, Volusia County",Surfing,M,35.0,N,13h30,3.5' to 4.5' shark,surfing,other shark
2002-09-21,2002,Unprovoked,USA,Oregon,Cape Kiwanda,Boogie boarding or Surfing,M,24.0,N,,2.4 m [8'] shark,surfing,other shark
2002-09-16,2002,Unprovoked,USA,Hawaii,"Hideaways Beach, Princeville, Kaua'i",Body boarding,,,N,07h50,,watercraft,unknown
2001-05-11,2001,Invalid,MADAGASCAR,,Shipwrecked Ferry M/V Samsonnette,,M,,,,Shark involvement prior to death was not confirmed,other,other shark
2001-03-03,2001,Unprovoked,BRAZIL,Pernambuco,"Boa Viagem Beach, Recife",Swimming,M,20.0,Y,,,swimming,unknown
2000-09-29,2000,Unprovoked,USA,California,"Mavericks, Half Moon Bay, San Mateo County",Sitting on surfboard,M,,N,09h00,"White shark, 4.3 m [14']",surfing,white shark
2000-08-21,2000,Unprovoked,USA,North Carolina,"Bouges Bank, Emerald Isle, Carteret County",Swimming out to porpoises,M,,N,,,swimming,unknown
2000-07-06,2000,Unprovoked,USA,North Carolina,"Pine Island, Corolla, Currituck County",Playing,F,12.0,N,16h30,"Tiger shark, 0.9 m to 1.5 m [3' to 5'] ?",other,tiger shark
2000-07-02,2000,Unprovoked,USA,Florida,"Smyrna Dunes  Park, New Smyrna Beach, Volusia County",Wading,F,13.0,N,17h00,0.9 m [3'] shark,swimming,other shark
2000-07-01,2000,Unprovoked,TANZANIA,,"Coco Beach, Dar-es-Salaam",Swimming,,,Y,,Thought to involve a Zambesi shark,swimming,other shark
2000-02-21,2000,Unprovoked,USA,Florida,"Riviera Beach, Palm Beach County",,M,27.0,N,Afternoon,,other,unknown
1999-03-18,1999,Unprovoked,NEW ZEALAND,South Island,Codfish Island (Whenua Hau) west of Stewart Island,Spearfishing & diving for paua,M,,N,,"Sevengill shark, 2.4 m [8']",fishing,other shark
1999-01-01,1999,Invalid,USA,Virginia,"Sandridge Beach, Virginia Beach, Princess Anne County",Body surfing,M,,,,Shark involvement not confirmed,surfing,other shark
1998-09-01,1998,Provoked,SENEGAL,Cap Vert Peninsula,Yoff Island,Spearfishing,M,25.0,N,,1.5 m shark,fishing,other shark
1998-07-06,1998,Unprovoked,SOUTH AFRICA,Western Cape Province,Plettenberg Bay,Surfing,M,10.0,N,,"Raggedtooth shark, 1.2 m [4']",surfing,other shark
1997-06-02,1997,Unprovoked,USA,Florida,"Daytona Beach Shores,  Volusia County","Body surfing, stood up on sandbar",M,33.0,N,10h25,1.2 m [4'] shark (spinner shark?),surfing,other shark
1996-06-25,1996,Unprovoked,USA,South Carolina,"Fripp Island, Beaufort County",Body surfing,F,24.0,N,Afternoon,,surfing,unknown
1995-08-31,1995,Unprovoked,USA,Florida,"North Beach Inlet, St. Lucie County",Surfing,M,19.0,N,,1.2 m to 1.5 m [4' to 5'] shark,surfing,other shark
1995-08-22,1995,Unprovoked,USA,Florida,"Ponce de Leon Inlet, Volusia County",Surfing,M,19.0,N,19h00,small shark,surfing,other shark
1995-07-07,1995,Unprovoked,BRAZIL,Pernambuco,Candeias,Surfing,M,18.0,Y,,,surfing,unknown
1994-12-09,1994,Unprovoked,USA,California,"San Miguel Island, Santa Barbara County",Commercial diver (submerged or treading water),M,42.0,Y,08h45,5 m to 5.5 m [16.5' to 18'] white shark,swimming,other shark
1993-09-30,1993,Unprovoked,SOMALIA,Banaadir Region,Mogadishu,Swimming,M,21.0,Y,,,swimming,unknown
1993-09-26,1993,Unprovoked,SOUTH AFRICA,Western Cape Province,Danger Point,Spearfishing,M,36.0,N,11h30,3 m [10'] white shark,fishing,other shark
1993-09-14,1993,Unprovoked,USA,Florida,"Huguenot Memorial Park, Duval County",Wading,M,19.0,N,,3' shark,swimming,other shark
1993-09-09,1993,Unprovoked,USA,Florida,"Little Talbot Island, Jacksonville, Duval County",,M,16.0,N,,,other,unknown
1993-01-04,1993,Watercraft,CARIBBEAN SEA,,Off Dominican Republic,,M,,N,,Two 3 m [10'] oceanic whitetip sharks,other,other shark
1992-11-25,1992,Unprovoked,USA,Florida,"Brevard County, a mile north of Sebastian Inlet",Surfing,M,19.0,N,07h30,6' to 7' blacktip shark,surfing,other shark
1992-01-01,1992,Invalid,JAPAN,Sea of Japan,Kanazawa?,,,,,,Questionable incident,other,unknown
1991-09-19,1991,Invalid,BAHAMAS,,Bimini,Spearfishing,M,32.0,,17h00,Invalid,fishing,unknown
1989-10-08,1989,Invalid,USA,North Carolina,"Between Wrightsville Beach & Carolina Beach, New Hanover County",Diving,M,49.0,,Late afternoon,Shark involvement suspected but not confirmed,diving,other shark
1989-02-02,1989,Unprovoked,ITALY,Tyrrhenian Sea,"Golfo di Baratti, near Piombino (Tuscany)","Scuba diving, but swimming on surface",M,47.0,Y,10h25,6 m [20'] white shark,surfing,other shark
1989-01-01,1989,Unprovoked,USA,Virginia,"Coral Gardens Reef, 6 miles SSE of Chicoteague Inlet",Spearfishing using scuba & trailing a string of bleeding fish,M,,N,,,fishing,unknown
1988-07-01,1988,Unprovoked,BAHAMAS,,,Spearfishing,M,,N,,,fishing,unknown
1987-07-01,1987,Unprovoked,BAHAMAS,,,Spearfishing,M,,N,,2.5 to 3 m shark,fishing,other shark
1986-01-12,1986,Unprovoked,USA,Florida,"Singer Island, Riviera Beach, Palm Beach County",Surfing,M,22.0,N,08h35,Blacktip shark,surfing,other shark
1985-10-12,1985,Unprovoked,USA,Hawaii,"Barbers Point, O'ahu",Floating on inner tube after diving for lobster,M,24.0,N,,1.8 m to 2.4 m [6' to 8'] shark,diving,other shark
1984-02-17,1984,Provoked,SOUTH AFRICA,KwaZulu-Natal,"Shark tank at Oceanographic Research Insitute, Durban",Scuba diving,M,33.0,N,09h00,1.5 m [5'] dusky shark,diving,other shark
1983-07-12,1983,Unprovoked,USA,Florida,"Caloosahatchee River, Lee County",Windsurfing,F,39.0,N,Afternoon,3.5' hammerhead shark,surfing,other shark
1983-04-02,1983,Unprovoked,USA,Florida,"Lake Worth Beach, Palm Beach County",Surfing,M,16.0,N,11h00,,surfing,unknown
1982-03-10,1982,Unprovoked,USA,Florida,"Palm Beach, Palm Beach County",Surfing,M,16.0,N,14h00,,surfing,unknown
1982-02-07,1982,Unprovoked,USA,Florida,Elliot Key,Diving,M,29.0,Y,,,diving,unknown
1982-01-01,1982,Watercraft,ITALY,Tyrrhenian Sea,"Lacona, Isola d'Elba",Boat,M,,,,6 m [20'] white shark,watercraft,other shark
1981-09-15,1981,Unprovoked,USA,Florida,"Tampa Bay, Manatee County",Swimming,M,26.0,Y,P.M.,Said to involve a tiger shark or a hammerhead shark,swimming,other shark
1981-08-10,1981,Unprovoked,USA,Florida,"Marathon, Monroe County",Diving,M,,N,,small nurse shark,diving,other shark
1981-07-18,1981,Unprovoked,SOUTH AFRICA,Eastern Cape Province,Nahoon,Surfing,M,32.0,N,10h15,Possibly a  1.8 m [6'] Zambezi shark,surfing,other shark
,1981,Unprovoked,GREECE,Pagasitikos Gulf,,"Free diving / spearfishing,",M,,N,,,fishing,unknown
1980-01-10,1980,Unprovoked,SOUTH AFRICA,Eastern Cape Province,King’s Beach,Swimming,M,25.0,N,18h30,"Raggedtooth shark, 2 m [6'9]",swimming,other shark
1977-03-13,1977,Sea Disaster,AUSTRALIA,Queensland,Near Moreton Island in Moreton Bay,"Their 9 m launch was run down by a 25,000-ton Japanese freighter  on the night of 3-11-1977 & they drifted, clinging to an icebox for 2 days",M,74.0,Y,,,other,unknown
1976-07-12,1976,Unprovoked,USA,Florida,St. Lucie County,Spearfishing,M,23.0,N,,6' to 8' shark,fishing,other shark
1976-02-03,1976,Watercraft,SOUTH AFRICA,Western Cape Province,False Bay,Shark watching,,,N,,2.5 m [8.25'] white shark,other,other shark
1976-01-11,1976,Provoked,SOUTH AFRICA,Western Cape Province,Kalk Bay,Fishing for snoek & yellowtail,,,N,07h30,"White shark, 3 m [10']",fishing,white shark
1975-06-15,1975,Unprovoked,USA,Alabama,5 miles off the coast,Swimming near his boat,M,27.0,N,,,swimming,unknown
1974-06-20,1974,Unprovoked,USA,Florida,"New Smyrna Beach, Volusia County",Swimming,F,61.0,N,08h55,,swimming,unknown
1973-12-18,1973,Unprovoked,PHILIPPINES,Luzon,,Swimming,M,19.0,Y,,,swimming,unknown
1973-04-04,1973,Unprovoked,MEXICO,Guerrero,"Revolcadero Beach, Acapulco",Wading,M,45.0,Y,18h00,,swimming,unknown
1972-12-31,1972,Unprovoked,SOUTH AFRICA,Western Cape Province,Millers Point,Treading water,M,29.0,N,14h00,,swimming,unknown
1971-12-05,1971,Unprovoked,AUSTRALIA,Queensland,Gladstone,,M,20.0,Y,,,other,unknown
1971-09-07,1971,Unprovoked,CROATIA,Istria County,Ika,Swimming,M,34.0,Y,10h30,White shark,swimming,white shark
1971-01-01,1971,Unprovoked,CROATIA,Istria,Ika,Swimming,M,,,,White shark,swimming,white shark
1970-09-28,1970,Unprovoked,MICRONESIA,Eastern Caroline Islands,Truk Lagoon,Diving,M,43.0,N,10h00,1.8 to 2 m C. albimarginatus,diving,other shark
1970-01-16,1970,Sea Disaster,EGYPT,Red Sea,A few miles south of Port Suez,Air disaster,M,,Y,,,other,unknown
1968-05-01,1968,Unprovoked,PAPUA NEW GUINEA,New Ireland Province,,Standing,M,17.0,N,,,swimming,unknown
1967-03-10,1967,Invalid,AUSTRALIA,New South Wales,"Dover Heights, Sydney",Vehicle plunged over cliff into the water,,,,,Shark involvement prior to death was not confirmed,other,other shark
1966-01-09,1966,Unprovoked,SOUTH AFRICA,KwaZulu-Natal,Umkomaas,Body surfing,M,15.0,N,14h00,1.8 m to 2 m [6' to 6'9] shark,surfing,other shark
1965-09-08,1965,Unprovoked,MEXICO,Veracruz,Playa Villa del Mar,,M,23.0,N,18h00,300-kg [662-lb] shark,other,other shark
1964-12-25,1964,Unprovoked,SOUTH AFRICA,Eastern Cape Province,Port Alfred,Swimming,M,19.0,N,17h00,Raggedtooth shark,swimming,other shark
1964-08-03,1964,Unprovoked,JAPAN,Okayama Prefecture,Saidaiji,Swimming,M,12.0,N,,,swimming,unknown
1964-05-08,1964,Unprovoked,FIJI,Vita Levu,Naviti,Spearfishing,M,35.0,Y,11h30,Tiger shark,fishing,tiger shark
1964-01-23,1964,Unprovoked,SOUTH AFRICA,Eastern Cape Province,Nahoon,Body surfing,M,39.0,N,16h00,,surfing,unknown
1963-12-26,1963,Unprovoked,AUSTRALIA,Queensland,"Figtree Ledge, Hervey Bay",Sitting on gunwale of boat,M,,N,Dawn,"4.3 m [14'], 1000-lb shark",watercraft,other shark
1963-12-04,1963,Unprovoked,NEW BRITAIN,"South Coast, East New Britain",Pomio,Spearfishing,M,22.0,Y,,Tiger shark,fishing,tiger shark
1962-10-14,1962,Watercraft,AUSTRALIA,South Australia,Port Phillip Bay,Adrift after wave swamped engine,M,,N,,Grey nurse shark,other,other shark
1962-06-11,1962,Unprovoked,USA,California,San Francisco Bay,Escaping from Alacatraz,M,32.0,Y,Night,,other,unknown
1962-01-21,1962,Provoked,AUSTRALIA,New South Wales,Cronulla,Spearfishing,M,19.0,N,,"Bronze whaler shark,  3m [10']",fishing,other shark
1961-09-26,1961,Provoked,USA,Florida,"Florida Keys, Monroe County",,M,16.0,N,16h30,,other,unknown
1961-04-03,1961,Unprovoked,AUSTRALIA,Victoria,Flinders Island,Spearfishing,M,24.0,N,,"Grey nurse shark, 2,7 m [9'], 200-lb",fishing,other shark
1960-08-04,1960,Unprovoked,USA,Delaware,"Mispillion Light, Delaware Bay","Fishing, Struck by another shark when removing shark from line",M,46.0,N,,2.4 m [8'] shark,fishing,other shark
1960-06-27,1960,Provoked,NEW ZEALAND,Cook Strait,Tory Channel,Shark fishing,,,N,,"White shark, 15'2",fishing,white shark
1960-02-19,1960,Unprovoked,PAPUA NEW GUINEA,Central Province,"Tupuselei Village, about 40 miles east of Port Moresby",Spearfishing,M,26.0,Y,,"Tiger shark, 3.4 m [11'] captured",fishing,tiger shark
1960-01-30,1960,Unprovoked,PAPUA NEW GUINEA,Madang (WO),"Off Taludig Village, at mouth of the Murnass River",,M,,N,,3.5 m [11'6] shark captured,other,other shark
1960-01-21,1960,Watercraft,AUSTRALIA,South Australia,Millicent,,,,N,,Blue pointer,other,other shark
1959-09-02,1959,Invalid,USA,New York,"Oak Beach, Fire Inlet",On inflatable raft,M,,,,Questionable incident,other,unknown
1959-04-09,1959,Unprovoked,SOUTH AFRICA,Eastern Cape Province,Port Elizabeth,Fishing,M,,N,,,fishing,unknown
1959-03-01,1959,Watercraft,USA,Florida,Miami,"On boat, preparing to dive",M,,N,,Tiger shark 4.3 m [14'],diving,tiger shark
1959-01-01,1959,Unprovoked,PAPUA NEW GUINEA,"New Ireland Province, Bismarck Archipelago","Enuk Island, Kavieng",,M,,Y,,,other,unknown
1957-07-09,1957,Unprovoked,AUSTRALIA,Torres Strait,Near Thursday Island,Diving for trochus,M,36.0,N,,9' shark,diving,other shark
1957-04-28,1957,Unprovoked,USA,California,"Atascadero Beach, Morro Bay, San Luis Obispo County",Swimming,M,25.0,Y,13h30,White shark,swimming,white shark
1957-01-01,1957,Unprovoked,IRAN,Karun River,Hesamabad,,M,,N,,Bull shark,other,bull shark
1956-08-15,1956,Unprovoked,USA,Puerto Rico,North coast,Skin diving,M,13.0,Y,,,diving,unknown
1956-03-04,1956,Unprovoked,AUSTRALIA,Victoria,"Portsea Beach, near entrance to Port Phillip Bay","Swimming, attacked at  surf carnival",M,26.0,Y,16h45,3.7 m [12'] shark & may have been another shark nearby,surfing,other shark
1955-01-01,1955,Provoked,CUBA,Havana Province,Cojimar,Fishing,M,,N,,a little shark,fishing,other shark
1953-07-01,1953,Unprovoked,PANAMA,Gulf of Panama,60 miles offshore,Retrieving bait box that had fallen overboard,M,19.0,N,,,watercraft,unknown
1952-08-04,1952,Provoked,ITALY,Genoa  Province,Riva Trigoso,Fishing,M,17.0,N,,200-lb shark,fishing,other shark
1950-12-16,1950,Unprovoked,AUSTRALIA,Queensland,"Palm Beach North, 5 miles north of Burleigh Heads, Brisbane",Treading water,M,20.0,Y,16h15,,swimming,unknown
1950-11-12,1950,Watercraft,AUSTRALIA,Queensland,Yeppoon,Paddling a canoe,M,18.0,N,,10' shark,other,other shark
1948-12-14,1948,Unprovoked,CUBA,Guantanamo Province,10 miles off Cape Maisi,"2 messboys (Jeppsen) & Tony Latona (13) were playing on the afterdeck of the Danish ship Grete Maersk. Jeppsen fell overboard, Latona threw a lifebelt then jumped in to help him. Ship didn’t notice they were missing",M,14.0,N,,,watercraft,unknown
1948-03-01,1948,Provoked,PAPUA NEW GUINEA,"New Ireland Province, Bismarck Archipelago","Punam Passage, Rataman census div, Namatanai",Spearfishing,M,30.0,N,,grey shark,fishing,other shark
,1943,Unprovoked,USA,Hawaii,"Midway Island, Northwestern Hawaiian Islands",Spearfishing,M,,N,,small sharks,fishing,other shark
1941-01-01,1941,Unprovoked,PAPUA NEW GUINEA,,"Gaire Village, between Rigo & Port Moresby",,M,14.0,N,,,other,unknown
1940-01-01,1940,Unprovoked,AUSTRALIA,Queensland,"Malagil, Barrier Reef",Diving for trochus,M,,N,,,diving,unknown
1937-11-11,1937,Unprovoked,AUSTRALIA,Torres Strait,Ota Reef,Diving for trochus,M,17.0,Y,,12' shark,diving,other shark
1937-02-13,1937,Unprovoked,AUSTRALIA,New South Wales,"Bar Beach, Newcastle",Swimming,M,32.0,Y,15h20,White shark,swimming,white shark
1935-03-20,1935,Unprovoked,AUSTRALIA,Torres Strait,Three Mile Reef off Lizard Island 50 miles north of Cooktown,"Pearl diving, but standing in the water",M,,N,,Tiger shark 3 m  [10'],swimming,tiger shark
1935-01-24,1935,Watercraft,AUSTRALIA,Queensland,"Ross River, Townsville",Fishing for sharks,,,N,,2 sharks,fishing,other shark
1934-08-26,1934,Unprovoked,AUSTRALIA,Queensland,Off Eva Island 20 miles from Cardwell,Dived into sea from launch & bitten immediately,M,,Y,,,diving,unknown
1932-10-11,1932,Unprovoked,CAPE VERDE,Barlavento Islands,São Vicente,Swimming,M,27.0,Y,,,swimming,unknown
1932-08-06,1932,Provoked,BAHAMAS,New Providence District,"Nassau, New Providence Island",On expedition filming a feature movie & standing on tripod,M,18.0,N,,,swimming,unknown
1932-01-11,1932,Watercraft,AUSTRALIA,Victoria,Frankston,Fishing,,,,,Grey nurse shark,fishing,other shark
1929-12-09,1929,Unprovoked,,,,,M,20.0,Y,,,other,unknown
1929-02-09,1929,Watercraft,AUSTRALIA,Western Australia,Glenelg,Canoeing,,,N,,"Blue pointer, 12'",other,other shark
1929-01-01,1929,Unprovoked,AUSTRALIA,New South Wales,"Garden Island, Sydney",,M,,N,,,other,unknown
1928-11-12,1928,Sea Disaster,USA,Virginia,"200 miles off Hampton Roads, Virginia, USA","Sea Disaster, sinking of the  SS Vestris",M,,Y,,,other,unknown
1928-07-11,1928,Unprovoked,AUSTRALIA,,,Pearl diving,M,,N,,,diving,unknown
1927-02-09,1927,Unprovoked,AUSTRALIA,Queensland,Brisbane River,Attempting to rescue drowning man,M,,N,,,other,unknown
1927-01-01,1927,Unprovoked,AUSTRALIA,Torres Strait,Thursday Island,Pearl diving,M,,N,,,diving,unknown
1926-03-17,1926,Unprovoked,AUSTRALIA,South Australia,"West Beach, Brighton",Swimming,F,,Y,15h45,"White shark, 3.7 m [12']",swimming,white shark
1925-01-01,1925,Unprovoked,FIJI,Viti Levu Island,"Suva Harbor, Suva",Diving for coins tossed from passenger ship,M,,N,,,diving,unknown
1922-05-24,1922,Unprovoked,JAMAICA,Westmoreland Parish,Savanna-la-Mar,Swimming,M,19.0,Y,10h00,6' shark,swimming,other shark
1922-03-20,1922,Unprovoked,JAMAICA,Kingston Parish,Kingston Harbor,Fishing,M,,N,,,fishing,unknown
1921-11-27,1921,Unprovoked,AUSTRALIA,Queensland,"Gay’s Corner, Bulimba Reach of Brisbane River",Fell from his father's back into the water,M,8.0,Y,Morning,,other,unknown
1920-06-27,1920,Provoked,CANADA,Halifax,"Slaunwhite's Ledge, Hubbard Cove",Harpooned shark,,,N,,15',other,other shark
1920-01-15,1920,Unprovoked,AUSTRALIA,New South Wales,"Throsby Creek, Newcastle",Swimming,M,12.0,Y,10h00,,swimming,unknown
1917-07-15,1917,Sea Disaster,IRELAND,Off Ireland,82 miles from Fastnet,Ship Mariston torpedoed & sunk,M,,Y,Morning,,other,unknown
1916-08-24,1916,Unprovoked,USA,Louisiana,"off Grand Lake, Cameron Parish",Shrimping,M,,N,Afternoon,,other,unknown
1916-04-03,1916,Unprovoked,AUSTRALIA,Victoria,Carrum,Clinging to overturned rowing boat,M,17.0,Y,,,watercraft,unknown
1912-08-30,1912,Unprovoked,USA,Georgia,"Tybee Island, Chatham County",Swimming,M,12.0,Y,,,swimming,unknown
1909-09-04,1909,Provoked,USA,Delaware,"Lewes, Sussex County",Seine netting,M,,N,,5' shark,other,other shark
1907-09-11,1907,Unprovoked,CROATIA,"Split-Dalmatia Count,","Sucurja, Hvar Island,",Swimming,F,,Y,,,swimming,unknown
1907-04-20,1907,Unprovoked,MEXICO,Oaxaca,Salina Cruz,Bathing,M,,N,,,swimming,unknown
1905-08-24,1905,Invalid,EGYPT,Suez Canal,Port Said,Human head found in shark caught by British steamer Syria,M,,,,"Tiger shark, 3.9 m",other,tiger shark
1900-08-21,1900,Unprovoked,USA,North Carolina,"Southport, Brunswick County",Bathing,M,,N,Afternoon,,swimming,unknown
,1900,Unprovoked,SOUTH AFRICA,Eastern Cape Province,Port Elizabeth,Swimming,M,,N,Early morning,,swimming,unknown
1897-03-15,1897,Unprovoked,USA,Massachusetts,30 miles south of Lynn,Fishing,M,,Y,,,fishing,unknown
1895-01-01,1895,Watercraft,AUSTRALIA,Western Australia,"Dampier's Creek, Broome",,,,N,,,other,unknown
1892-06-20,1892,Unprovoked,CUBA,Havana Province,Havana Harbor,Riding a horse,M,,Y,,,other,unknown
1891-09-14,1891,Sea Disaster,KIRIBATI,Line Islands,Flint Island,"Sea Disaster, canoes capsized in storm",,,Y,,,other,unknown
1890-01-01,1890,Unprovoked,INDIA,Tamil Nadu,Tuticorin,Diving,M,,,,,diving,unknown
1886-01-28,1886,Unprovoked,SOUTH AFRICA,Eastern Cape Province,"South Jetty, Port Elizabeth",Diving off jetty,M,,N,07h00,,diving,unknown
1884-04-28,1884,Unprovoked,BRAZIL,,Bahia,Fell overboard from the steamship Chala,M,,Y,,,watercraft,unknown
1880-05-14,1880,Unprovoked,INDIA,West Bengal,Hoogly River,Bathing in river,F,60.0,N,,,swimming,unknown
1879-03-19,1879,Unprovoked,NEW ZEALAND,North Island,Napier,Standing,M,19.0,Y,,,swimming,unknown
,1875,Unprovoked,AUSTRALIA,Western Australia,Sharks Bay,Sitting on gunwale of boat,M,,Y,,,watercraft,unknown
1871-05-22,1871,Unprovoked,SRI LANKA,Eastern Province,Trincomalee,Bathing,M,,N,,,swimming,unknown
1868-01-04,1868,Sea Disaster,AUSTRALIA,South Australia,Belfast (now Port Fairy),Fishing,,,N,,,fishing,unknown
1863-12-14,1863,Unprovoked,GUINEA,Conakry Region,Ile de Loss,"Bathing near whaling ship (bark A. R. Tucker of New Bedford, Massachusetts)",M,18.0,Y,Evening,,swimming,unknown
1863-07-09,1863,Provoked,USA,Hawaii,Palama,Fishing,M,,N,,,fishing,unknown
1857-05-05,1857,Unprovoked,USA,Florida,"Cape Sable, Monroe County",Swimming,M,,Y,,,swimming,unknown
1847-07-03,1847,Unprovoked,USA,Hawaii,,Hilo,M,,N,,,other,unknown
1832-01-23,1832,Unprovoked,AUSTRALIA,New South Wales,Sydney,Bathing,M,,N,,,swimming,unknown
1829-07-03,1829,Unprovoked,SIERRA LEONE,Western Area,,,M,,N,,,other,unknown
1811-03-01,1811,Unprovoked,,,,Fell overboard,M,,Y,,,watercraft,unknown
1800-01-01,1800,Unprovoked,SEYCHELLES,St. Anne,,a corsair's boat was overturned,F,,Y,,,watercraft,unknown
1791-01-01,1791,Unprovoked,AUSTRALIA,New South Wales,Port Jackson,,F,,Y,,,other,unknown
1767-01-01,1767,Invalid,FRANCE,Côte d'Azur,St. Tropez,Bathing,M,,,,Description of shark does not ring true,swimming,other shark
,1700,Unprovoked,FRANCE,,Nice,,M,,Y,,,other,unknown
2023-06-08,2023,Unprovoked,EGYPT,Red Sea Protectorate,"Dream Beach, Hurguda",Swimming,M,24.0,Y,15h00,"Tiger shark, 13'",swimming,tiger shark
2023-03-25,2023,Unprovoked,USA,Florida,"Blue Fish Channel, Key West, Monroe County",Kite-Surfing,M,67.0,N,14h00,,surfing,unknown
2022-10-28,2022,Sea Disaster,USA,Louisiana,25 mikes from Empire,Fishing,M,40.0,N,Morning,,fishing,unknown
2022-10-23,2022,Unprovoked,AUSTRALIA,South Australia,Seacliff,Surf skiing,M,19.0,N,11h15,3m shark,surfing,other shark
2021-12-25,2021,Unprovoked,New Zealand,South Island,Pororari River,Swimming,F,9.0,N,,,swimming,unknown
2021-09-09,2021,Unprovoked,USA,Florida,"Ponce Inlet, Volusia County",Surfing,M,,N,13h20,,surfing,unknown
2021-08-07,2021,Provoked,AUSTRALIA,Queensland,North Stradbroke Island,Harassing sharks,M,,N,,,other,unknown
2021-07-30,2021,Provoked,USA,Florida,"Ponce Inlet, Volusia County",Fishing,M,47.0,N,11h00,,fishing,unknown
2021-07-14,2021,Unprovoked,SOUTH AFRICA,Eastern Cape Province,Jeffrey's Bay,Surfing,M,38.0,N,07h07,,surfing,unknown
2021-05-21,2021,Unprovoked,AUSTRALIA,Western Australia,Quondong Beach,Spearfishing,M,48.0,N,11h20,,fishing,unknown
2021-05-18,2021,Unprovoked,AUSTRALIA,New South Wales,Turncurry Beach,Surfing,M,59.0,Y,11h15,"White shark, 4.5 m",surfing,white shark
2021-03-30,2021,Unprovoked,USA,Florida,"Vero Beach, Indian River County",,M,,N,13h00,,other,unknown
2021-01-23,2021,Unprovoked,AUSTRALIA,New South Wales,Lake Macquarie,Swimming,M,58.0,N,18h30,,swimming,unknown
2020-08-19,2020,,USA,South Carolina,"Myrtle Beach, Horry County",Wading,F,,N,1415.0,,swimming,unknown
2020-07-13,2020,Unprovoked,AUSTRALIA,Queensland,Fitzroy Island,Snorkeling,F,29.0,N,11h45,2 m shark,other,other shark
2020-05-30,2020,Unprovoked,AUSTRALIA,Queensland,Lucinda,Spearfishing,M,18.0,N,,Bull shark,fishing,bull shark
2020-01-02,2020,Questionable,AUSTRALIA,Western Australia,Esperance,Swimming after being swept off rocks,M,21.0,Y,16h10,,swimming,unknown
2019-10-05,2019,Watercraft,USA,California,"Ship Rock near Catalina, Los Angeles County",Kayaking,M,51.0,N,16h30,White shark,watercraft,white shark
2019-06-16,2019,Unprovoked,USA,Georgia,"Wilmington River, Chatham County",Swimming,M,64.0,N,09h00,"Bull shark, 4' to 5'",swimming,bull shark
2019-02-02,2019,Watercraft,SOUTH AFRICA,KwaZulu-Natal,Mtunzini,Fishing,M,,N,,,fishing,unknown
2019-02-02,2019,Unprovoked,USA,Florida,Key Biscayne,Spearfishing,M,50.0,N,10h00,Bull shark,fishing,bull shark
2018-10-24,2018,Unprovoked,AUSTRALIA,Western Australia,"Guillotines surf break, Shire of Augusta Margaret River",Surfing,M,,N,09h00,,surfing,unknown
2018-10-19,2018,Unprovoked,AUSTRALIA,New South Wales,Samurai Beach,Body Surfing,M,50.0,N,07h00,Bull shark?,surfing,bull shark
2018-09-29,2018,Unprovoked,USA,California,"Beacons Beach, San Diego County",Diving,M,13.0,N,06h55,"White shark, 11'",diving,white shark
2017-11-24,2017,Unprovoked,USA,California,"Stillwater Cove, Monterey County",Spearfishing,M,25.0,N,13h45,"White shark, 4.6 m",fishing,white shark
2017-10-21,2017,Watercraft,NEW ZEALAND,North Island,"Off Tapuna Beach, Auckand",Kayaking,M,,N,09h00,2 m shark,watercraft,other shark
2017-08-05,2017,Unprovoked,EGYPT,Red Sea Protectorate,Marsa Ghalib,Snorkeling,F,20.0,N,,"Oceanic whitetip shark, 1.8 to 2 m",other,other shark
2017-04-12,2017,Unprovoked,USA,Florida,St. Augustine,Surfing,F,,N,13h45,,surfing,unknown
2016-12-19,2016,Unprovoked,SOUTH AFRICA,Western Cape Province,"Keurbooms Lagoon, Plettenberg Bay",Surf skiing,M,55.0,N,07h00,"White shark, 4 m",surfing,white shark
2016-10-29,2016,Unprovoked,USA,Florida,Mayport Naval Station  Duval County,Surfing,M,42.0,N,Afternoon,,surfing,unknown
2016-07-23,2016,Unprovoked,AUSTRALIA,Tasmania,Clifton Beach,Surfing,M,36.0,N,,,surfing,unknown
2016-05-15,2016,Provoked,USA,Florida,"Boca Raton, Palm Beach County",Teasing a shark,F,23.0,N,13h20,"Nurse shark, 2'",other,other shark
2016-04-25,2016,Unprovoked,INDONESIA,Bali,Balian,Surfing,M,24.0,N,07h00,"Bull shark, 6'",surfing,bull shark
2016-04-08,2016,Invalid,CAPE VERDE,Boa Vista Island,,,M,60.0,,,Shark involvement not confirmed,other,other shark
2016-01-24,2016,Watercraft,UNITED ARAB EMIRATES,Fujairah Emirate,35 miles off Fujairah,Fishing,M,,N,,Mako shark,fishing,other shark
2015-09-20,2015,Unprovoked,USA,Florida,"Fernandina Beach, Amelia Island, Nassau County",Wading,M,12.0,N,12h30,4' shark,swimming,other shark
2015-09-01,2015,Unprovoked,THAILAND,Phuket,Karon Beach,Wading,F,37.0,N,08h30,small shark,swimming,other shark
2015-07-04,2015,Unprovoked,USA,North Carolina,"Off Surf City, Pender County",,M,32.0,N,Evening,,other,unknown
2015-04-25,2015,Unprovoked,AUSTRALIA,South Australia,Fishery Bay,Surfing,M,26.0,N,09h45,"White shark, 6 m",surfing,white shark
2015-02-15,2015,Watercraft,ATLANTIC OCEAN,,,Transatlantic Rowing,,,N,,White shark,other,white shark
2014-12-28,2014,Unprovoked,USA,California,"Montaña de Oro State Park, San Luis Obispo County",Surfing,M,50.0,N,11h30,"White shark, 8' to 10'",surfing,white shark
2014-12-15,2014,Unprovoked,AUSTRALIA,Queensland,Rudder Reef,Spearfishing,M,17.0,Y,11h30,Tiger shark,fishing,tiger shark
2014-10-19,2014,Watercraft,USA,California,"Leadbetter Beach, Santa Barbara County",Canoeing,F,,N,,,other,unknown
2014-08-27,2014,Unprovoked,USA,North Carolina,"Figure Eight Island,  New Hanover County",Surfing,M,29.0,N,,4' to 6' shark,surfing,other shark
2014-06-17,2014,Provoked,AUSTRALIA,Western Australia,Horizontal Falls,Petting a shark,M,,N,,"Lemon shark, 3.5 m",other,other shark
2014-05-04,2014,Unprovoked,SOUTH AFRICA,Western Cape Province,Simonstown,Diving,,,N,,Cow shark,diving,other shark
2014-03-22,2014,Unprovoked,USA,Florida,Delray Beach,Kite Surfing,M,,N,,4' to 5' shark,surfing,other shark
2014-02-20,2014,Unprovoked,FRENCH POLYNESIA,Society Islands,Huahine,Kitesurfing,M,21.0,N,16h00,Blacktip reef shark,surfing,other shark
2013-12-05,2013,Unprovoked,AUSTRALIA,New South Wales,"Shelly Beach, near Port Macquarie",Surfing,M,26.0,N,18h15,"Wobbegong shark, 1.6 to 1.8m",surfing,other shark
2013-11-12,2013,Unprovoked,AUSTRALIA,Western Australia,"Trigg Beach, Perth",Surfing,M,,N,15h00,Reported to involve a white shark,surfing,other shark
2013-07-30,2013,Unprovoked,USA,South Carolina,"Isle of Palms, Charleston County",Swimming,M,32.0,N,,,swimming,unknown
2013-04-17,2013,Unprovoked,USA,Florida,"Near Boynton Beach, Palm Beach County",Playing in the surf,M,9.0,N,10h30,3' shark,surfing,other shark
2013-03-21,2013,Unprovoked,BAHAMAS,Eleuthera,Savannah Sound,Fly fishing,M,50.0,N,,,fishing,unknown
2013-01-13,2013,Unprovoked,NEW ZEALAND,Mercury Islands,Great Mercury Island,Spearfishing,M,,N,,"Bronze whaler shark, 3m",fishing,other shark
2012-10-16,2012,Invalid,USA,Florida,Hobe Sound,,M,,,17h00,Shark involvement not confirmed,other,other shark
2012-07-30,2012,Unprovoked,USA,Massachusetts,"Ballston Beach, Truro, Cape Cod",Body surfing,M,50.0,N,15h30,Thought to involve a white shark,surfing,other shark
2012-06-26,2012,Unprovoked,USA,Hawaii,"Kahana Beach, Maui",Sitting in the water,F,16.0,N,09h45,a small reef shark,other,other shark
2012-03-14,2012,Unprovoked,USA,Florida,"New Smyrna Beach, Volusia County",Surfing,F,15.0,N,16h00,4' to 5' shark,surfing,other shark
2011-09-24,2011,Unprovoked,USA,South Carolina,"North Myrtle Beach, Horry County",Jumping in the waves,M,5.0,N,10h00,,other,unknown
2011-09-11,2011,Unprovoked,PAPUA NEW GUINEA,Central Province,"Hula, near Port Moresby",Kite Surfing,M,30.0,N,Afternoon,"Tiger shark, 2m",surfing,tiger shark
2011-04-26,2011,Unprovoked,USA,Florida,"Riviera Beach, Palm Beach County",Spearfishing,M,32.0,N,,"Bull shark, 12'",fishing,bull shark
2010-08-10,2010,Unprovoked,SOUTH KOREA,Jeju Province,Jeju Island,Swimming,F,16.0,N,Late afternoon,,swimming,unknown
2010-07-04,2010,Unprovoked,SOUTH AFRICA,KwaZulu-Natal,"Two Mile Reef, Sodwana Bay",Snorkeling,F,21.0,N,,,other,unknown
2010-06-15,2010,Unprovoked,VIETNAM,Binh Dinh Province,Quy Nhon,Swimming,M,17.0,N,17h00,1 m shark,swimming,other shark
2010-06-01,2010,Unprovoked,USA,Florida,"Ponte Vedra Beach, St Johns County",Surfing,M,20.0,N,,,surfing,unknown
2010-02-13,2010,Unprovoked,AUSTRALIA,Queensland,"Dent Island, Whitsundays",Snorkeling,F,60.0,N,13h30,2 m shark,other,other shark
2009-11-25,2009,Invalid,USA,California,"Huntington Beach, Orange County",Surfing,M,49.0,,15h30,Shark involvement not confirmed,surfing,other shark
2009-10-09,2009,Unprovoked,USA,California,"San Onofre State Beach, San Diego County",Surfing,M,,N,11h00,,surfing,unknown
2009-09-26,2009,Unprovoked,USA,Florida,"Key Colony Beach, Monroe County",Swimming,M,,N,17h30,"Bull shark, 8'",swimming,bull shark
2009-09-02,2009,Invalid,NEVIS,,Castle Beach,Swimming,M,,,,Invalid,swimming,unknown
2009-07-29,2009,Unprovoked,VIETNAM,Binh Dinh Province,Quy Nhon,Swimming,F,41.0,N,17h30,,swimming,unknown
2009-05-16,2009,Unprovoked,USA,Florida,"New Smyrna Beach, Volusia County",Surfing,M,55.0,N,10h16,blacktip or spinner shark,surfing,other shark
2009-04-19,2009,Unprovoked,USA,Florida,"Carlin Park, Jupiter Inlet",Surfing,M,52.0,N,16h00,,surfing,unknown
2009-01-24,2009,Unprovoked,AUSTRALIA,New South Wales,"Surf Beach, Batemans Bay",Swimming,M,19.0,N,16h30,,swimming,unknown
2008-11-06,2008,Unprovoked,PHILIPPINES,Luzon,"off Paoay, Ilocos Norte Province",Fishing,M,39.0,Y,10h00 -- 11h00,,fishing,unknown
2008-09-07,2008,Unprovoked,AUSTRALIA,New South Wales,"Clarks Beach, Byron Bay",Surfing,M,51.0,N,12h00,3 m shark,surfing,other shark
2008-08-30,2008,Unprovoked,AUSTRALIA,New South Wales,"Tallow Beach, Byron Bay",Surfing,M,29.0,N,,,surfing,unknown
2008-05-24,2008,Unprovoked,MEXICO,Guerro,Playa Linda,Surfing,M,49.0,N,Early morning,3 m shark,surfing,other shark
2008-05-14,2008,Unprovoked,FIJI,Yasawa Islands,Turtle Island,Night diving,M,28.0,Y,Night,,diving,unknown
2008-02-15,2008,Unprovoked,USA,Florida,"Ponce Inlet, Volusia County",Surfing,M,25.0,N,17h00,,surfing,unknown
2007-09-03,2007,Unprovoked,USA,Florida,"Fort Lauderdale, Broward County",Swimming,M,58.0,N,09h45,Possibly a spinner shark,swimming,other shark
2007-06-25,2007,Unprovoked,USA,Florida,"New Smyrna Beach, Volusia County",Surfing,M,20.0,N,17h30,4' shark,surfing,other shark
2007-02-04,2007,Invalid,COSTA RICA,,,Swimming,M,36.0,,,Shark involvement prior to death was not confirmed,swimming,other shark
2007-01-19,2007,Invalid,AUSTRALIA,New South Wales,Brunswick Heads,Swimming,M,20.0,,,Shark involvement prior to death was not confirmed,swimming,other shark
2006-12-11,2006,Unprovoked,NEW ZEALAND,North Island,"Raglan, Manu Bay",Surfing,M,10.0,N,11h00,2 to 3 m shark,surfing,other shark
2006-07-09,2006,Unprovoked,USA,Florida,"New Smyrna Beach, Volusia County",Wading,M,40.0,N,17h00,,swimming,unknown
2005-12-21,2005,Unprovoked,USA,Hawaii,"Keawakapu Beach, Maui",Swimming,M,29.0,N,11h45,Tiger shark,swimming,tiger shark
2005-08-21,2005,Unprovoked,USA,South Carolina,"34th Avenue North, Myrtle Beach, Horry County",Swimming,M,8.0,N,Morning,Possibly a sandbar shark or small blacktip shark,swimming,other shark
2005-07-17,2005,Provoked,CHINA,Shanghai,"Ocean World, Changfeng Park",Scuba diving in aquarium tank,M,24.0,N,,3.5 m [11.5']shark,diving,other shark
2004-11-11,2004,Unprovoked,VANUATU,Malampa Province,Malakula (Malakula Island),Snorkeling,M,,N,09h00,,other,unknown
2004-01-01,2004,Unprovoked,AUSTRALIA,Western Australia,Redgate Beach,Surfing,M,,N,Morning,,surfing,unknown
2003-09-14,2003,Unprovoked,USA,Florida,"New Smyrna Beach, Volusia County",Surfing,M,30.0,N,16h14,3' shark,surfing,other shark
2003-08-29,2003,Provoked,USA,Texas,1.5 miles off Surfside,Fishing,M,,N,12h20,1.2 m [4'] bull shark,fishing,other shark
2003-04-23,2003,Unprovoked,BRAZIL,Pernambuco,"Pau Amarelo Beach, Paulista District (17 km from Recife)",Surfing,M,17.0,N,17h00,Bull shark,surfing,bull shark
2003-04-11,2003,Unprovoked,VENEZUELA,Nueva Esparta,"El Yaqu, Isla de Margarita",Surfing,M,28.0,N,--,"Mako shark, 3 m [10']",surfing,other shark
2003-02-27,2003,Unprovoked,NEW ZEALAND,Southland,East side of Bench Island in the Foveaux Strait,Scuba diving,M,44.0,N,11h45,2.5 m [8.25'] white shark,diving,other shark
2002-11-14,2002,Unprovoked,TURKS & CAICOS,Caicos Bank,French Cay,Snorkeling,F,41.0,N,08h40,1.8 m to 2.1 m [6' to 7']  Caribbean Reef Shark,other,other shark
2001-09-15,2001,Unprovoked,USA,Florida,A quarter mile north of Fort Pierce Inlet,Boogie boarding,M,,N,15h00,2' to 3.5' shark,watercraft,other shark
2001-08-19,2001,Unprovoked,USA,Florida,"Wilbur-by-the-Sea, Volusia County",Surfing,F,17.0,N,11h20,,surfing,unknown
2001-08-04,2001,Unprovoked,BAHAMAS,Grand Bahama Island,Freeport,Swimming,M,36.0,N,10h20,,swimming,unknown
2001-04-12,2001,Unprovoked,USA,Florida,"New Smyrna Beach / Waveland, Volusia County",Surfing,M,22.0,N,11h53,Possibly a 1.5 m [5'] blacktip or spinner shark,surfing,other shark
2000-11-04,2000,Unprovoked,USA,California,"1/4 to 1/2 m north of the jetty at Bunkers, Eureka, Humboldt County",Surfing,M,27.0,N,16h30,"White shark, 2.4 m to 3 m [8' to 10']",surfing,white shark
2000-10-09,2000,Unprovoked,USA,Florida,"Lake Worth Inlet/West Palm Beach, Palm Beach County",Surfing,M,17.0,N,Morning,2.1 to 2.4 m [7' to 8'] shark,surfing,other shark
2000-07-12,2000,Unprovoked,TONGA,Minerva Reef,Treated at Nuku-alofa,Scuba diving,M,69.0,N,,"Grey reef shark, 2 m [6.75']",diving,other shark
2000-06-30,2000,Unprovoked,PAPUA NEW GUINEA,Madang Province,"Long Island near Madang, about 500 km (310 miles) north of the South Pacific nation's capital of Port Moresby",,M,,Y,,,other,unknown
2000-06-19,2000,Unprovoked,USA,Florida,"Seminole Avenue, Ormond Beach, Volusia County",Standing,M,52.0,N,07h50,,swimming,unknown
1999-12-14,1999,Invalid,USA,California,"Off Ventura, Anacapa & Santa Cruz Islands",Scuba diving,M,,,,Shark involvement not confirmed,diving,other shark
1999-11-01,1999,Unprovoked,MARSHALL ISLANDS,Alinglaplap Atoll,Island J4H,Swimming,M,12.0,N,,"Grey reef shark, 1.2 m [4']",swimming,other shark
1999-01-01,1999,Unprovoked,SOUTH AFRICA,Western Cape Province,"Hospital Rock, Dyers Island",Spearfishing,M,30.0,N,12h00,"White shark, 4.6 m [15']",fishing,white shark
1998-01-14,1998,Unprovoked,MOZAMBIQUE,Maputo Province,Ponta do Ouro,Surfing,M,23.0,N,13h15,Small dusky shark or blackfin shark,surfing,other shark
1996-10-01,1996,Unprovoked,BRAZIL,Pernambuco,,,,,N,,,other,unknown
1996-07-10,1996,Unprovoked,USA,Florida,"New Smyrna Beach, Volusia County",,M,18.0,N,13h45,,other,unknown
1996-02-19,1996,Provoked,USA,Missouri,St. Louis,Swimming in fish tank,F,32.0,N,,nurse shark,swimming,other shark
1995-08-26,1995,Unprovoked,USA,Florida,"Ponce de Leon Inlet, Volusia County",Surfing,M,18.0,N,14h10,a small shark,surfing,other shark
1995-08-07,1995,Unprovoked,USA,Florida,"Ponce de Leon Inlet, Volusia County",Body boarding,M,12.0,N,14h10,1.2 m to 1.5 m [4' to 5'] shark,watercraft,other shark
1995-08-01,1995,Invalid,TONGA,Vava’u,Neiafu,Fishing,M,,,,Invalid,fishing,unknown
1995-07-03,1995,Provoked,USA,Mississippi,"Cat Island, Harrison County",Fishing,F,32.0,N,,Blacktip shark,fishing,other shark
1994-12-18,1994,Unprovoked,USA,Hawaii,"Kinikini, Mana, Kaua'i","Surfing, sitting on board",,,N,14h45,,surfing,unknown
1994-12-09,1994,Sea Disaster,USA,,1200 miles east of New Jersey,,M,,Y,,,other,unknown
1994-12-01,1994,Unprovoked,BRAZIL,Pernambuco,Paiva,Surfing,M,,Y,,,surfing,unknown
1994-05-31,1994,Unprovoked,USA,Florida,"Ponce Inlet, Volusia County",Surfing,M,24.0,N,10h30,,surfing,unknown
1994-02-27,1994,Unprovoked,SOUTH AFRICA,Western Cape Province,Saxon Reef,Spearfishing,M,,N,11h00,3 m [10'] shark,fishing,other shark
1993-09-16,1993,Unprovoked,EL SALVADOR,La Libertad,El Cocal Beach,Surfing,M,17.0,Y,,,surfing,unknown
1993-06-09,1993,Unprovoked,AUSTRALIA,New South Wales,"Julian Rocks, Byron Bay",Scuba diving,M,31.0,Y,09h30,Remains recovered from 5.5 m [18'] white shark,diving,other shark
1992-07-23,1992,Invalid,USA,Hawaii,"Wai'anae, O'ahu","Zosimo & his son, Jeffrey Popa, failed to return from overnight fishing trip in a 14' boat, Boat apparently sank, debris recovered but his son & boat were never found",M,,,,Invalid,fishing,unknown
1992-06-19,1992,Unprovoked,VANUATU,Malampa Province,"Port Sandwich, Malakula",Swimming,F,21.0,N,,,swimming,unknown
1992-06-01,1992,Unprovoked,REUNION,Saint-Paul,,Diving,,,N,,Mako shark,diving,other shark
1991-10-12,1991,Unprovoked,USA,Florida,"Melbourne Beach, Brevard County",Surfing,M,21.0,N,08h30,1.8 m [6'] shark,surfing,other shark
1989-01-26,1989,Unprovoked,USA,California,"Latigo Point / Paradise Cove,west of Malibu, Los Angeles County",Kayaking,F,24.0,Y,10h15,5 m [16.5'] white shark,watercraft,other shark
1987-10-11,1987,Unprovoked,SOUTH AFRICA,Western Cape Province,"Seal Island, False Bay",Spearfishing,M,21.0,N,12h15,White shark,fishing,white shark
1987-05-25,1987,Unprovoked,USA,South Carolina,"Myrtle Beach, Horry County",,M,12.0,N,,1.5 m to 1.8 m [5' to 6'] shark,other,other shark
1986-11-19,1986,Unprovoked,USA,Florida,"Indiatlantic, Brevard County",Surfing,M,26.0,N,10h40,,surfing,unknown
1986-01-01,1986,Unprovoked,USA,California,"Linda Mar Beach, Pedro Point, San Mateo County",Surfing,M,16.0,N,13h00,1.5 m [5'] shark,surfing,other shark
1984-11-04,1984,Provoked,USA,Florida,"Fowey Rock, Key Biscayne",Spearfishing,M,29.0,N,,a small shark,fishing,other shark
1984-09-22,1984,Unprovoked,USA,Florida,,Swimming,M,,N,,,swimming,unknown
1984-02-18,1984,Provoked,SOUTH AFRICA,Eastern Cape Province,"Paradise Beach, Jeffrey’s Bay",Fishing,M,,N,Night,"Raggedtooth shark, 56-kg [123-lb]",fishing,other shark
1983-08-13,1983,Provoked,USA,Florida,"Riviera Beach, Palm Beach County",Skindiving,M,14.0,N,,Nurse shark,diving,other shark
1983-05-31,1983,Unprovoked,USA,Florida,"Intracoastal Waterway, Boca Raton, Palm Beach County",Water-skiing,M,21.0,N,Dusk,6' shark,watercraft,other shark
1983-04-02,1983,Invalid,SOUTH AFRICA,KwaZulu-Natal,Mpande,,M,,,,Questionable incident,other,unknown
1982-03-07,1982,Unprovoked,AUSTRALIA,New South Wales,"Tallow Beach, Byron Bay",Surfing,M,20.0,Y,12h00,,surfing,unknown
1982-03-01,1982,Unprovoked,NEW CALEDONIA,,,Spearfishing,M,,N,,,fishing,unknown
1980-01-15,1980,Provoked,SOUTH AFRICA,KwaZulu-Natal,Anstey’s,Spearfishing,M,29.0,N,05h00,2 m [6'9] Zambesi shark,fishing,other shark
,1980,Invalid,GREECE,Island of Kos,,Surfing,M,,,,Said to involve a white shark but shark involvement not confirmed,surfing,other shark
1979-06-19,1979,Sea Disaster,USA,Florida,10 miles off Cape Canaveral,Floating with life preserver after his boat foundered,M,56.0,N,Morning,,watercraft,unknown
1978-09-02,1978,Unprovoked,AUSTRALIA,Tasmania,"Cape Pillar, Storm Bay",Scuba diving for abalone,M,34.0,N,,15' shark,diving,other shark
1977-06-06,1977,Unprovoked,USA,Texas,Padre Island,Collecting fish from net,M,25.0,N,,"Bull shark, 4' to 5'",fishing,bull shark
1977-04-21,1977,Unprovoked,USA,Hawaii,"Ka'anapali, Maui",Swimming,M,,N,,1.2 m [4'] shark,swimming,other shark
1976-11-01,1976,Provoked,SOUTH AFRICA,Western Cape Province,Macassar,Fishing for white shark,,,N,,"White shark, 4.8 m",fishing,white shark
1975-11-02,1975,Unprovoked,USA,Florida,"Crescent Beach, St. Johns County",Surfing,M,18.0,N,,6' shark,surfing,other shark
1975-08-04,1975,Unprovoked,HONG KONG,Mirs Bay,,Freedom swimming,M,24.0,N,,,swimming,unknown
1975-07-04,1975,Unprovoked,USA,Florida,"Indiatlantic, Brevard County",Surfing,M,16.0,N,,,surfing,unknown
1975-04-05,1975,Unprovoked,SOUTH AFRICA,Western Cape Province,Millers Point,Spearfishing Competition,M,,N,Afternoon,"White shark, 600-kg [1323-lb]",fishing,white shark
1974-03-01,1974,Watercraft,SOUTH AFRICA,Western Cape Province,Macassar,Fishing for kob,,,N,,White shark,fishing,white shark
1974-02-01,1974,Watercraft,SOUTH AFRICA,Western Cape Province,Macassar,Fishing for red fish,,,N,,5 m white shark,fishing,other shark
1973-06-13,1973,Unprovoked,HONG KONG,,,Freedom Swimming,M,,N,,,swimming,unknown
1972-12-25,1972,Unprovoked,MEXICO,Guerrero,"Revolcadero Beach, Acapulco",Body surfing,M,17.0,Y,Afternoon,,surfing,unknown
1972-12-08,1972,Provoked,AUSTRALIA,New South Wales,"Marineland, Sydney",,,24.0,N,,,other,unknown
1972-01-01,1972,Unprovoked,MOZAMBIQUE,Gaza,Xai Xai,Standing,M,24.0,N,16h20,"White shark, 2.5 m [8.25']",swimming,white shark
1970-12-07,1970,Unprovoked,MICRONESIA,Namonuito Atoll,Pisarach (Pisaras),Fishing,M,,N,23h00,1.8 m shark,fishing,other shark
1969-05-14,1969,Unprovoked,AUSTRALIA,Queensland,Broomfield Reef,,,,N,,,other,unknown
1968-04-29,1968,Invalid,USA,Florida,"Fort Lauderdale, Broward County",Wading,M,63.0,,14h00,Shark involvement not confirmed,swimming,other shark
1967-11-30,1967,Unprovoked,AUSTRALIA,Queensland,Surfer's Paradise,,M,18.0,N,,Grey nurse shark,other,other shark
1967-11-01,1967,Invalid,SOUTH AFRICA,KwaZulu-Natal,Brighton Beach,,F,,,,Shark involvement prior to death was not confirmed,other,other shark
1967-02-06,1967,Sea Disaster,MEXICO,Veracruz,Cabo Rojo,The shrimper Loless Maurine capsized in heavy seas & the men were swimming ashore,M,,Y,14h00,,swimming,unknown
,1966,Invalid,BAHAMAS,Bimini Islands,Tongue of the Ocean,Diving / UW photography,M,,,,Invalid,diving,unknown
1966-08-23,1966,Unprovoked,NEW BRITAIN,Duke of York Islands,"Butliwan Village, 15 miles north of Rabaul",Diving into water,F,9.0,Y,Midday,A pack of 6 sharks,diving,other shark
1966-07-31,1966,Unprovoked,USA,Texas,"South Jetty, Galveston",Diving for sand dollars,M,16.0,N,,Lemon shark or sandtiger shark,diving,other shark
1966-01-11,1966,Unprovoked,SOUTH AFRICA,Eastern Cape Province,Riet River,Standing,M,16.0,N,09h00,1.5 m to 1.8 m [5' to 6'] Zambesi shark,swimming,other shark
1965-11-21,1965,Provoked,AUSTRALIA,Queensland,Near Brisbane,Fishing from 34' boat when pulled overboard by hooked shark,M,43.0,Y,,4.6 m [15'] shark,fishing,other shark
1965-11-03,1965,Invalid,PANAMA,Caribbean Sea,Golfo de los Mosquitos,Argentine Air Force C-54,,,,07h32,Shark involvement not confirmed,other,other shark
1964-12-10,1964,Watercraft,AUSTRALIA,New South Wales,Port Jervis,Fishing,,,N,10h30,4.6 m [15'] shark,fishing,other shark
1964-11-05,1964,Watercraft,USA,Puerto Rico,,Longline fishing,,,N,18h00,Mako shark,fishing,other shark
1964-06-17,1964,Watercraft,PAPUA NEW GUINEA,New Britain,Near Rabaul,Fishing,M,,N,,2.4 m [8'] shark,fishing,other shark
1963-09-22,1963,Unprovoked,SOLOMON ISLANDS,Ysabel Island,Susukana Plantation,Spearing fish,M,30.0,Y,13h00,5.5 m [18'] shark,fishing,other shark
1963-04-17,1963,Unprovoked,SOUTH AFRICA,KwaZulu-Natal,Amanzimtoti,Swimming,M,15.0,N,12h45,,swimming,unknown
1962-08-01,1962,Unprovoked,SENEGAL,Cap Vert Peninsula,,Beach seine netting,M,23.0,N,,3.5 m shark,other,other shark
1962-02-02,1962,Watercraft,NEW ZEALAND,North Island,South of New Plymouth,Fishing,,,,,,fishing,unknown
1962-01-16,1962,Provoked,NEW ZEALAND,South Island,"Pigeon Bay, Canterbury",Fishing,,,N,,Said to involve a 4.9 m [16'] red shark,fishing,other shark
,1962,Unprovoked,INDONESIA,East Flores,Waewerang,,,,Y,,,other,unknown
1961-06-24,1961,Unprovoked,USA,Florida,"500 yards from Fowey Rock Light, 9 miles east of Key Biscayne, Miami",Scuba diving & spearfishing,M,23.0,Y,09h30,,fishing,unknown
1960-09-22,1960,Sea Disaster,PACIFIC OCEAN,180 miles southeast of Okinawa,,R5D aircraft went down with 29 on board,M,,N,,,watercraft,unknown
1960-04-20,1960,Provoked,SOUTH AFRICA,Eastern Cape Province,Port Alfred,Fishing,M,,N,,"Raggedtooth shark, 100-lb",fishing,other shark
1960-02-03,1960,Invalid,USA,Hawaii,Maui,S2F-1 airplane crashed immediately after carrier take-off,,,,02h00,Shark involvement prior to deaths was not confirmed,other,other shark
1959-11-29,1959,Unprovoked,AUSTRALIA,Victoria,"Fairhaven Beach, Lorne",Body surfing,M,19.0,N,14h45,3.5 m [11.5'] shark,surfing,other shark
1958-12-23,1958,Unprovoked,SOUTH AFRICA,Western Cape Province,"Melkbaai, False Bay",Swimming,M,14.0,Y,,,swimming,unknown
1958-04-05,1958,Unprovoked,SOUTH AFRICA,KwaZulu-Natal,Uvongo,Paddling in knee-deep water,F,28.0,Y,11h10,3 m [10'] shark,other,other shark
1957-12-20,1957,Unprovoked,SOUTH AFRICA,KwaZulu-Natal,Uvongo,Standing,M,15.0,Y,16h00,,swimming,unknown
1956-06-20,1956,Sea Disaster,MID ATLANTIC OCEAN,,Venezuelan aircraft lost,Air/Sea Disaster,,,Y,,,other,unknown
1956-01-05,1956,Unprovoked,AUSTRALIA,New South Wales,North Bondi,Surf skiing,M,25.0,N,,5' to 6' shark,surfing,other shark
1956-01-01,1956,Unprovoked,GREECE,Corfu Island,Kérkira,Swimming off yacht,F,15.0,Y,,White shark,swimming,white shark
1955-08-30,1955,Unprovoked,JAPAN,Izo Islands,"Mikura-jima Island, 150 miles south of Tokyo",Fishing,M,,Y,,,fishing,unknown
1954-10-02,1954,Watercraft,CROATIA,Zadar County,"Lika-Senj, Pag Island",Boating,,,,,"White shark, 5.5 m [18']",watercraft,white shark
1954-06-29,1954,Provoked,USA,California,"Santa Monica, Los Angeles County",Grabbed shark & threw it on deck,M,35.0,N,,,other,unknown
1953-09-18,1953,Sea Disaster,USA,Georgia,200 miles east of Savannah,Aircaft exploded,M,,N,,,other,unknown
1953-01-01,1953,Unprovoked,PAPUA NEW GUINEA,Bougainville (North Solomons),"Kahuli, Buka Island",Washing,M,,Y,,,other,unknown
1952-01-07,1952,Unprovoked,AUSTRALIA,New South Wales,Evans Head,Surfing,M,,N,,8' shark,surfing,other shark
1952-01-01,1952,Unprovoked,PAPUA NEW GUINEA,"Admiralty Islands, Manus Province","Momote, Manus Island",Spearfishing,M,,Y,,Attacked by a number of sharks,fishing,other shark
1951-01-21,1951,Unprovoked,SOUTH AFRICA,KwaZulu-Natal,"Native Beach, Durban",Swimming,M,19.0,Y,16h25,,swimming,unknown
1950-10-28,1950,Unprovoked,USA,California,"Imperial Beach, San Diego County",Body surfing / treading water,M,31.0,N,12h00,White shark,surfing,white shark
1950-06-25,1950,Unprovoked,USA,New York,"Beach 103rd Street, Rockaway",Swimming,M,16.0,N,,sand shark,swimming,other shark
1950-06-06,1950,Sea Disaster,USA,Florida,275 miles northeast of Miami,Survived crash of two-engine  C-46 transport plane carrying 62 migrant workers from Puerto Rico to USA,M,25.0,Y,09h00,,other,unknown
1948-05-10,1948,Provoked,IRAN,Shatt-al-Arab River,,"Fishing, shark caught in his net",M,38.0,N,,,fishing,unknown
1947-12-15,1947,Invalid,SOUTH AFRICA,KwaZulu-Natal,Durban,,,,,,Shark involvement prior to death not confirmed,other,other shark
1946-01-17,1946,Unprovoked,AUSTRALIA,Queensland,Townsville,,M,12.0,N,,small shark,other,other shark
1944-10-26,1944,Sea Disaster,PHILIPPINES,Bernardino Strait near Gulf of Leyte,,USS Hoel DD 533 sunk on 10/24/1944 in the Battle off Samar. 2 crewmen were swimmng alongside a floater net &,M,,Y,,,swimming,unknown
1944-06-23,1944,Invalid,NORTH PACIFIC OCEAN,,Aircraft went down on 6/12/1944. He survived on raft for 11 days and was 150 miles off Guam when rescued,,M,,,,Invalid,other,unknown
,1943,Unprovoked,USA,Hawaii,"Midway Island, Northwestern Hawaiian Islands",Spearfishing,M,,N,,small sharks,fishing,other shark
1942-11-16,1942,Sea Disaster,SOLOMON ISLANDS,,Battle of Guadalcanal,Thrown from destroyer when shell hit,M,19.0,N,,,other,unknown
1940-07-13,1940,Unprovoked,USA,South Carolina,"Folly Beach, Charleston County",Standing,M,,N,,,swimming,unknown
1940-01-23,1940,Unprovoked,AUSTRALIA,New South Wales,"North Brighton, Botany Bay",Swimming,M,13.0,Y,10h40,3 m [10'] shark,swimming,other shark
1938-05-02,1938,Unprovoked,INDIA,West Bengal,Hooghley River near Budge-Budge,Bathing,,,Y,,,swimming,unknown
1936-12-19,1936,Watercraft,AUSTRALIA,Queensland,Brisbane River,Sculling,,,N,,3 m [10'] shark,other,other shark
1935-09-04,1935,Unprovoked,PAPUA NEW GUINEA,Central Province,Hula,Swimming,M,,Y,,,swimming,unknown
1934-12-31,1934,Unprovoked,AUSTRALIA,New South Wales,"St. George’s River at Moorebank, near Milperra Bridge",Swimming (lead swimmer in race),M,19.0,Y,16h30,,swimming,unknown
1934-02-08,1934,Watercraft,TURKEY,Istanbul,"Haydarpasa jetty, Istanbul",Fishing,M,,N,,,fishing,unknown
1933-02-12,1933,Provoked,AUSTRALIA,South Australia,"Port River, Adelaide",Fishing,M,,N,,Blue shark,fishing,other shark
1932-08-30,1932,Provoked,AUSTRALIA,New South Wales,Bondi,,M,,N,,,other,unknown
1932-06-20,1932,Unprovoked,FIJI,Yasawa Islands,Nabukeru,Free diving with goggles,F,,Y,,,diving,unknown
1931-08-23,1931,Unprovoked,CUBA,Havana Province,"Miramar, Havana",Swimming,M,,Y,,,swimming,unknown
1930-01-01,1930,Watercraft,AZORES,,,,,,N,,,other,unknown
1929-12-26,1929,Unprovoked,AUSTRALIA,New South Wales,"White Bay, near Bald Rock Jetty, Sydney Harbor",Diving by wharf,M,16.0,Y,,Tiger shark,diving,tiger shark
1929-04-04,1929,Unprovoked,AUSTRALIA,Torres Strait,Badu Island,Swimming between boats,M,,Y,,,swimming,unknown
1929-03-16,1929,Unprovoked,USA,Florida,"Sea Spray, Palm Beach",Swimming,M,26.0,N,12h00,,swimming,unknown
1929-03-04,1929,Unprovoked,AUSTRALIA,South Australia,Ardrossan,Launching rowboat through the surf,M,9.0,N,,a dog shark,surfing,other shark
1928-11-04,1928,Unprovoked,PANAMA,Gulf of Panama,Taboga Island Bay,Swimming,M,17.0,Y,10h00,Moreno’s leg  & part of his swim suit found in 9' shark caught two hours after the attack. Identified as carcharhinid shark by L. Schultz & C. Limbaugh on photograph,swimming,other shark
1927-12-28,1927,Unprovoked,SOUTH AFRICA,Western Cape Province,Little Brak River,Swimming,M,17.0,Y,11h00,"White shark, 4.4 m [14.5'] .",swimming,white shark
1927-02-01,1927,Provoked,NEW ZEALAND,South Island,"Menzies Bay, Banks Peninsula,",Fishing,M,70.0,N,,Mako shark,fishing,other shark
1924-01-29,1924,Unprovoked,SOUTH AFRICA,KwaZulu-Natal,"South Beach, Durban",Swimming,M,22.0,Y,15h15,,swimming,unknown
1922-01-13,1922,Unprovoked,AUSTRALIA,New South Wales,"Stockton Beach, Newcastle",Standing,M,,N,18h00,Grey nurse shark?,swimming,other shark
1919-09-12,1919,Unprovoked,COSTA RICA,Turtle Bogue,Where Colorado River enters the sea,Small vessel with 13 men on board capsized crossing the bar and 6 men drowned.  The 7 survivors were swimming to shore,M,,Y,,,swimming,unknown
1916-07-13,1916,Unprovoked,USA,New York,"Sheepshead Bay, Brooklyn",Swimming,M,,N,,,swimming,unknown
1914-01-17,1914,Unprovoked,AUSTRALIA,Queensland,Brisbane,Wading,F,,N,,,swimming,unknown
1913-11-27,1913,Unprovoked,NIGERIA,Lagos,Lagos,Boat swamped,M,,Y,,,watercraft,unknown
1913-01-01,1913,Unprovoked,AUSTRALIA,Torres Strait,Thursday Island,Diving,M,,N,,Tiger shark,diving,tiger shark
1911-09-17,1911,Unprovoked,USA,Florida,"Pablo Beach, Jacksonville, Duval County",Bathing,M,,N,,,swimming,unknown
1910-03-08,1910,Unprovoked,NEW ZEALAND,North Island,"Waikanae Beach, Gisborne",Swimming,M,,N,Evening,6' shark,swimming,other shark
1908-06-18,1908,Unprovoked,EGYPT,Gulf of Suez,Off Ras Gharib,The 168-ton Belmore foundered in heavy seas,M,,Y,,,other,unknown
1907-08-12,1907,Unprovoked,CROATIA,Primorje-Gorski Kotar County,Krk Island,Swimming,F,,Y,,,swimming,unknown
1906-01-28,1906,Unprovoked,AUSTRALIA,New South Wales,Georges River,Bathing,M,,Y,14h10,,swimming,unknown
1904-10-11,1904,Unprovoked,INDIAN OCEAN,Between Noumea & Sydney,,Fell overboard,M,,Y,,,watercraft,unknown
1904-01-23,1904,Unprovoked,NEW CALEDONIA,South Province,Noumea,Bathing,M,,Y,,,swimming,unknown
1899-06-07,1899,Provoked,ITALY,Calabria,Bagnara Calabra,Fishing,M,,N,,70 kg shark,fishing,other shark
1898-10-28,1898,Unprovoked,USA,Hawaii,Off Kohala,Jumped overboard,M,,Y,,,watercraft,unknown
1898-09-19,1898,Unprovoked,,,,Diving,M,,N,,,diving,unknown
1898-08-22,1898,Unprovoked,USA,New York,"Prince's Bay, Staten Island",Swimming,M,,N,Afternoon,,swimming,unknown
1895-06-13,1895,Unprovoked,,,,Diving,M,,N,,,diving,unknown
1888-10-23,1888,Unprovoked,CROATIA,Primorje-Gorski Kotar County,Rijeka,,,,Y,,"5m, 3500 kg female shark",other,other shark
1887-07-30,1887,Sea Disaster,,Gulf of California,,"Sea disaster, wreck of the sloop Sara",M,,Y,,,other,unknown
1885-07-26,1885,Sea Disaster,USA,Hawaii,Kau District,Wreck of the schooner Pohoiki,M,,Y,,,other,unknown
1883-02-25,1883,Unprovoked,AUSTRALIA,Northern Territory,the pearling beds,Diving,M,,Y,,,diving,unknown
1880-05-15,1880,Unprovoked,INDIA,West Bengal,Ganges River,,M,20.0,N,11h00,,other,unknown
1860-04-01,1860,Unprovoked,NEW ZEALAND,North Island,"St. George's Bay, Auckland Harbor",Bathing,M,,Y,,4' ground shark,swimming,other shark
1853-09-28,1853,Unprovoked,USA,North Carolina,"Morehead, Carteret County",Commercial Salvage Diving,M,,N,,White shark,diving,white shark
1852-08-07,1852,Unprovoked,TONGA,Tongatapu,,Fell overboard,M,,Y,,,watercraft,unknown
1850-10-21,1850,Unprovoked,USA,Hawaii,,Swimming after his hat,M,,Y,,,swimming,unknown
1849-10-04,1849,Unprovoked,PERU,,Tumbez,Swimming,M,,Y,,,swimming,unknown
1841-03-27,1841,Unprovoked,AUSTRALIA,New South Wales,"Cockatoo Island, Sydney",Bathing,M,,Y,14h00,,swimming,unknown
1837-07-01,1837,Unprovoked,USA,New York,New York,Bathing,M,,N,Evening,,swimming,unknown
1837-01-17,1837,Unprovoked,AUSTRALIA,New South Wales,Macleay River,Washing his feet,M,12.0,Y,Evening,,other,unknown
1779-01-01,1779,Unprovoked,USA,Hawaii,"Maliu, Hawai'i",Surfing,M,,Y,,,surfing,unknown
1748-01-01,1748,Unprovoked,PANAMA,Las Perlas archipelago,Taboga & Isla del Rey,Pearl diving,M,,Y,,,diving,unknown
,1700,Unprovoked,BARBADOS,,,Bathing,M,,Y,,,swimming,unknown
,1642,Invalid,GUINEA,,,Went overboard,M,,,,Questionable,watercraft,unknown
2023-08-16,2023,Provoked,PORTUGAL,Norte,9 nm off Vila do Conde,Fishing,M,35.0,N,19h30,Blue shark,fishing,other shark
2022-07-13,2022,Unprovoked,USA,New York,"Smith Point Beach, Suffolk County",Surfing,M,41.0,N,07h30,Thought to involve a 4' sandtiger shark,surfing,other shark
2021-03-21,2021,Unprovoked,USA,Florida,"Miami Beach, Miami-Dade County",Body surfing,M,9.0,N,14h00,,surfing,unknown
2020-12-06,2020,Unprovoked,AUSTRALIA,South Australia,D’Estrees Bay near Kangaroo Island,Surfing,M,29.0,N,14h20,White shark,surfing,white shark
2020-09-07,2020,Unprovoked,AUSTRALIA,Queensland,"Greenmount Beach, Coolangatta",Surfing,M,46.0,Y,17h00,"White shark, 3m",surfing,white shark
2020-07-14,2020,Unprovoked,USA,Florida,"Melbourne Beach, Brevard County",Wading,F,14.0,N,,"Bull shark, 4' to 6'",swimming,bull shark
2020-01-05,2020,Unprovoked,AUSTRALIA,Western Australia,Cull Island / Esperance,Scuba diving,M,57.0,Y,13h00,White shark,diving,white shark
2019-12-28,2019,Unprovoked,SEYCHELLES,Praslin,Amitié Beach,Swimming,F,45.0,N,19h00,,swimming,unknown
2019-09-28,2019,Provoked,AUSTRALIA,Northern Territory,"Nightcliff Jetty, Darwin",Fishing,M,45.0,N,Afternoon,1+ m shark,fishing,other shark
2019-04-06,2019,Unprovoked,USA,Hawaii,Kaiwi Channel,Swimming,M,23.0,N,01h00,Cookiecutter shark,swimming,other shark
2018-11-18,2018,Unprovoked,AUSTRALIA,Northern Territory,Off Nhulunbuy,Spearfishing,M,17.0,N,Before 10h00,Reef shark x 2,fishing,other shark
2018-10-23,2018,Unprovoked,USA,California,Farallon Islands,Diving / Filming,M,,N,Morning,"White shark, 17' female",diving,white shark
2018-08-05,2018,Unprovoked,USA,North Carolina,"Bald Head Island, Brunswick County",Standing,M,16.0,N,,Said to involve a blacktip shark,swimming,other shark
2018-06-08,2018,Unprovoked,AUSTRALIA,New South Wales,Arrawarra Headland,Surfing,M,,N,,2 m shark,surfing,other shark
2018-01-21,2018,Unprovoked,NEW CALEDONIA,,Nouville,Spearfishing,M,,N,15h30,"Bull shark, 3 m",fishing,bull shark
2017-10-31,2017,Unprovoked,AUSTRALIA,Queensland,Magnetic Island,Snorkeling,M,7.0,N,,Cookiecutter shark,other,other shark
2017-09-20,2017,Unprovoked,USA,Florida,Palm Beach County,Surfing,M,,N,Morning,,surfing,unknown
2017-09-16,2017,Unprovoked,USA,Florida,"Ponce Inlet, Volusia County",Surfing,M,28.0,N,16h30,,surfing,unknown
2017-04-02,2017,Unprovoked,USA,Florida,"Destin, Okaloosa County",Swimming,F,17.0,N,15h00,"Bull shark, 5' to 7'",swimming,bull shark
2016-09-18,2016,Unprovoked,USA,Florida,"New Smyrna Beach, Volusia County",Surfing,M,43.0,N,10h43,,surfing,unknown
2016-06-04,2016,Unprovoked,EGYPT,Suez,Ain Sokhna,Swimming,M,23.0,N,Morning,Mako shark,swimming,other shark
2016-04-07,2016,Invalid,USA,Florida,"Corners Beach, Jupiter, Palm Beach County",SUP,M,,,,,other,unknown
2015-11-03,2015,Unprovoked,USA,Hawaii,"Kehena Beach, Hawaii",Swimming,M,54.0,N,11h00,,swimming,unknown
2015-09-05,2015,Provoked,USA,California,"Deer Creek Beach, Ventura County",Kayak Fishing,M,29.0,N,14h40,Hammerhead shark.,fishing,other shark
2015-05-24,2015,Unprovoked,USA,Florida,"Cocoa Beach, Brevard  County",Swimming,F,13.0,N,,,swimming,unknown
2014-12-23,2014,Unprovoked,JAPAN,,,Diving / Filming,M,,N,,Goblin shark,diving,other shark
2014-10-17,2014,Unprovoked,AUSTRALIA,New South Wales,Avoca Beach,Surfing,F,13.0,N,06h30,1 m shark,surfing,other shark
2014-03-21,2014,Unprovoked,USA,Florida,Macarthur State Park,Surfing,M,9.0,N,,,surfing,unknown
2014-02-17,2014,Watercraft,PAPUA NEW GUINEA,,,Sailing,M,21.0,N,Night,,other,unknown
2013-09-14,2013,Unprovoked,USA,Florida,"Casino Beach, Pensacola, Escambia County",Swimming,M,21.0,N,15h30,Bull shark,swimming,bull shark
2013-09-01,2013,Unprovoked,USA,Florida,"St Augustine Beach, St Johns County",Casting a net,M,9.0,N,12h00,4' shark,other,other shark
2013-08-18,2013,Unprovoked,USA,Hawaii,Pohoiki,Surfing,M,16.0,N,13h00,,surfing,unknown
2013-08-13,2013,Unprovoked,USA,Hawaii,"Ka'a Point, Maui",Kiteboarding,F,19.0,N,13h55,,watercraft,unknown
2013-04-13,2013,Unprovoked,GUAM,,,,M,40.0,Y,,,other,unknown
2013-03-10,2013,Unprovoked,AUSTRALIA,Western Australia,African Reef off Geraldton,Spearfishing,M,28.0,N,09h00,"Bronze whaler shark, 2.5m",fishing,other shark
2012-10-02,2012,Unprovoked,AUSTRALIA,Western Australia,"Mullaloo Beach, Perth",Bodyboarding,M,11.0,N,12h00,2m shark,watercraft,other shark
2012-09-06,2012,Unprovoked,USA,Florida,"Neptune Beach, Duval County",Surfing,M,,N,Just before noon,,surfing,unknown
2012-08-11,2012,Watercraft,AUSTRALIA,Western Australia,Ocean Reef,Fishing,,,N,12h00,4.5 m shark,fishing,other shark
2012-07-07,2012,Watercraft,USA,California,"Pleasure Point, Santa Cruz County",Kayaking,M,52.0,N,08h30,14' to 18'shark,watercraft,other shark
2011-12-11,2011,Unprovoked,AUSTRALIA,New South Wales,Angourie,Surfing,M,51.0,N,05h45,"White shark, 2.5m",surfing,white shark
2011-09-28,2011,Provoked,DOMINICAN REPUBLIC,Samaná Province,Playa Jackson,Fishing,M,48.0,N,,,fishing,unknown
2011-06-30,2011,Unprovoked,TURKS & CAICOS,Middle Caicos,Mudjin Harbor,Snorkeling,M,28.0,N,13h30,,other,unknown
2010-08-14,2010,Watercraft,USA,California,"Pigeon Point, San Mateo County",Kayak Fishing,M,45.0,N,,White shark,fishing,white shark
2010-07-17,2010,Unprovoked,USA,North Carolina,"Wrightsville Beach, New Hanover County",Swimming,F,13.0,N,13h30,"Sandtiger shark, 4' to 5'",swimming,other shark
,2010,Unprovoked,NEW ZEALAND,South Island,Tahunanui Beach,Swimming,M,,N,Night,Possibly a blue shark,swimming,other shark
2010-01-12,2010,Unprovoked,SOUTH AFRICA,Western Province,Fish Hoek,Standing,M,37.0,Y,15h15,White shark,swimming,white shark
2009-06-21,2009,Invalid,USA,California,"Shell Beach, San Luis Obispo County",Surfing,M,26.0,,,Shark involvement not confirmed,surfing,other shark
2009-05-31,2009,Provoked,TAIWAN,Off Green Island,Onboard the fishing vessel Chin Sheng Fa 13,Fishing,M,46.0,N,20h30,80 kg shark,fishing,other shark
2009-03-06,2009,Provoked,BAHAMAS,Exuma Islands,,Spearfishing,M,48.0,N,,7' shark,fishing,other shark
2009-04-06,2009,Invalid,SOUTH AFRICA,KwaZulu-Natal,Umtentweni,Swimming,M,24.0,,Morning,Shark involvement not confirmed,swimming,other shark
2009-03-02,2009,Provoked,SOUTH AFRICA,Western Cape Province,Off Cape Point,Fishing,M,40.0,N,13h30,"Blue shark, 1m",fishing,other shark
2009-01-06,2009,Unprovoked,NEW ZEALAND,North Island,Haumoana,Swimming,M,49.0,N,17h30,Broadnose sevengill shark,swimming,other shark
2008-09-06,2008,Unprovoked,USA,Florida,"Ponce Inlet, New Smyrna Beach, Volusia County",Surfing,M,15.0,N,12h00,,surfing,unknown
2008-06-24,2008,Unprovoked,BRAZIL,Bahia,Guarajuba,Surfing,M,,N,Morning,,surfing,unknown
2008-04-26,2008,Provoked,USA,Florida,"New Smyrna Beach, Volusia County",Surfing,M,21.0,N,09h50,,surfing,unknown
2008-04-09,2008,Unprovoked,FIJI,,,Spearfishing,M,,N,,,fishing,unknown
2008-02-06,2008,Unprovoked,USA,Florida,"Opposite Patrick Air Force Base, Brevard County",Surf-skiing,M,,N,,3' shark,surfing,other shark
2007-08-07,2007,Unprovoked,USA,Florida,"Islamorada, Monroe County",Jumped into the water,F,19.0,N,Afternoon,Possibly a 10' bull shark,other,other shark
2007-06-12,2007,Unprovoked,USA,Florida,"Turtle Beach, Siesta Key, Sarasota County",Swimming,F,,N,11h00,3' to 4' shark,swimming,other shark
2007-03-14,2007,Provoked,USA,Florida,Delray Beach,Shark fishing,M,,N,,5' shark,fishing,other shark
2007-01-25,2007,Unprovoked,NEW CALEDONIA,North Province,Kaala-Gomen,Spearfishing (free diving),M,30.0,N,14h00,Tiger shark,fishing,tiger shark
2007-01-23,2007,Unprovoked,AUSTRALIA,New South Wales,Cape Howe,Diving,M,41.0,N,10h30,"White shark, 3m",diving,white shark
,2006,Unprovoked,REUNION,,Le Port,Spearfishing,M,,N,,"Bull shark, 1.5m",fishing,bull shark
2006-05-21,2006,Unprovoked,BRAZIL,Pernambuco,"Boa Viagem Beach, Recife",Surfing,M,33.0,N,11h30,,surfing,unknown
2006-02-23,2006,Invalid,USA,Hawaii,"Makena, Maui",Free diving,M,45.0,,Late afternoon,Invalid,diving,unknown
2006-02-12,2006,Watercraft,AUSTRALIA,South Australia,"Brighton Beach, Adelaide",Fishing,M,,N,12h00,4.5 m white shark,fishing,other shark
2006-02-08,2006,Unprovoked,SOUTH AFRICA,Eastern Cape Province,"Nahoon, East London",Surfing,M,15.0,N,Late afternoon,Raggedtooth shark,surfing,other shark
2005-12-06,2005,Watercraft,AUSTRALIA,South Australia,"Middle Beach, 40 km north of Adelaide",Fishing,,,N,15h30,4 m white shark,fishing,other shark
2005-09-02,2005,Unprovoked,USA,Florida,"Ponce Inlet, Volusia County",Standing / Surfing,M,62.0,N,11h10,,surfing,unknown
2005-05-25,2005,Unprovoked,SOUTH AFRICA,Eastern Cape Province,Kei River Mouth,Surfing,M,32.0,N,11h00,Raggedtooth shark,surfing,other shark
2005-02-22,2005,Provoked,USA,Florida,"Long Key, Monroe County",Spearfishing,M,,N,,"Nurse shark, 3'",fishing,other shark
2004-11-27,2004,Unprovoked,SOUTH AFRICA,Eastern Cape Province,"Nahoon, East London",Surfing,M,20.0,N,18h00,Raggedtooth shark,surfing,other shark
2004-08-21,2004,Unprovoked,BRAZIL,Pernambuco,"Boa Viagem Beach, Recife",Bathing,M,24.0,N,13h00,"Tiger shark, 1.5 m",swimming,tiger shark
2004-08-06,2004,Unprovoked,USA,Florida,"Big Bayou, St. Petersburg, Pinellas County",Swimming,M,47.0,N,20h30,1.2 m [4'] shark,swimming,other shark
2004-07-27,2004,Unprovoked,USA,Texas,Galveston Island,Swimming,F,19.0,N,16h30,1.2 m to 1.5 m [4' to 5'] shark,swimming,other shark
2004-07-02,2004,Unprovoked,EGYPT,Sinai Peninsula,The lagoon at Dahab,Snorkeling,F,,N,,black tipped shark,other,other shark
2004-05-23,2004,Unprovoked,USA,Florida,"St. Augustine, St. John's County",Boogie-boarding / swimming,M,9.0,N,12h30,,swimming,unknown
2003-10-31,2003,Unprovoked,USA,Florida,"Ponte Vedra Beach, St. Johns County",Surfing,M,18.0,N,15h00,1.2 m to 1.5 m [4' to 5'] shark,surfing,other shark
2003-05-25,2003,Unprovoked,USA,Florida,"Coral Cove Park, Jupiter Inlet, Palm Beach County",Surfing,M,18.0,N,10h00,,surfing,unknown
2003-02-11,2003,Unprovoked,AUSTRALIA,New South Wales,"Coogee Bay, near Sydney",Swimming,M,24.0,N,--,Thought to involve a 2 m [6.75'] grey nurse shark,swimming,other shark
2002-08-06,2002,Provoked,UNITED KINGDOM,Cheshire,"Blue Planet Aquarium, Ellesmere Port",Diving,M,30.0,N,,"Sandtiger shark, 3 m [10']",diving,other shark
2002-05-21,2002,Unprovoked,COSTA RICA,Guanacaste,Playa Grande,Surfing,M,,N,,"Bull shark, 1.8 m to 2.1 m [6' to 7']",surfing,bull shark
2002-03-24,2002,Unprovoked,BRAZIL,Pernambuco,"Boa Viagem Beach, Recife",Swimming,M,16.0,Y,17h00,,swimming,unknown
2001-11-23,2001,Unprovoked,AUSTRALIA,New South Wales,"Flat Rock Beach, Lennox Head",Surfing,M,49.0,N,,Bronze whaler shark,surfing,other shark
2001-08-18,2001,Unprovoked,USA,Florida,"New Smyrna Beach, Volusia County",Surfing,M,19.0,N,10h00,"Blacktip shark, 5' to 6'",surfing,other shark
2001-06-03,2001,Unprovoked,USA,South Carolina,"Off 21st Avenue, Isle of Palms, Charleston County",Wading,F,29.0,N,Shortly before 13h00,2' shark,swimming,other shark
2000-12-01,2000,Unprovoked,NEW ZEALAND,Cook Islands,"Arorangi, Rarotonga",Surfing,F,,Y,,,surfing,unknown
2000-07-15,2000,Unprovoked,SOUTH AFRICA,KwaZulu-Natal,South of Durban,Surfing,M,,N,After Dusk,,surfing,unknown
2000-07-09,2000,Unprovoked,USA,Florida,"Neptune Avenue, Ormond Beach, Volusia County",Swimming,M,41.0,N,18h00,,swimming,unknown
1999-12-26,1999,Unprovoked,BRAZIL,Pernambuco,"Boa Viagem Beach, Recife",Surfing,M,18.0,N,,"Thought to involve a white, bull or tiger shark",surfing,other shark
1999-09-05,1999,Unprovoked,USA,Florida,"Fort Pierce Inlet, St. Lucie County",Surfing,M,13.0,N,,1.5 m to 1.8 m [5' to 6'] shark,surfing,other shark
1999-09-04,1999,Provoked,USA,Florida,"World Typhoon Lagoon, Disney Water Park, Orange County",Wading,M,7.0,N,,0.9 m [3'] shark,swimming,other shark
1999-06-12,1999,Unprovoked,USA,Florida,"Atlantiic Beach, Duval County",Swimming,M,41.0,N,13h15,,swimming,unknown
1999-03-18,1999,Unprovoked,USA,Hawaii,"Olowalu side of Lahina, Maui","Swimming, towing a kayak",F,29.0,Y,20h30,,swimming,unknown
1998-05-29,1998,Unprovoked,SOUTH AFRICA,Eastern Cape Province,Sardinia Bay near Port Elizabeth,Body boarding,M,15.0,N,2 hours after Opperman,3 m to 4 m [10' to 13'] white shark,watercraft,other shark
1997-12-25,1997,Unprovoked,USA,Florida,"Hollywood Beach, Broward County",Swimming,M,8.0,N,,,swimming,unknown
1997-06-07,1997,Unprovoked,BRAZIL,Rio de Janeiro,"Copacabana, Rio de Janeiro",Bathing,M,,,,,swimming,unknown
1997-05-31,1997,Unprovoked,USA,Florida,In Gulf of Mexico 17 miles off Weeki Wachee,Spearfishing,M,35.0,N,Morning,4' shark,fishing,other shark
1997-01-03,1997,Unprovoked,REUNION,,la Pointe-au-Sel,Spearfishing,M,,Y,,Bull shark,fishing,bull shark
1996-12-01,1996,Unprovoked,NEW CALEDONIA,,,Spearfishing,M,,Y,,,fishing,unknown
1996-05-28,1996,Unprovoked,SOUTH AFRICA,Western Cape Province,"The Steps, Wilderness",Surfing,M,17.0,N,14h45,2.5 m [8.25'] white shark,surfing,other shark
1996-03-05,1996,Unprovoked,AUSTRALIA,Queensland,Heron Island,Swimming breast stoke,F,47.0,N,07h00,Tiger shark,swimming,tiger shark
1995-08-31,1995,Unprovoked,USA,South Carolina,"Myrtle Beach, Horry County",On a float,M,44.0,N,,,other,unknown
1995-04-16,1995,Invalid,USA,Florida,"New Smyrna Beach, Volusia County",,M,12.0,,10h35,Invalid,other,unknown
1994-09-26,1994,Unprovoked,USA,South Carolina,"North Forest Beach, near Hilton Head, Beaufort County",Swimming,F,30.0,N,,,swimming,unknown
1993-08-15,1993,Watercraft,USA,California,Between Santa Cruz Island and Santa Barbara,Watching the shark feeding on a dead pinniped,,,N,11h30,">6 m white shark, according to witnesses",other,other shark
1993-08-01,1993,Watercraft,EL SALVADOR,La Libertad,La Libertad,Oyster fishing,,,Y,,White shark?,fishing,white shark
1991-02-12,1991,Unprovoked,SOUTH AFRICA,Western Cape Province,Miller’s Point,Spearfishing,M,20.0,N,12h30,5.5 m [18'] white shark,fishing,other shark
1989-09-10,1989,Watercraft,USA,California,"Off Palos Verdes Estates, Los Angeles",Observing a shark feeding on a carcass of a humpback whale,,,N,,4 to 5 m white shark,other,other shark
1989-08-22,1989,Unprovoked,SOUTH AFRICA,Western Cape Province,Mossel Bay,Surfing,M,21.0,N,10h45,>3.4 m [11'] white shark,surfing,other shark
1989-07-07,1989,Unprovoked,USA,Texas,"Sargent Beach, Matagorda County",Playing,F,9.0,N,,4' shark,other,other shark
1988-09-13,1988,Unprovoked,USA,Florida,"Shell Island Panama City Beach, Bay County",Walking,F,,N,15h45,1.8 m [6'] shark,other,other shark
1988-06-16,1988,Unprovoked,SOUTH AFRICA,Western Cape Province,Sculphoek,Spearfishing,M,36.0,N,09h45,White shark,fishing,white shark
1988-05-04,1988,Unprovoked,USA,Florida,"Melbourne Beach, Brevard County",Surfing / treading water,M,29.0,N,11h45,,surfing,unknown
1985-01-18,1985,Invalid,SOUTH AFRICA,KwaZulu-Natal,Umzimkulu,,M,,,,Shark involvement prior to death was not confirmed,other,other shark
1984-07-01,1984,Unprovoked,USA,Florida,,"During a shark fishing tournament, the 18' Boatem was capsized by waves, throwing 3 men into the water",M,30.0,N,18h00,,fishing,unknown
1983-12-22,1983,Unprovoked,SOUTH AFRICA,Eastern Cape Province,Great Fish River,Swimming,M,16.0,N,12h30,,swimming,unknown
1983-03-22,1983,Unprovoked,SOUTH AFRICA,Eastern Cape Province,Nahoon,Surfing,M,,N,12h30,Blacktip or spinner shark,surfing,other shark
1982-02-14,1982,Unprovoked,USA,Hawaii,"White Plains Beach, Barbers Point, O'ahu",Wading,F,,N,,,swimming,unknown
1981-05-24,1981,Unprovoked,USA,Hawaii,"Ha'ena Beach Park, Kaua'i","Scuba diving, reportedly also spearfishing",M,,Y,,,fishing,unknown
1980-12-30,1980,Unprovoked,SOUTH AFRICA,Eastern Cape Province,Nahoon,Paddleskiing,M,25.0,N,17h15,3.5 m [11.5'] shark,watercraft,other shark
1980-08-22,1980,Unprovoked,MEXICO,,,Diving in tuna net,M,22.0,Y,,,diving,unknown
,1980,Provoked,NORTH ATLANTIC OCEAN,,Onboard swordfish trawler,Gaffing netted shark,M,34.0,N,,1.8 m [6'] dogfish,other,other shark
1979-05-01,1979,Unprovoked,NEW CALEDONIA,North Province,Ile Yandé (between Poum and Bélep),Fishing,,,N,,,fishing,unknown
1979-04-08,1979,Unprovoked,USA,Florida,"Municipal Beach, Boyton Beach, Palm Beach County",Body surfing,M,8.0,N,10h30,,surfing,unknown
1976-09-17,1976,Sea Disaster,HONG KONG,South China Sea 200 miles from Hong Kong,,"3,909-ton Panamanian freighter Chieh Lee sank in a typhoon",M,,Y,,,other,unknown
1975-10-21,1975,Invalid,USA,New Jersey,"Sandy Hook, Monmouth County",Surf fishing,M,,,11h30,Shark involvement unconfirmed,surfing,other shark
1975-08-12,1975,Unprovoked,USA,Florida,"Daytona Beach, Volusia County",Floating on a small orange raft,M,20.0,N,12h00,1.5 m [5'] shark,other,other shark
1975-02-10,1975,Unprovoked,AUSTRALIA,South Australia,(Point Sinclair) Penong,Swimming underwater from crayfish cage to a fishing bait,M,12.0,Y,18h00,"White shark, 3 m [10']",swimming,white shark
1975-02-01,1975,Provoked,SOUTH AFRICA,Western Cape Province,"Beespens, False Bay",Fishing,M,12.0,N,,"Copper shark, 50-kg [110-b]",fishing,other shark
1974-11-01,1974,Unprovoked,USA,Florida,"Daytona Beach, Volusia County",Standing,M,24.0,N,Afternoon,,swimming,unknown
1971-09-05,1971,Unprovoked,AUSTRALIA,South Australia,Adelaide,Fishing,M,51.0,Y,,,fishing,unknown
,1971,Sea Disaster,MOZAMBIQUE,Between Beira & Maputo,,Wreck of the 1689-ton Portuguese  coaster Angoche,,,Y,,,other,unknown
1970-01-01,1970,Unprovoked,CROATIA,Zadar County,Novigrad,Spearfishing,M,,,,White shark,fishing,white shark
,1970,Unprovoked,IRAQ,Basrah,Shatt-al-Arab River,Washing cooking pans,F,28.0,N,Afternoon,,other,unknown
1969-05-25,1969,Provoked,USA,Texas,Packery Channel,Surf-fishing,M,,N,19h00,2' to 3' shark,surfing,other shark
1969-08-19,1969,Provoked,USA,Florida,"Marathon, Monroe County",Fishing,M,,N,,"Lemon shark, 9'",fishing,other shark
1967-04-01,1967,Provoked,UNITED KINGDOM,Gibraltar,,Fishing,M,60.0,N,,,fishing,unknown
1966-10-19,1966,Unprovoked,PAPUA NEW GUINEA,New Ireland Province,"Mission Beach, Lambon Island, near Duke of York Islands",Bathing,F,8.0,Y,09h00,3.7 m [12'] shark,swimming,other shark
1966-09-10,1966,Unprovoked,AUSTRALIA,Western Australia,Roe Reef off Rottnest Island,Spearfishing,M,43.0,N,12h00,"Mako shark, 1.9 m [6.5']",fishing,other shark
1966-08-13,1966,Unprovoked,ITALY,Taranto province,"Pulsano, near Taranto",Attacked shark with fists,M,21.0,N,,small shark,other,other shark
1966-06-04,1966,Unprovoked,USA,Texas,Bolivar Peninsula,Swimming,M,18.0,N,17h00,a small shark,swimming,other shark
1966-05-16,1966,Sea Disaster,PHILIPPINES,,Off Cebu,The passenger ship Pioneer Cebu  capsized & sank in Typhoon Irma,M,,Y,,,other,unknown
1965-12-28,1965,Unprovoked,AUSTRALIA,Western Australia,"Bathurst Reef, Rottnest Island","Spearfishing, but standing in knee-deep water",M,40.0,N,,1.8 m [6'] carpet shark,swimming,other shark
1964-08-26,1964,Unprovoked,USA,Florida,"Hollywood Beach, Broward County",Swimming,M,14.0,N,14h30,,swimming,unknown
1963-12-08,1963,Unprovoked,AUSTRALIA,South Australia,55 miles south of Adelaide,Spearfishing,M,23.0,N,12h45,White shark,fishing,white shark
1963-06-01,1963,Provoked,PAPUA NEW GUINEA,Central Province,Near Fisherman's Island,Fishing,M,30.0,N,Morning,1.8 m [6'] shark,fishing,other shark
1963-01-12,1963,Provoked,SOUTH AFRICA,Eastern Cape Province,Humewood,Fishing,M,,N,,<1.5 m shark,fishing,other shark
1962-11-25,1962,Invalid,AUSTRALIA,Queensland,Townsville,,M,,,,Shark involvement prior to death was not confirmed,other,other shark
1962-01-10,1962,Watercraft,AUSTRALIA,South Australia,Ceduna,Fishing for sharks,,,N,,White shark,fishing,white shark
1961-12-18,1961,Unprovoked,AUSTRALIA,Queensland,Noosa Heads,"Surfing, pushing board ashore",M,22.0,Y,06h15,Next morning a 3 m [10'] shark was caught that had Andrews' leg in its gut,surfing,other shark
1961-09-07,1961,Unprovoked,PERSIAN GULF,25 km off the coast of Iran & 483km from mouth of Persian Gulf,Khark Island,"Free diving, surveying a pipeline & examing cathodes under jetty",M,,N,10h30,1.5 m to 1.8 m  [5' to 6'] shark,diving,other shark
1961-06-01,1961,Provoked,PAPUA NEW GUINEA,"Admiralty Islands, Manus Province","Rossun, Manus","Fishing, speared shark upset canoe & man fell in water",M,19.0,N,,2.7 m [9']shark,fishing,other shark
1961-02-01,1961,Unprovoked,AUSTRALIA,Western Australia,Carnac Island,Collecting crayfish,M,,N,,"Grey nurse shark, 2.7 m [9']",fishing,other shark
1960-10-01,1960,Invalid,USA,Florida,Haulover Inlet,Diving,M,,,,Questionable incident,diving,unknown
1960-09-18,1960,Watercraft,AUSTRALIA,Western Australia,Frenchman Bay,,,,N,,3.7 m [12'] shark,other,other shark
1960-01-01,1960,Provoked,SOUTH AFRICA,Western Cape Province,Muizenberg,"Standing, watching seine netters",F,,N,,,swimming,unknown
,1960,Unprovoked,SOUTH AFRICA,Eastern Cape Province,Kei River Mouth,Wading,F,,N,11h00,2.1 m [7'] shark,swimming,other shark
1959-08-20,1959,Invalid,PHILIPPINES,North Palawan,Cabuli Island,The 240-ton motor vessel Pilar II with 100 people on board capsized in high winds & rough seas,M,10.0,,04h00,Shark involvement prior to death was not confirmed,watercraft,other shark
1959-05-01,1959,Unprovoked,MID ATLANTIC OCEAN,Between England & South Africa,,Jumped overboard to rescue a man,M,,N,,,watercraft,unknown
1959-02-28,1959,Watercraft,AUSTRALIA,Victoria,Port Phillip Bay,Fishing for snapper,M,,N,,"Mako shark, 2.4 m [8'], <300-lb, identified by Dr. L.P. L. Schultz on photograph",fishing,other shark
,1959,Unprovoked,SOUTH KOREA,South Chungcheong Province,"36º17'N,  126º31'E",Swimming,M,,Y,,White shark?,swimming,white shark
1958-10-01,1958,Unprovoked,PAPUA NEW GUINEA,West New Britain Province,"East Nakanai, Talasea",Collecting shells,M,26.0,N,,,other,unknown
1958-07-10,1958,Unprovoked,USA,Florida,"Key West, Monroe County",,M,35.0,Y,,,other,unknown
1957-12-18,1957,Unprovoked,SOUTH AFRICA,KwaZulu-Natal,Karridene,Body surfing,M,16.0,N,17h00,,surfing,unknown
1957-01-01,1957,Invalid,CUBA,Havana Province,Cojimar,,,,,,3.7 m [12'] shark,other,other shark
1956-12-09,1956,Provoked,NEW ZEALAND,North Island,North Auckland,Fishing,M,70.0,N,,"Mako shark, 125-lb",fishing,other shark
1956-08-20,1956,Unprovoked,PAPUA NEW GUINEA,Central Province,"Paga Point, Port Moresby",Fishing,M,,N,,,fishing,unknown
1955-09-03,1955,Unprovoked,USA,California,"Venice Beach, Los Angeles County",,M,,N,,,other,unknown
1954-07-03,1954,Unprovoked,BERMUDA,South shore,Elbow Beach,Swimming,M,22.0,N,,"2.4 m [8'] shark, possibly a dusky shark",swimming,other shark
1954-06-01,1954,Unprovoked,HONG KONG,,,Bathing alongside ship,M,,Y,,,swimming,unknown
1953-10-01,1953,Provoked,AUSTRALIA,New South Wales,"Boat Harbour, north of Cronulla",,M,,N,,,other,unknown
1953-07-16,1953,Provoked,USA,California,"Santa Catalina Island, Los Angeles County",Fishing from market fishboat Sea Spray,M,,N,,,fishing,unknown
1952-01-23,1952,Provoked,MAURITIUS,Port Louis Province,Port Louis,"Spearfishing, speared a small shark",M,,N,,,fishing,unknown
1951-07-11,1951,Unprovoked,PACIFIC OCEAN,,In Los Angeles – Honolulu yacht race,Fell overboard,M,40.0,N,Afternoon,2.1 m [7'] shark,watercraft,other shark
1951-02-19,1951,Unprovoked,SOUTH AFRICA,Eastern Cape Province,Port St. Johns,Body surfing,M,31.0,N,12h15,136-kg [300-lb] shark,surfing,other shark
1951-01-01,1951,Unprovoked,NEW GUINEA,Madang Province,Manam Island,,,,Y,,,other,unknown
1950-07-01,1950,Unprovoked,USA,Florida,"Rock Harbor, Key Largo, Monroe County","Goggle-diving for seaweeds, but standing in water",M,21.0,N,,0.7 m [2.5'] shark,swimming,other shark
1950-01-01,1950,Unprovoked,PANAMA,Canal Zone,300 yards west of mouth of the Chagres River,Bathing,M,,N,13h00,2.7 m [9'] shark with black-tipped pectoral fins,swimming,other shark
1949-07-25,1949,Unprovoked,USA,South Carolina,"Oketee River, Jasper County",Floating on his back,M,16.0,N,15h00,,other,unknown
1949-01-01,1949,Unprovoked,NEW GUINEA,"Abau Sub District, Central Province",Kerpuna,Swimming,M,,Y,,,swimming,unknown
1948-09-22,1948,Unprovoked,GREECE,Attica,Keratsini,Swimming,M,17.0,Y,16h00,Said to be 6.4 m [21'] shark,swimming,other shark
1944-01-01,1944,Unprovoked,NEW GUINEA,Pacific Ocean,,Fell overboard from USS Ward,M,,Y,,,watercraft,unknown
1943-08-01,1943,Sea Disaster,ITALY,40 miles south of Naples,Tyrrhenian Sea,Flying Fortress bomber aircraft went down after daytime raid on Naples. He was swimming on the surface,M,,N,,,surfing,unknown
1942-11-13,1942,Sea Disaster,SOLOMON ISLANDS,,Off Guadalcanal,"Anti-Aircraft cruiser USS Atlanta (CL,-05) travelling in convoy after the Battle of Midway, encountered a Japanese flotilla  (Battle of Guadalcanal) &, heavily damaged by gunfire, she was lost off Lunga Point. Victim was swimming when bitten.",M,,N,,,swimming,unknown
1942-11-01,1942,Unprovoked,SOUTH AFRICA,Western Cape Province,Clifton,Swimming,M,18.0,Y,12h30,"White shark, 4.5 m  to 6 m [14'9 to 20'] according to witnesses",swimming,white shark
1942-09-30,1942,Sea Disaster,ATLANTIC OCEAN,04.05N-13.23W,,The 6015-ton British ship Empire Avocet was torpedoed by the German submarine U-125.,,,N,,,other,unknown
1942-01-01,1942,Unprovoked,BAHAMAS,Cay Sal Bank,Anchored off the largest island in the group,Swimming along side N.E.L. vessel Saluda,M,48.0,N,Late afternoon,1.2 m to 1.5 m [4' to 5'] shark,swimming,other shark
1940-07-13,1940,Unprovoked,USA,South Carolina,"Folly Beach, Charleston County",Standing,M,,N,,,swimming,unknown
1940-01-15,1940,Unprovoked,AUSTRALIA,Queensland,"Surfers Paradise, near Southport",Swimming,M,22.0,N,Afternoon,,swimming,unknown
,1939,Sea Disaster,SRI LANKA,,,She was on a ship that was torpedoes & was in the water awaiting rescue,F,,N,,,other,unknown
1939-01-01,1939,Unprovoked,VENEZUELA,Carabobo,"El Falito, near Puerto Cabello",Bathing,M,,Y,,,swimming,unknown
1939-01-01,1939,Unprovoked,CURACAO,Ascension Bay,,Diving,M,,N,,Tiger shark,diving,tiger shark
1938-01-14,1938,Invalid,AUSTRALIA,New South Wales,"Lady Martin’s Beach, Sydney Harbor",Diving off jetty,M,24.0,,Afternoon,Questionable incident,diving,unknown
1934-08-21,1934,Unprovoked,CROATIA,Adriatic Sea,"Susak (Rijeka, Istria)",Swimming,F,18.0,Y,,White shark,swimming,white shark
1934-06-21,1934,Provoked,AUSTRALIA,New South Wales,Off Mooloolabah,Fishing,M,,N,Night,A 6.5' blue-nosed shark,fishing,other shark
1934-04-01,1934,Unprovoked,AUSTRALIA,New South Wales,North Steyne,Swimming in waist-deep water,M,15.0,Y,12h30,4.3 m [14'] shark seen in vicinity,swimming,other shark
1933-02-15,1933,Unprovoked,AUSTRALIA,Torres Strait,"Barrow Point, 100 miles north of Cooktown, Queensland",Diving for trochus  from dinghy when seized by shark 6' below the surface,M,,N,,4.4 m [14'] shark,surfing,other shark
1932-08-09,1932,Unprovoked,AUSTRALIA,Torres Strait,,Pearl diving,M,,N,,,diving,unknown
1932-05-01,1932,Unprovoked,AUSTRALIA,Torres Strait,Thursday Island,Pearl diving,M,,N,,,diving,unknown
1931-07-28,1931,Unprovoked,FIJI,Viti Levu Island,Tamavua River,Swimming,M,,N,,small sharks,swimming,other shark
1928-04-14,1928,Unprovoked,AUSTRALIA,Queensland,"Barrow Point, 100 miles north of Cooktown, Queensland",Fishing,M,,N,,Tiger shark,fishing,tiger shark
1927-10-25,1927,Sea Disaster,BRAZIL,Porto Seguro,90 miles off Albrohos Island,Italian liner Principessa Mafalda sank,,,Y,12h00,,other,unknown
1927-10-12,1927,Unprovoked,AUSTRALIA,New South Wales,"Kiah Creek, Eden",Riding horseback across the creek,M,,N,,,other,unknown
1926-12-02,1926,Unprovoked,AUSTRALIA,Torres Strait,Palm Island,Diving for trochus,M,,Y,,,diving,unknown
1926-10-23,1926,Sea Disaster,BERMUDA,,18 miles southwest of Bermuda,British patrol boat 1250-ton HMS  Valerian foundered in a hurricane,,,N,01h30,,watercraft,unknown
1924-07-31,1924,Unprovoked,USA,South Carolina,"Folly Island, near Charleston",Standing,M,,N,,"Mako shark, 1.9 m [6.5']. Tooth fragment recovered & identified by J.T. Nichols.",swimming,other shark
1923-10-16,1923,Unprovoked,AUSTRALIA,Torres Strait,Near Thursday Island,Pearl diving,M,,N,,,diving,unknown
1921-08-22,1921,Unprovoked,HAITI,Cape Haitien,Marine Dock,Dived into a school of baitfish,M,,Y,15h30,Comrades saw shark's tail appear about 5' away,fishing,other shark
1920-11-22,1920,Unprovoked,AUSTRALIA,Western Australia,Cottesloe Beach,Standing,M,,N,,15* to 24 dog shark,swimming,other shark
,1919,Watercraft,ITALY,,Savona,Fishing,M,,N,,13' shark,fishing,other shark
1919-01-01,1919,Unprovoked,USA,Florida,"Near Panama City, Bay County",Swimming,F,,N,,,swimming,unknown
1917-05-31,1917,Unprovoked,PHILIPPINES,Luzon Island,Canacao Bay,Swimming,M,,Y,17h45,,swimming,unknown
1916-07-12,1916,Unprovoked,USA,New Jersey,"Matawan Creek, 10 miles from the sea, Monmouth County",Swimming (recovering remains of Stilwell),M,24.0,Y,,3 m [10'] shark,swimming,other shark
1912-01-26,1912,Unprovoked,AUSTRALIA,New South Wales,"Fig Tree Bridge, Lane Cove River, near Sydney",Swimming,M,21.0,Y,15h00,2.8 m [9'3] whaler shark captured 3 days later with his remains in its gut,swimming,other shark
1911-01-01,1911,Unprovoked,USA,Texas,"Texas City, Galveston",Swimming,M,,N,,,swimming,unknown
,1911,Unprovoked,NEW ZEALAND,North Island,"Manukau Harbor, 6 miles south of Auckland",Fishing,M,50.0,Y,,,fishing,unknown
1907-10-16,1907,Unprovoked,CHINA,Hong Kong,"Sharp Peak, Sai Kung Peninsula, New Territories",Fishing,M,,Y,,Shark involvement probable,fishing,other shark
1904-07-01,1904,Unprovoked,ITALY,Ancona Province,Ancona,Swimming,M,,Y,,,swimming,unknown
1898-07-26,1898,Invalid,AUSTRALIA,New South Wales,Sydney,Swimming after their boat capsized,M,,,,Questionable,swimming,unknown
1898-07-15,1898,Unprovoked,YEMEN,Aden,Outer Harbor,Swimming at side of small boat,M,24.0,Y,Afternoon,,swimming,unknown
1894-08-01,1894,Unprovoked,USA,Florida,"Jacksonville, Duval County",Swimming / floating on his back,M,,N,,,swimming,unknown
1893-06-22,1893,Unprovoked,LEBANON,,Off Tripoli,HMS Victoria collided with the HMS Camperdown,M,,Y,,,other,unknown
1893-01-18,1893,Unprovoked,FRENCH POLYNESIA,,One week out of Pápete,Murdered,M,,Y,,,other,unknown
1891-03-10,1891,Unprovoked,PARAGUAY,,,Fleeing across a river,,,Y,Night,,other,unknown
,1890,Unprovoked,SOUTH AFRICA,KwaZulu-Natal,Cape Vidal,Bathing,M,,Y,15h30,,swimming,unknown
1888-02-17,1888,Unprovoked,NEW ZEALAND,South Island,Oamaru,Floating on his back,M,,N,06h00,"Unknown, but the shark was caught and put on exhibition",other,other shark
1887-01-12,1887,Unprovoked,SOUTH AFRICA,Eastern Cape Province,"Mzimvubu River, 9.6 km from the sea",Swimming,M,13.0,Y,12h00,,swimming,unknown
1886-01-26,1886,Unprovoked,AUSTRALIA,Queensland,,Diving alongsidethe steamship Ranelagh,M,,N,,,diving,unknown
1882-11-12,1882,Unprovoked,NEW ZEALAND,North Island,"Tararu, Thames",Bathing,M,,N,Morning,,swimming,unknown
1881-01-01,1881,Unprovoked,INDIA,,"At Panihattu, Barrackpore, Dackhineshwar, Barahonagore, Kashipur & Chitpur down to Baug Bazar ghats",,,,Y,,,other,unknown
1876-06-04,1876,Unprovoked,USA,Georgia,Cumberland Island,Bathing,M,,N,,,swimming,unknown
1870-01-09,1870,Unprovoked,AUSTRALIA,Queensland,Brisbane River,Bathing,M,17.0,N,,,swimming,unknown
1853-01-01,1853,Invalid,USA,South Carolina,Off the Battery,He was fighting a shark when his boat capsized & he disappeared,M,,,,Shark involvement prior to death unconfirmed,watercraft,other shark
1848-07-01,1848,Unprovoked,ENGLAND,Norfolk,Hunstanton,Standing,M,,N,,,swimming,unknown
1842-01-01,1842,Unprovoked,AUSTRALIA,New South Wales,Sydney Harbor,"Unknown, but it was said to be the First known attack in Sydney Harbour",M,,N,,,other,unknown
1831-08-24,1831,Watercraft,USA,CUBA,Near Havana,American schooner Orator capsized,M,,Y,,,other,unknown
1830-07-02,1830,Unprovoked,INDIA,Tamil Nadu,Madras,Washing a dog,M,,Y,Evening,,other,unknown
1826-05-20,1826,Unprovoked,JAMAICA,,,Jumped overboard,M,,Y,19h00-20h00,,watercraft,unknown
,1595,Unprovoked,INDIA,Kerala,River Cochin,Ship lay at anchor & man was working on its rudder,M,,,,,other,unknown
,1000,Unprovoked,USA,Puerto Rico,Archeological site,,M,29.0,N,,Tiger shark,other,tiger shark
2023-07-21,2023,Unprovoked,USA,South Carolina,"Sea Pines Beach, Hilton Head Island, Beaufort County",Boogie boarding,M,60.0,N,13h20,8' shark,watercraft,other shark
2023-05-03,2023,Unprovoked,SOUTH AFRICA,Easten Cape Province,"Supertubes, Jeffreys Bay",Surfing,M,,N,19h15,,surfing,unknown
2023-03-16,2023,Unprovoked,AUSTRALIA,Western Australia,Cheynes Beach,Surf-sking,F,,N,08h00,5m to 6m shark,surfing,other shark
2022-10-27,2022,Provoked,USA,Mississippi,Horn Island,Fishing,M,,N,,5'shark,fishing,other shark
2022-07-27,2022,Unprovoked,USA,Florida,"Florida Keys, Monroe County",Lobstering,M,13.0,N,,Nurse shark,other,other shark
2022-07-25,2022,Unprovoked,USA,Florida,"Daytona Beach, Volusia County",Wading,M,33.0,N,15h00,Blacktip shark?,swimming,other shark
2022-05-20,2022,Unprovoked,AUSTRALIA,Western Australia,"Royal Perth Yacht Club, Swan River",Diving,M,20.0,N,,Bull shark,diving,bull shark
2022-04-07,2022,Unprovoked,USA,Florida,Canaveral National Seashore,Kayaking,M,,N,10h00,,watercraft,unknown
2021-10-15,2021,Unprovoked,AUSTRALIA,Queensland,"Hook Island, Whitsundays",Swimming,M,34.0,N,Dusk,,swimming,unknown
2021-08-03,2021,Unprovoked,USA,South Carolina,"Hilton Head Island, Beaufort County",,M,,N,11h46,Blacktip shark,other,other shark
2021-07-05,2021,Unprovoked,AUSTRALIA,New South Wales,Crescent Head,Surfing,M,25.0,N,16h30,"White shark, 3m",surfing,white shark
2021-01-22,2021,Watercraft,USA,Florida,Off Tampa Bay,Fishing,,,N,,White shark,fishing,white shark
2020-10-04,2020,Unprovoked,AUSTRALIA,Western Australia,"Toms Surf break, Hamersley Pool, North Beach, Perth",Surfing,M,17.0,N,10h45,Bronze whaler 1.5m,surfing,other shark
2019-11-30,2019,Unprovoked,USA,Florida,"New Smyrna Beach, Volusia County",Surfing,M,9.0,N,,Juvenile blacktip shark,surfing,other shark
2019-08-16,2019,Unprovoked,USA,Florida,"New Smyrna Beach, Volusia County",Wading,M,9.0,N,11h00,,swimming,unknown
2019-06-10,2019,Unprovoked,USA,North Carolina,"Ocean Isle, Brunswick County",Surfing,M,19.0,N,14h00,,surfing,unknown
2019-01-14,2019,Unprovoked,AUSTRALIA,Western Australia,North Cottesloe,Swimming,F,15.0,N,11h30,Wobbegong shark,swimming,other shark
2018-11-05,2018,Unprovoked,AUSTRALIA,Queensland,"Cid Harbor, Whitsundays",Swimming,M,33.0,Y,17h30,,swimming,unknown
2018-09-23,2018,Unprovoked,BAHAMAS,Abaco Islands,Treasure Cay,Spearfishing,F,32.0,N,13h42,Blacktip shark,fishing,other shark
2018-05-26,2018,Unprovoked,USA,Florida,"Daytona Beach, Volusia County",Standing,M,12.0,N,14h00,,swimming,unknown
2018-04-28,2018,Unprovoked,COSTA RICA,Cocos Island,Manuelita,Scuba diving,M,30.0,N,10h40,Tiger shark,diving,tiger shark
2018-03-31,2018,Unprovoked,USA,Hawaii,Kukio Beach,Stand-Up Paddleboarding,M,25.0,N,09h30,"Tiger shark, 12'",watercraft,tiger shark
2017-12-31,2017,Unprovoked,USA,Hawaii,"Hultin's Beach, Oahu",Surfing,F,54.0,N,18h00,Tiger shark,surfing,tiger shark
2017-09-25,2017,Unprovoked,AUSTRALIA,Western Australia,Gracetown,Surfing,M,,N,18h00,"White shark, 3.5 m",surfing,white shark
2017-09-13,2017,Unprovoked,USA,Florida,"Ponce Inlet, Volusia County",Surfing,M,18.0,N,18h45,5' to 6' shark,surfing,other shark
2017-07-14,2017,Unprovoked,USA,Washington,"South Beach, Westport, Grays Harbor County",Surfing,M,,N,18h30,"White shark, 9'",surfing,white shark
2017-06-17,2017,Unprovoked,SPAIN,Ibiza Island,Playa d’en Bossa,Swimming,M,82.0,N,12h00,,swimming,unknown
2017-04-29,2017,Unprovoked,SOUTH AFRICA,Western Cape Province,"Keurbooms, Plettenberg Bay",Surfing,M,14.0,N,17h10,,surfing,unknown
2017-02-06,2017,Watercraft,SOUTH AFRICA,KwaZulu-Natal,Eastmoor Crescent Beach,Fishing,M,,N,,Tiger shark,fishing,tiger shark
2017-01-13,2017,Unprovoked,USA,Florida,Jensen Beach,,M,,N,Morning,,other,unknown
2016-10-01,2016,Unprovoked,USA,Florida,"New Smyrna Beach, Volusia County",Surfng,M,32.0,N,17h30,,surfing,unknown
2016-09-05,2016,Unprovoked,USA,South Carolina,"Kingston Plantation, Myrtle Beach, Horry County",Boogie boarding,F,12.0,N,Late afternoon,,watercraft,unknown
2016-09-01,2016,Unprovoked,USA,California,"Refugio State Beach, Santa Barbara County",Spearfishing,M,22.0,N,,"White shark, 8' to 10'",fishing,white shark
2016-05-03,2016,Unprovoked,USA,Hawaii,"Wailea Beach, Maui",Floating,M,59.0,N,15h49,,other,unknown
2016-01-11,2016,Unprovoked,AUSTRALIA,Queensland,"Happy Valley Beach, Caloundra",Surfing,M,,N,,Wobbegong shark,surfing,other shark
2015-09-29,2015,Unprovoked,USA,Florida,"Vilano Beach, St.  Johns County",Surfing,M,22.0,N,16h20,"Blacktip shark, 5' to 6'",surfing,other shark
2015-09-08,2015,Unprovoked,AUSTRALIA,New South Wales,North Shelly Beach,Surfing,M,42.0,N,06h15,6' shark,surfing,other shark
2015-06-23,2015,Unprovoked,USA,South Carolina,"St. Helena Island, Beaufort County",Standing,M,9.0,N,,small shark,swimming,other shark
2015-05-20,2015,Unprovoked,USA,Florida,"New Smyrna Beach, Volusia County",Surfing,M,18.0,N,10h30,5' shark,surfing,other shark
2015-04-12,2015,Unprovoked,REUNION,Saint-Gilles-les-Bains,Cap Homard,Surfing,M,13.0,Y,09h00,Bull shark,surfing,bull shark
2015-03-11,2015,Watercraft,AUSTRALIA,New South Wales,"Julian Rocks, Byron Bay",Fishing,M,,N,Morning,,fishing,unknown
2015-02-09,2015,Unprovoked,AUSTRALIA,New South Wales,Shelly Beach,Surfing,M,41.0,Y,10h00,3.5 to 4 m shark,surfing,other shark
2015-02-05,2015,Unprovoked,AUSTRALIA,New South Wales,Mereweather Beach,Bodysurfing,M,,N,,1.8 m shark,surfing,other shark
2014-10-05,2014,Unprovoked,USA,Florida,"New Smyrna Beach, Volusia County",Surfing,M,15.0,N,11h00,Blacktip shark,surfing,other shark
2014-08-05,2014,Unprovoked,USA,Florida,"Cocoa Beach, Brevard  County",Swimming,F,45.0,N,,,swimming,unknown
2014-07-03,2014,Unprovoked,USA,South Carolina,"Isle of Palms, Charleston County",Body surfing,M,19.0,N,18h15-18h30,4' to 5' shark,surfing,other shark
2014-06-09,2014,Unprovoked,USA,Delaware,"Cape Henlopen State Park, Sussex County",Standing,M,16.0,N,17h00,"Sandbar shark, 3' to 4'",swimming,other shark
2013-10-19,2013,Unprovoked,USA,Florida,Miami Beach,Wading,M,6.0,N,Late afternoon,Nurse shark?,swimming,other shark
2013-08-17,2013,Unprovoked,USA,California,"Pillar Point, Half-Moon Bay, San Mateo County",Surfing,F,,N,12h40,White shark,surfing,white shark
2013-08-08,2013,Unprovoked,SOUTH AFRICA,,,Attempting to free the shark,M,,N,,Blacktip shark,other,other shark
2013-07-28,2013,Unprovoked,BAHAMAS,Abaco Islands,Scotland Cay,Spearfishing,M,40.0,N,16h05,6' shark,fishing,other shark
2013-06-25,2013,Unprovoked,USA,South Carolina,"Kiawah Island, Charleston County",Swimming,M,14.0,N,12h45,4' to 5' shark,swimming,other shark
2013-06-16,2013,Unprovoked,SOUTH AFRICA,Eastern Cape Province,Queensberry Bay,Surfing,M,,N,Morning,,surfing,unknown
2013-06-15,2013,Unprovoked,USA,Florida,"Atlantic Beach, Duval County",Surfing,F,,N,,,surfing,unknown
2013-05-04,2013,Unprovoked,USA,Florida,"Melbourne Beach, Brevard County",Surfing,M,16.0,N,11h15,a small shark,surfing,other shark
2013-04-24,2013,Unprovoked,MEXICO,Quintana Roo,"Seagull Beach, Cancun",Swimming,F,34.0,N,13h40,Tiger shark,swimming,tiger shark
2013-04-02,2013,Unprovoked,USA,Hawaii,Ka’anapali Shores,Surfing,M,58.0,N,08h30,4' shark,surfing,other shark
2013-01-21,2013,Invalid,AUSTRALIA,Queensland,Bullcock Beach,Dragging stranded shark into deeper water,M,62.0,,,,other,unknown
2012-12-19,2012,Unprovoked,AUSTRALIA,Western Australia,Trigg Beach,Surfing,M,32.0,N,0830,"Tiger shark, 6'",surfing,tiger shark
2012-05-09,2012,Unprovoked,USA,Florida,"Vero Beach, Indian River County",Swimming,F,47.0,N,11h30,,swimming,unknown
2011-12-23,2011,Unprovoked,USA,Florida,New Smyrna Beach,Surfing,M,27.0,N,12h30,,surfing,unknown
2011-10-05,2011,Watercraft,REUNION,,Cap La Houssaye,Canoeing,M,51.0,N,10h30,2 to 2.5 m shark,other,other shark
2011-09-24,2011,Unprovoked,USA,Florida,"Santa Maria Island, Manatee County",Spearfishing,M,21.0,N,15h00,"Bull shark, 6'",fishing,bull shark
,2011,Unprovoked,USA,Puerto Rico,Vieques,Floating,M,27.0,N,Night,,other,unknown
2011-07-15,2011,Watercraft,REUNION,Saint-Gilles,Brisants.,Kayaking or Wave skiing,M,,N,17h00,,watercraft,unknown
2011-07-13,2011,Unprovoked,USA,Texas,"South Padre Island, Cameron County",Surf fishing,M,,N,20h30,,surfing,unknown
2011-05-04,2011,Unprovoked,SOUTH AFRICA,KwaZulu-Natal,Palm Beach,Spearfishing,M,37.0,N,,,fishing,unknown
2011-01-26,2011,Unprovoked,BAHAMAS,West End,Tiger Beach,Scuba diving,M,55.0,N,15h00,Caribbean reef shark,diving,other shark
2010-08-07,2010,Unprovoked,USA,North Carolina,"Figure Eight Island, Wilmington, New Hanover County",Surfing,M,25.0,N,15h00,,surfing,unknown
2010-07-25,2010,Unprovoked,USA,South Carolina,"Isle of Palms, Charleston County",Standing,M,16.0,N,,4' shark,swimming,other shark
2010-05-18,2010,Unprovoked,VIETNAM,Binh Dinh Province,Quy Nhon,Swimming,F,60.0,N,18h00,20 to 30kg shark,swimming,other shark
2010-02-01,2010,Provoked,NEW ZEALAND,South Island,Oreti Beach,Boogie Boarding,F,14.0,N,18h30,1.5 m shark,watercraft,other shark
2010-01-31,2010,Unprovoked,BRAZIL,Rio Grande Do Sul,"Atlantis Beach, near Tramandai",Surfing,M,29.0,N,,Thought to involve a juvenile hammerhead shark,surfing,other shark
2009-07-11,2009,Provoked,BAHAMAS,,,Spearfishing,M,,N,,"Caribbean reef shark, 6'",fishing,other shark
2009-06-02,2009,Unprovoked,EGYPT,St. Johns Reef,Habili Gafar,Scuba diving,M,,N,,Oceanic whitetip shark,diving,other shark
2009-04-21,2009,Unprovoked,USA,Florida,"New Smyrna Beach, Volusia County",Surfing,M,20.0,N,Late afternoon,,surfing,unknown
2008-09-15,2008,Provoked,AUSTRALIA,Northern Territory,Near Croker Island,Swimming,M,43.0,N,14h30,Bronze whaler shark,swimming,other shark
2008-08-27,2008,Unprovoked,USA,Florida,"New Smyrna Beach, Volusia County",Surfing,M,26.0,N,11h00,6' shark,surfing,other shark
2008-06-28,2008,Invalid,USA,Hawaii,"Kamilo Point, Hawai'i",Wading,M,53.0,,Afternoon,Shark involvement prior to death not confirmed,swimming,other shark
2008-06-02,2008,Watercraft,SCOTLAND,Easter Ross,Balintore Bay,Fishing,,,N,,Basking shark,fishing,other shark
2008-05-26,2008,Unprovoked,USA,North Carolina,"Hammocks Beach State Park, Bear Island, Onslow County",Surfing,M,9.0,N,15h50,,surfing,unknown
2008-04-19,2008,Invalid,SOUTH AFRICA,KwaZulu-Natal,Aliwal Shoal,Free-diving,M,,,,"Tiger shark, 13' female",diving,tiger shark
2007-10-15,2007,Unprovoked,AUSTRALIA,New South Wales,Byron Bay,Surf-skiing,F,52.0,N,11h30,"White shark, 2.5m",surfing,white shark
2007-07-22,2007,Unprovoked,USA,California,"Malibu, Los Angeles County",Surf paddling,M,,N,,"White shark, 12'",surfing,white shark
2007-07-17,2007,Unprovoked,USA,North Carolina,"Atlantic Beach, Carteret County",Wading,F,30.0,N,13h00,5' shark,swimming,other shark
2007-05-17,2007,Provoked,ENGLAND,Kent,Folkestone,Fishing,M,38.0,N,Afternoon,"Lesser spotted dogfish, Scyliorhinus canicula, less than 80 cm in length",fishing,other shark
2007-03-05,2007,Provoked,NEW ZEALAND,Cook islans,Penhryn Island,Spearfishing,M,16.0,N,,Tiger shark,fishing,tiger shark
2006-12-18,2006,Unprovoked,AUSTRALIA,Victoria,"Winki Pop, Bells Beach",Surfing,M,25.0,N,20h00,2.5 to 3 m shark,surfing,other shark
2006-11-25,2006,Sea Disaster,PHILIPPINES,Surigao del Norte,"Off Bilisan Point, Hinatuarn Island",Sea Disaster,,,Y,14h20,,other,unknown
2006-09-30,2006,Invalid,SOUTH AFRICA,Western Cape Province,Miller's Point,Spearfishing,M,36.0,,,Invalid,fishing,unknown
2006-07-25,2006,Unprovoked,USA,Florida,"New Smyrna Beach, Volusia County",Surfing,M,14.0,N,13h45,,surfing,unknown
2006-02-12,2006,Unprovoked,AUSTRALIA,Queensland,"Point Vernon, Hervey Bay",Swimming,M,,N,,,swimming,unknown
2006-01-15,2006,Unprovoked,AUSTRALIA,Western Australia,"Off City Beach, Perth",Scuba diving,M,52.0,N,11h00,3.5 m white shark,diving,other shark
2005-10-29,2005,Unprovoked,USA,Florida,"Ponce de Leon Inlet, Volusia County",Wading,M,15.0,N,,2' to 3' shark,swimming,other shark
2005-07-15,2005,Invalid,AUSTRALIA,,,,,,,,No shark involvement,other,other shark
2005-06-16,2005,Unprovoked,USA,Florida,"Howard E. Futch Memorial Park at Paradise Beach, Brevard County",Swimming,M,20.0,N,Afternoon,"Unknown, but it was reported that a shark tooth was recovered from the wound",swimming,other shark
2005-03-12,2005,Provoked,USA,New Mexico,"Albuquerue Aquarium, Albuquerue",Diving in aquarium display tank,M,45.0,N,15h30,"Sandtiger shark, 2.1 m [7']",diving,other shark
2005-03-10,2005,Invalid,SOUTH AFRICA,KwaZulu-Natal,Isipingo,,M,51.0,,,Invalid,other,unknown
2004-05-01,2004,Unprovoked,BRAZIL,Pernambuco,Piedade,Swimming,M,22.0,Y,Afternoon,,swimming,unknown
2004-01-22,2004,Invalid,NEW ZEALAND,Northlands,90 Mile Beach,Boogie boarding,M,,,,Shark involvement doubtful,watercraft,other shark
2003-09-14,2003,Watercraft,SOUTH AFRICA,Western Cape Province,Melkbosstrand,Fishing,,,N,09h40,2 m cow shark,fishing,other shark
2003-09-13,2003,Unprovoked,USA,Florida,"Daytona Beach, Volusia County",Body boarding,M,18.0,N,17h11,6' shark,watercraft,other shark
2003-09-01,2003,Unprovoked,USA,Florida,"Boca Grande, Lee County",Wade-fishing,M,,N,,,fishing,unknown
2003-04-21,2003,Unprovoked,USA,Florida,"Melbourne Beach, Brevard County",Surfing,M,36.0,N,14h30,Unidentified species,surfing,unknown
2003-01-03,2003,Unprovoked,COSTA RICA,North Pacific coast,Playa Tamarindo,Surfing,M,,N,,"Bull shark, 7'",surfing,bull shark
2002-10-11,2002,Unprovoked,USA,Florida,"Opposite main gate at Patrick Air Force Base, Cape Canaveral, Brevard County",Surfing,M,21.0,N,Sunset,,surfing,unknown
2002-06-09,2002,Unprovoked,USA,Florida,"Jensen Beach, Martin County",Swimming,M,10.0,N,13h00,,swimming,unknown
2002-04-20,2002,Unprovoked,USA,Florida,"St. Augustine Beach, St. Johns County","Surfing, but standing in water alongside board",M,34.0,N,10h30,1.2 m [4'] shark,surfing,other shark
2002-03-25,2002,Unprovoked,USA,Florida,"Cocoa Beach, Brevard County",Wading,F,11.0,N,10h10,,swimming,unknown
2001-11-07,2001,Invalid,AUSTRALIA,Western Australia,"Leighton Beach, south of North Cottesloe",Surf-skiing,M,,,,,surfing,unknown
2001-08-29,2001,Unprovoked,USA,Florida,"Coquina Beach, Anna Maria Island, Manatee County",Standing,F,29.0,N,13h30,,swimming,unknown
2001-07-26,2001,Unprovoked,USA,South Carolina,"Myrtle Beach, Horry County",,F,,N,,,other,unknown
2001-07-24,2001,Unprovoked,USA,Florida,"Marathon , Monroe County",,F,,N,,Nurse shark,other,other shark
2000-08-30,2000,Unprovoked,USA,Florida,"Boca Ciega Bay, Tampa, Pinellas County",Jumped into the water,M,69.0,Y,16h00,"Thought to involve a 2.7 m [9'], 400-lb bull shark",other,other shark
2000-01-01,2000,Watercraft,USA,Florida,"Boca Grande, Lee County",Fishing for tarpon,M,,N,,Hammerhead shark,fishing,other shark
1999-11-30,1999,Unprovoked,USA,Florida,"Palm Beach, Palm Beach County",Surfing,M,19.0,N,15h30,,surfing,unknown
1998-01-28,1998,Invalid,AUSTRALIA,New South Wales,Whale Beach,Spearfishing,M,31.0,,20h00,Shark involvement not confirmed,fishing,other shark
1997-10-28,1997,Unprovoked,USA,Hawaii,"Waiokapua Bay/Majors Bay, Brennecke Beach, Poipu, Kaua'i Island",Body boarding or surfing,M,19.0,N,07h20,"Tiger shark, 4 m to 4.3 m [13' to 14']",surfing,tiger shark
1997-08-11,1997,Unprovoked,USA,Florida,"New Smyrna Beach, Volusia County",Floating on raft,F,12.0,N,14h16,,other,unknown
1997-07-21,1997,Unprovoked,SOUTH AFRICA,Eastern Cape Province,"Breezy Point, Ntlonyana",Surfing,M,25.0,Y,12h45,4.5 m white shark,surfing,other shark
1996-08-11,1996,Unprovoked,USA,Florida,"Bayshore Garden, Sarasota Bay, Sarasota County",Wade fishing,M,21.0,N,14h00,1.8 m to 2.1 m [6' to 7'] hammerhead shark,fishing,other shark
1996-05-24,1996,Invalid,AUSTRALIA,New South Wales,"Wreck of paddle steamer, Koputai, 6 km off Bondi Beach",Tech diving,M,45.0,Y,,Shark involvement prior to death suspected but not confirmed,diving,other shark
1995-08-27,1995,Unprovoked,BRAZIL,Pernambuco,"Boa Viagem, Recife",Surfing,M,,N,,,surfing,unknown
1995-08-26,1995,Unprovoked,USA,Florida,"Crescent Beach, St. Johns County",Surfing,M,16.0,N,18h30,5' shark,surfing,other shark
1995-08-10,1995,Unprovoked,USA,South Carolina,"Ocean Lakes Campground, south of Myrtle Beach, Horry County",Riding waves on a board,F,14.0,N,,Blacktip shark,watercraft,other shark
1995-06-24,1995,Unprovoked,USA,California,"LaJolla Shores, San Diego County",Kayaking,F,,N,,White shark (tooth fragment recovered),watercraft,white shark
,1994,Unprovoked,HONG KONG,,,Playing volleyball with friends,F,,N,,Tiger shark said to be 5 to 7 m [16.5' to 23'],other,tiger shark
1993-01-05,1993,Unprovoked,AUSTRALIA,Queensland,"Line Reef, northeast of Hamilton Island, Whitsundays",Spearfishing,M,21.0,N,09h00,1.5 m shark,fishing,other shark
1992-08-25,1992,Unprovoked,AUSTRALIA,South Australia,"Lipson Cove, Tumby Bay",Surfing,M,17.0,N,17h50,4 m white shark,surfing,other shark
1992-07-08,1992,Unprovoked,BRAZIL,Maranhão,"Praia da Marcela, São Marcos Bay",Surfing,M,,N,Morning,,surfing,unknown
1992-02-14,1992,Unprovoked,JAPAN,Ehime Prefecture,Matsuyama,Diving for pen shells,M,,N,10h00,5 m [16.5'] shark,diving,other shark
1990-09-15,1990,Unprovoked,SOUTH AFRICA,Western Cape Province,Oudekraal,Spearfishing,M,26.0,N,13h20,5 m  [16.5'] white shark,fishing,other shark
1990-07-08,1990,Unprovoked,USA,Florida,"Perdido Key near the Florida Panhandle, Escambia County",Surfing,M,17.0,N,,,surfing,unknown
1990-06-23,1990,Unprovoked,BAHAMAS,,Bimini,Spearfishing,M,38.0,N,14h30,1.2 m to 1.5 m [4' to 5'] shark,fishing,other shark
1989-08-29,1989,Provoked,AUSTRALIA,Queensland,SeaWorld Theme Park,Feeding fish,M,30.0,N,Afternoon,Grey nurse shark,fishing,other shark
1988-10-23,1988,Unprovoked,USA,Oregon,"Indian Beach, Ecola State Park, just north of Cannon Beach, Clatsop County",Surfing (sitting on his board),M,21.0,N,17h30,5.5 m to 6 m [18' to 20']  white shark,surfing,other shark
1988-01-21,1988,Invalid,AUSTRALIA,Torres Strait,,Fell overboard  from the Taiwanese fishing trawler Lien Cheng Feu,M,,,,Shark involvement prior to death was not confirmed,fishing,other shark
1987-09-13,1987,Unprovoked,SOUTH AFRICA,Western Cape Province,Still Bay,Surfing,M,24.0,N,11h00,3.5 m [11.5']  white shark,surfing,other shark
1985-10-18,1985,Unprovoked,USA,Hawaii,"Little Glass Shacks, Princeville, Kaua'i",Body boarding,M,33.0,N,,"Thought to involve a Tiger shark,  3.7 m [12']",watercraft,tiger shark
1985-01-01,1985,Unprovoked,NEW CALEDONIA,South Province,Amedee Island,Spearfishing,,,N,,Tiger shark,fishing,tiger shark
1983-03-30,1983,Unprovoked,SOUTH AFRICA,KwaZulu-Natal,Scottburgh,Spearfishing,M,17.0,N,11h15,1.8 m [6'] Zambezi shark,fishing,other shark
1982-12-26,1982,Unprovoked,AUSTRALIA,New South Wales,Suffolk Park,Surfing,M,27.0,N,Morning,"Bronze whaler, 2m",surfing,other shark
1982-02-13,1982,Unprovoked,USA,Florida,"Palm Beach, Palm Beach County",Swimming,F,75.0,Y,Prior to 10h37,,swimming,unknown
1982-01-01,1982,Watercraft,ITALY,Tyrrhenian Sea,"Biodola, Isola d'Elba",Fishing on a boat,M,,N,,White shark,fishing,white shark
1981-08-10,1981,Unprovoked,USA,Florida,"Ormond Beach / Daytona Beach, Volusia County","16' catamaran capsized previous night, occupants stayed with wreckage until morning, then attempted to swim ashore",F,19.0,Y,Daybreak,,swimming,unknown
1981-02-19,1981,Unprovoked,SOUTH AFRICA,KwaZulu-Natal,Umtentweni,Swimming,M,30.0,N,17h20,Juvenile dusky or blacktip shark,swimming,other shark
1977-11-12,1977,Provoked,SOUTH AFRICA,Western Cape Province,Klein River Lagoon,Standing,M,,N,,1.5 to 2 m [5' to 6.75'] shark,swimming,other shark
1976-11-27,1976,Unprovoked,SOUTH AFRICA,Western Cape Province,Clifton,Thrashing the water / imitating the shark victim from Jaws,M,19.0,N,16h05,"White shark, 3 m [10'] k",other,white shark
1976-03-02,1976,Watercraft,SOUTH AFRICA,Western Cape Province,"2 km from Macassar, False Bay",,,,N,,White shark named “Spotty”,other,white shark
1975-09-01,1975,Unprovoked,SOUTH AFRICA,KwaZulu-Natal,Richards Bay,Paddleskiing,M,21.0,N,,1.2 m [4'] shark,watercraft,other shark
1975-06-23,1975,Unprovoked,USA,South Carolina,"Windy Hill, near Myrtle Beach, Horry County",Swimming,M,18.0,N,16h30,4' shark,swimming,other shark
1975-03-29,1975,Invalid,SOUTH AFRICA,KwaZulu-Natal,Tongaat,Swimming,M,,,,Shark involvement prior to death was not confirmed,swimming,other shark
1973-09-10,1973,Unprovoked,HONG KONG,Mirs Bay,,Freedom Swimming,M,20.0,Y,,,swimming,unknown
1973-02-27,1973,Unprovoked,MEXICO,Guerrero,"Revolcadero Beach, Acapulco",Swimming,,57.0,Y,,,swimming,unknown
1973-01-01,1973,Unprovoked,SOUTH AFRICA,Eastern Cape Province,Queensberry Bay,Surfing,M,13.0,N,08h00,,surfing,unknown
1972-12-26,1972,Unprovoked,MOZAMBIQUE,Gaza,Xai Xai,Swimming,M,25.0,N,15h00,2 m to 3 m shark,swimming,other shark
1972-08-08,1972,Unprovoked,AUSTRALIA,Tasmania,Tasman Island,Diving for abalone,M,45.0,N,,"White shark, 10'",diving,white shark
1971-04-11,1971,Unprovoked,SOUTH AFRICA,Western Cape Province,Buffels Bay,Swimming,M,,Y,11h30,White shark according to tooth pattern and witnesses,swimming,white shark
1971-01-02,1971,Unprovoked,AUSTRALIA,Tasmania,,Swimming,M,,N,16h30,,swimming,unknown
1970-10-01,1970,Unprovoked,USA,Florida,"Matanzas Inlet, St Johns County",Surfing,M,,N,,,surfing,unknown
1970-01-23,1970,Unprovoked,MOZAMBIQUE,Limpopo River,"Gijana, 150 km inland",Swimming,M,16.0,N,,Zambesi shark,swimming,other shark
1970-01-01,1970,Unprovoked,PAPUA NEW GUINEA,New Ireland Province,,Freediving,M,15.0,N,,,diving,unknown
1969-10-14,1969,Unprovoked,USA,Hawaii,Hawaii,Diving,M,,N,Morning,Oceanic whitetip shark,diving,other shark
1968-04-07,1968,Provoked,AUSTRALIA,New South Wales,Stockton Bight,,M,47.0,N,Early morning,Blue whaler (Galeolamna),other,other shark
1968-02-01,1968,Unprovoked,MOZAMBIQUE,,,Diving,,24.0,N,,,diving,unknown
1967-12-30,1967,Unprovoked,SOUTH AFRICA,Western Cape Province,Mossel Bay,Surfing,M,22.0,N,14h00,1.5 m to 1.8 m [5' to 6'] shark,surfing,other shark
1966-08-16,1966,Unprovoked,CROATIA,Primorje-Gorski Kotar County,Bakar,Swimming,M,33.0,Y,,White shark,swimming,white shark
1966-07-17,1966,Unprovoked,TAIWAN,Northern Taiwan,Tamsui Beach,Swimming,M,20.0,Y,,,swimming,unknown
1966-01-15,1966,Unprovoked,AUSTRALIA,New South Wales,Bellambi,Spearfishing,M,30.0,N,,"Wobbegong shark, 5'",fishing,other shark
1965-10-21,1965,Unprovoked,,,Florida Strait,The boat Caribou II sank,M,39.0,N,,,watercraft,unknown
1965-04-10,1965,Unprovoked,USA,Florida,American Shoals off Key West,Spearfishing,M,28.0,N,11h00,"White shark, 10' to 12'",fishing,white shark
1964-09-20,1964,Unprovoked,TAIWAN,Northern Taiwan,"Tamsui Beach, Taipai",Swimming,M,32.0,Y,14h00,,swimming,unknown
1964-02-01,1964,Unprovoked,USA,Florida,Palm Beach County,Floating,M,12.0,N,,Hammerhead shark,other,other shark
1964-01-18,1964,Unprovoked,AUSTRALIA,Western Australia,Hamelin Bay,Freediving,M,,N,,Wobbegong,diving,other shark
1962-03-25,1962,Provoked,NEW ZEALAND,"Off the Coromandel Peninsula, North Island",Alderman Islands,,M,,N,,1.8 m [6'] shark,other,other shark
1961-10-09,1961,Invalid,USA,Florida,"Ocean Ridge, Boca Raton, Palm Beach County",Swimming,M,45.0,,,Shark involvement prior to death was not confirmed,swimming,other shark
1961-07-29,1961,Provoked,USA,New York,Whitewood Point on Lloyd Neck in Oyster Bay,Spearfishing,M,57.0,N,14h30,43 shark,fishing,other shark
1961-04-16,1961,Provoked,AUSTRALIA,New South Wales,Otford,Spearfishing,M,21.0,N,,"Wobbegong shark, O. barbatus,  1.8 m [6'], identified by G.P. Whitley",fishing,other shark
1961-03-09,1961,Unprovoked,NORTH PACIFIC OCEAN,Wake Island (EnenKio),"Leeward side of island, directly in back of Mid-Pac barrel storage area",Free diving,M,33.0,N,15h30,"Grey reef shark, 1.8 m [6'] grey reef shark, identified by Dr. L.P. L. Schultz based on photographs; identified as C. melanopterus by Stewart",diving,other shark
1960-09-01,1960,Invalid,MARSHALL ISLANDS,Eniwetok Atoll,Parry Island,Free diving / Spearfishing,M,,,12h00,Invalid,fishing,unknown
1959-08-14,1959,Sea Disaster,PHILIPPINES,Queaon,Between Unisan & Angadanan Islands,Fishing boat capsized,,,Y,Afternoon,,fishing,unknown
1959-05-03,1959,Unprovoked,USA,Florida,"Panama City, Bay County",Spearfishing,M,19.0,N,10h00,"Tiger shark, 3.7 m [12']",fishing,tiger shark
1958-10-12,1958,Unprovoked,USA,California,"Coronado Strand, San Diego County",Swimming near jetty,M,15.0,N,,,swimming,unknown
1957-11-08,1957,Sea Disaster,PACIFIC OCEAN,"1,000 miles east of Hawaii",,Air/Sea Disaster Pan-American Airlines Stratocruiser with 44 people onboard crashed into the sea,,,N,,,watercraft,unknown
1956-08-01,1956,Unprovoked,PAPUA NEW GUINEA,Central Province,"Fisherman's Island, near Port Moresby",Fishing,M,,N,,2.3 m [7'] shark,fishing,other shark
1955-04-01,1955,Unprovoked,USA,Hawaii,"Hilo, Hawai'i","Fishing from boat, Kaimamla",M,,N,,,fishing,unknown
1955-01-01,1955,Unprovoked,PAPUA NEW GUINEA,New Ireland,Lavongai,,M,,N,,,other,unknown
1954-12-09,1954,Unprovoked,PAPUA NEW GUINEA,Central Province,"Kila Beach, Port Moresby",Swimming near canoe,M,,Y,13h20,,swimming,unknown
1953-01-01,1953,Unprovoked,USA,Florida,"Juno Beach, Palm Beach County",Standing,F,,N,,,swimming,unknown
1952-12-03,1952,Unprovoked,USA,Hawaii,"Maile Beach, O'ahu",Swimming from fishing boat setting nets,M,40.0,Y,,>6.7 m [22']  shark,swimming,other shark
1950-08-06,1950,Provoked,EL SALVADOR,La Libertad,50 miles off Port La Libertad,Jerked overboard while pole fishing for tuna,M,27.0,N,08h30,"1,100-lb shark",fishing,other shark
1950-05-24,1950,Unprovoked,SOUTH AFRICA,KwaZulu-Natal,Port Edward,Treading water,M,27.0,N,10h30,,swimming,unknown
1950-01-01,1950,Watercraft,AUSTRALIA,Tasmania,Triabunna,Sitting on side of dinghy mending a net,M,,N,,"White shark, 3.6 m,  420 kg male",other,white shark
1950-01-01,1950,Unprovoked,SRI LANKA,Southern Province,Dodnduwa,Spearfishing,M,,N,,Whtietip reef shark,fishing,other shark
1949-04-13,1949,Unprovoked,MEXICO,Tamaulipas,"Miramar Beach, Tampico",Bathing,M,,N,,,swimming,unknown
1947-12-21,1947,Unprovoked,AUSTRALIA,New South Wales,"Watson Taylor's Lake, 25 miles south of Port Macquarie",Fishing,M,9.0,N,P.M.,Grey nurse shark,fishing,other shark
1947-11-14,1947,Unprovoked,AUSTRALIA,New South Wales,"Knobby's Beach, Newcastle",Fishing from surf ski,M,16.0,N,Dusk,,surfing,unknown
1946-12-28,1946,Unprovoked,AUSTRALIA,South Australia,Glenelg,Swimming near jetty with 2' piece of wood,M,23.0,N,,,swimming,unknown
1946-07-18,1946,Unprovoked,IRAN,Khuzestan Province,"Dorquain, on the Karun River","Fishing, probably with a net",M,12.0,N,,,fishing,unknown
1945-07-30,1945,Sea Disaster,PHILIPPINES,In transit between Tinian and Leyte,200 miles Leyte,American cruiser Indianapolis torpedoed & sunk by the Japanese submarine I-58,,,Y,,,other,unknown
1945-03-06,1945,Unprovoked,SOUTH AFRICA,KwaZulu-Natal,Scottburgh,Walking,M,37.0,N,16h30,Thought to involve a Zambesi shark,other,other shark
1944-11-01,1944,Invalid,AUSTRALIA,Queensland,Maroochydore Beach,Swimming,M,,,,,swimming,unknown
1944-01-16,1944,Watercraft,AUSTRALIA,Western Australia,"Cottesloe, Perth",Fishing,M,,N,,14' shark,fishing,other shark
1943-01-01,1943,Unprovoked,IRAQ,,River Tigris,Swimming,M,22.0,N,,,swimming,unknown
1942-09-12,1942,Unprovoked,AUSTRALIA,Queensland,"Trinity Beach, 17 km northwast of Cairns",Treading water,M,24.0,N,16h30,"Tiger shark, 2.4 m to 3 m [8' to 10']",swimming,tiger shark
1942-07-06,1942,Provoked,ITALY,Liguria,Savona,Sculling,M,20.0,N,,Porbeagle shark,other,other shark
1942-04-05,1942,Invalid,INDIAN OCEAN,West of Ceylon (Sri  Lanka),300 nm from shore,H.M.S. Cornwall & H.M.S.Dorsetshire sunk by Japanese dive bombers. Officers & men in the water formed a circle with 60 of their dead in the center for 36 hours,,,,,Invalid,diving,unknown
1941-06-01,1941,Sea Disaster,PACIFIC OCEAN,Off coast of Ecuador,Between Esmeraldas & Salinas,"Ditched aircraft, 3 men in the water. Swam for 31 hours",M,,Y,17h30,,other,unknown
1939-01-01,1939,Unprovoked,PAPUA NEW GUINEA,"Abau Sub District, Central Province",Aroma Passage,Swimming to anchored boat,M,,Y,,,swimming,unknown
1938-08-18,1938,Provoked,USA,California,"Near Encino, Los Angeles County",Fishing,M,,N,,,fishing,unknown
1938-07-17,1938,Provoked,USA,California,"Dana Point, Orange County","Fishing, removing gaff from shark's mouth",M,27.0,N,,,fishing,unknown
1938-07-12,1938,Unprovoked,AUSTRALIA,Torres Strait,Off Bathurst Island,"Hardhat diving from Japanese pearling lugger, Reiyo Maru",M,25.0,Y,,,diving,unknown
1938-05-26,1938,Unprovoked,COSTA RICA,Nicoya Peninsula,,Fishing,M,,Y,,,fishing,unknown
1936-12-30,1936,Unprovoked,USA,Hawaii,"Honokohau, Maui","Diving, attempting to retrieve body of drowning victim wedged between rocks",M,,N,,6 m [20']  shark,diving,other shark
1936-02-20,1936,Unprovoked,AUSTRALIA,Queensland,Brisbane River,Sculling,M,,N,,10' shark,other,other shark
1935-11-13,1935,Unprovoked,AUSTRALIA,Torres Strait,Barrier Reef near Innisfail,Diving?,M,20.0,N,,,diving,unknown
1933-06-16,1933,Unprovoked,USA,South Carolina,"Folly Island, near Charleston",Standing,F,,N,,,swimming,unknown
1931-08-25,1931,Unprovoked,CUBA,Havana Province,"Miramar subdivision, Havana",Swimming a quarter mile offshore,M,23.0,Y,,,swimming,unknown
1930-05-11,1930,Invalid,COSTA RICA,Limón Province,Off Porto Limon,Air disaster,,,,,Shark involvement prior to death unconfirmed,other,other shark
1930-01-01,1930,Sea Disaster,MAURITIUS,,Two miles from shore in Tamarind Bay,Swimming to shore after a squall  capsized their motorized shark fishing boat,M,,Y,,,swimming,unknown
1929-02-18,1929,Unprovoked,AUSTRALIA,New South Wales,Maroubra Bay,Body surfing,M,20.0,Y,15h30,,surfing,unknown
1924-11-25,1924,Unprovoked,MEXICO,Tamaulipas,Tampico,The Ward liner Esperanza stranded during a gale & she leapt overboard to rescue her dog which had been swept overboard.,F,,Y,,1.8 m shark,watercraft,other shark
1923-06-16,1923,Watercraft,AUSTRALIA,New South Wales,Bellambi Reef,"After rowing skiff was holed by shark, he was attempting to swim ashore",M,,Y,,,swimming,unknown
1912-02-22,1912,Provoked,AUSTRALIA,Western Australia,Bunbury,Hard hat diving,M,,N,,,diving,unknown
1912-01-13,1912,Unprovoked,FIJI,Viti Levu group,Beqa,Washed overboard,M,7.0,Y,,,watercraft,unknown
1912-01-01,1912,Unprovoked,SPAIN,Balearics,Isla Cabrera,Fell into the water,M,,Y,,White shark,other,white shark
1910-03-31,1910,Unprovoked,PANAMA,Colón Province,Cristobal,Fell overboard from USS cruiser Tacoma,M,,Y,,,watercraft,unknown
1909-12-15,1909,Unprovoked,AUSTRALIA,New South Wales,20 miles off Sydney,Fell overboard,M,,Y,,,watercraft,unknown
1909-08-13,1909,Unprovoked,USA,Florida,"Pensacola Bay, Escambia County",Fell overboard from fishing schooner Halycon,M,,Y,,,fishing,unknown
1909-07-15,1909,Unprovoked,USA,Florida,"Panama City, Bay County",Swimming,M,16.0,N,,,swimming,unknown
1908-06-08,1908,Sea Disaster,USA,Georgia,,The British steamer Caribbee foundered,M,,Y,,,other,unknown
1905-07-25,1905,Invalid,ITALY,,Naples,,M,8.0,,,Shark involvement prior to death was not confirmed,other,other shark
1904-09-01,1904,Unprovoked,CUBA,Havana Province,Havana Harbor,Lost his footing & fell overboard,M,,Y,,,watercraft,unknown
,1903,Unprovoked,USA,Hawaii,"Koko Head, south side of O'ahu Island",Fishing,M,,Y,,,fishing,unknown
1902-11-01,1902,Unprovoked,USA,Texas,"Near Port Lavaca, Calhoun County",Fishing,M,,N,,,fishing,unknown
1902-06-02,1902,Unprovoked,PHILIPPINES,Zamboanga del Sur Province,"Near mouth of River Cumalarang, 5 miles from Port Isabela, Basilan Island",,M,,N,,,other,unknown
1899-10-28,1899,Watercraft,AUSTRALIA,Victoria,"Governor's Reef, Port Phillip Bay",Fishing for squid,,,N,Morning,20' shark,fishing,other shark
1892-11-09,1892,Unprovoked,AUSTRALIA,Norfolk Island,,Fishing,M,,N,,,fishing,unknown
1890-06-26,1890,Unprovoked,CROATIA,,Fiume,Swimming,M,,N,,,swimming,unknown
1888-12-25,1888,Unprovoked,INDIAN OCEAN,Between Perth & Colombo,,Swimming,M,,N,,,swimming,unknown
1887-10-01,1887,Sea Disaster,BAHAMAS,,,"Sea disaster, wreck of the Alfred Watts",M,,Y,,,other,unknown
1819-07-08,1819,Invalid,SPAIN,,Cadiz,,M,,,,Invalid,other,unknown
,1642,Unprovoked,USA,New York,Between Manhattan and The Bronx,Swimming,M,,Y,,,swimming,unknown
,1977,Unprovoked,,Ionian Sea,,Sponge diving,M,,Y,,,diving,unknown
2023-06-14,2023,Unprovoked,USA,Hawaii,Laysan,Filming,M,,N,,Tiger sharks,other,tiger shark
2023-02-04,2023,Unprovoked,AUSTRALIA,Western Australia,Freemantle,Swimming,F,16.0,Y,15h30,Bull shark,swimming,bull shark
2022-10-08,2022,Unprovoked,USA,Louisiana,25 miles off Empire,Shipwreck,M,40.0,N,,,other,unknown
2022-09-06,2022,Unprovoked,BAHAMAS,,Green Cay,Snorkeling,F,58.0,Y,14h00,Bull shark,other,bull shark
2022-06-29,2022,Unprovoked,USA,Florida,"Sawyer Key , Monroe County",Swimming,F,35.0,N,20h00,,swimming,unknown
2022-04-27,2022,Unprovoked,AUSTRALIA,,,Paddleboarding,M,32.0,N,,,watercraft,unknown
2022-01-24,2022,Unprovoked,AUSTRALIA,New South Wales,Warriewood,Swimming,M,,N,,Wobbegong shark,swimming,other shark
2021-12-06,2021,Unprovoked,MEXICO,Quintana Roo,Mahahual,Diving,M,14.0,N,,,diving,unknown
2021-10-16,2021,,AUSTRALIA,Queensland,Sudbury Island,Spearfishing,M,26.0,,,,fishing,unknown
2021-07-04,2021,Unprovoked,USA,Florida,"Ponce Inlet, Volusia County",Standing,M,8.0,N,16h00,2' to 3' shark,swimming,other shark
2020-10-09,2020,Unprovoked,AUSTRALIA,Western Australia,Kelp Beds Beach (Kelpies),Surfing,M,52.0,Y,10h45,4m shark,surfing,other shark
2020-09-29,2020,Provoked,USA,Florida,Near Key Largo,,M,,N,,Small nurse shark,other,other shark
2020-09-02,2020,Unprovoked,USA,Florida,"Jensen Beach, Martin County",,M,,N,,"Nurse shark, juvenile",other,other shark
2020-08-10,2020,Provoked,USA,Florida,"Off Gasparilla Island, Charlotte County",Fishing,M,55.0,N,16h00,"Blacktip shark, 6'",fishing,other shark
2020-07-04,2020,Unprovoked,AUSTRALIA,Queensland,Fraser Island,Spearfishing,M,36.0,Y,14h00,,fishing,unknown
2020-05-09,2020,Unprovoked,USA,California,"Sand Dollar Beach, Santa Cruz County",Surfing,M,26.0,Y,13h30,White shark,surfing,white shark
2019-12-26,2019,Unprovoked,SOUTH AFRICA,Eastern Cape Province,"Nahoon Beach, East London",Surf skiing,M,,N,07h00,,surfing,unknown
2019-07-27,2019,Unprovoked,USA,Florida,"Jacksonville Beach, Duval County",Surfing,M,23.0,N,,Blacktip or Spinner shark,surfing,other shark
2019-06-02,2019,Unprovoked,USA,North Carolina,"Fort Macon State Beach, Carteret County",Standing,F,17.0,N,12h20,,swimming,unknown
2018-12-15,2018,Unprovoked,NEW ZEALAND,North Island,Matauri Bay,Spearfishing,M,24.0,N,11h20,"Mako shark, 7'",fishing,other shark
2018-08-24,2018,Unprovoked,USA,California,"Huntington Beach, Orange County",Swimming,M,14.0,N,20h00,5' to 8' shark,swimming,other shark
2018-05-21,2018,Unprovoked,USA,South Carolina,"Isle of Palms,  Charleston County",Boogie boarding,M,10.0,N,,,watercraft,unknown
2018-04-19,2018,Unprovoked,USA,Hawaii,"Shipwreck’s Beach, Keoneloa Bay, Kauai",Body boarding,M,29.0,N,,6' shark,watercraft,other shark
2017-05-03,2017,Invalid,USA,California,"Sunset Beach, Orange County",Surfing,F,18.0,,14h30,Shark involvement highly doubtful,surfing,other shark
2017-04-11,2017,Unprovoked,USA,Florida,"Ormond Beach, Volusia County",Surfing,F,35.0,N,16h00,,surfing,unknown
2017-02-17,2017,Unprovoked,AUSTRALIA,Queensland,Eva Rock,Spearfishing,M,26.0,N,10h20,,fishing,unknown
2017-02-06,2017,Provoked,BRAZIL,Pernambuco,Fernando de Noronha Marine Park,Grabbing shark for a selfie,F,,N,Afternoon,Lemon shark pup,other,other shark
2017-01-21,2017,Unprovoked,AUSTRALIA,Queensland,"Boot Reef, Torres Strait",Scuba Diving,M,55.0,N,12h00,"Bull shark, 4 m",diving,bull shark
2016-12-27,2016,Unprovoked,USA,Florida,"Avalon State Park Beach, North Hutchinson Island, St Lucie County",Surfing,M,16.0,N,17h00,,surfing,unknown
2016-11-14,2016,Unprovoked,USA,Hawaii,"Kamaole Beach Park I, Maui",Floating,F,58.0,N,10h30,Tiger shark,other,tiger shark
2016-07-15,2016,Unprovoked,USA,California,"Surfside, Orange County",Kite surfing,M,61.0,N,17h00,"White shark, 10' to 12'",surfing,white shark
2016-07-04,2016,Provoked,AUSTRALIA,Queensland,Palm Cove,Fishing,M,34.0,N,22h00,Tawny nurse shark,fishing,other shark
2016-06-15,2016,Unprovoked,USA,Hawaii,"Kalapaki Beach, Kauai",Surfing,M,,N,06h00,3' to 4' shark,surfing,other shark
2016-06-14,2016,Unprovoked,USA,Texas,"Pirates Beach, Galveston",Floating in tube,F,6.0,N,17h30,3' to 4' shark,other,other shark
2016-05-02,2016,Provoked,NEW ZEALAND,North Island,Cormandel,Fishing,M,39.0,N,Afternoon,"Mako shark, 1.5 m [5']",fishing,other shark
2016-04-18,2016,Provoked,FRENCH POLYNESIA,Tuamotos,Makemo Atoll,Spearfishing,M,22.0,N,Morning,"Grey reef shark, 2 m",fishing,other shark
2015-11-15,2015,Unprovoked,USA,Florida,"Palm Beach, Palm Beach County",Swimming,F,,N,11h00,,swimming,unknown
2015-10-30,2015,Unprovoked,AUSTRALIA,Western Australia,Bald Island,Spearfishing,M,50.0,N,,,fishing,unknown
2015-10-17,2015,Unprovoked,MOZAMBIQUE,Inhambane Province,"Nahaduga, Inhambane Bay",Fishing for shrimp,F,35.0,Y,,,fishing,unknown
2015-09-20,2015,Unprovoked,USA,Florida,"New Smyrna Beach, Volusia County",Surfing,M,14.0,N,16h45,juvenile shark,surfing,other shark
2015-08-18,2015,Invalid,SPAIN,Alicante,"Poniente Beach, Benidorm",Swimming,M,10.0,,11h00,Shark involvement not confirmed,swimming,other shark
2015-02-14,2015,Unprovoked,REUNION,d’Étang-Salé,Ravine Mula,Swimming,F,22.0,Y,18h30,"Tiger shark, 3.5 m",swimming,tiger shark
2015-01-08,2015,Invalid,USA,Florida,,Swimming after falling overboard,M,38.0,,Night,No shark involvement,swimming,other shark
2014-06-09,2014,Unprovoked,AUSTRALIA,South Australia,"Parsons Beach,  Fleurieu Peninsula",Body boarding,M,39.0,N,09h45,"Bronze whaler shark, 1.5m",watercraft,other shark
2013-10-26,2013,Unprovoked,AUSTRALIA,Western Australia,"Little Island, near Hillarys",Diving for crayfish,M,,N,10h55,Reported to involve a 4 m white shark,fishing,other shark
2013-10-10,2013,Unprovoked,USA,Florida,"Destin, Okaloosa County",Wading,M,12.0,N,15h30,Small bull shark,swimming,other shark
2013-09-21,2013,Unprovoked,USA,Florida,"Carlin Park, Jupiter, Palm Beach County",Surfing,M,,N,Morning,,surfing,unknown
2013-07-14,2013,Unprovoked,DIEGO GARCIA,,,Swimming,M,33.0,Y,,,swimming,unknown
2013-06-27,2013,Invalid,JAMAICA,Kingston Parish,Port Royal,,M,20.0,,,Shark involvement prior to death not confirmed,other,other shark
2013-02-01,2013,Unprovoked,JAMAICA,Kingston Parish,Pedro Cays,,M,18.0,N,,,other,unknown
2012-11-04,2012,Unprovoked,USA,Hawaii,"Makena Landing, Maui",Diving,M,30.0,N,08h30,"Tiger shark, 15'",diving,tiger shark
2012-10-19,2012,Unprovoked,USA,Florida,"Seaport, Brevard County",,F,35.0,N,,,other,unknown
2012-06-14,2012,Unprovoked,USA,South Carolina,"Myrtle Beach, Horry County",Swimming,M,,N,Afternoon,small blacktip shark?,swimming,other shark
2012-02-06,2012,Unprovoked,AUSTRALIA,Queensland,Wurtulla,Surfing,M,29.0,N,12h00,,surfing,unknown
2011-12-02,2011,Unprovoked,AUSTRALIA,New South Wales,Broken Head,Surfing,M,63.0,N,06h00,,surfing,unknown
2011-07-30,2011,Sea Disaster,PHILIPPINES,,,Sea disaster,M,43.0,N,,,other,unknown
2011-06-06,2011,Unprovoked,COLUMBIA,San Andrés archipelago,Albuquerque Cay,Spearfishing,M,24.0,N,,,fishing,unknown
2011-04-23,2011,Unprovoked,AUSTRALIA,Western Australia,Red Bluffs,Washing sand off a speared fish,M,17.0,N,15h00,"reef shark, 1.5m",fishing,other shark
2011-03-16,2011,Unprovoked,AUSTRALIA,New South Wales,"Jimmys Beach, Port Stephens",Wakeboarding,F,24.0,N,13h00,3 m to 4 m shark,watercraft,other shark
2011-02-13,2011,Provoked,AUSTRALIA,Queensland,Sunshine Beach,Fishing,M,,N,10h40,1 m shark,fishing,other shark
2010-09-27,2010,Unprovoked,USA,Oregon,Winchester Bay,Surfing,M,29.0,N,16h00,White shark,surfing,white shark
2010-08-10,2010,Provoked,AUSTRALIA,Queensland,"Three Mile Creek, Townsville",Fishing,F,,N,19h00,,fishing,unknown
2010-07-23,2010,Unprovoked,USA,Florida,"Jacksonville Beach, Duval County",Surfing,M,20.0,N,16h30,,surfing,unknown
2010-06-25,2010,Unprovoked,USA,North Carolina,"Topsail Island, Pender County",Swimming,F,13.0,N,13h00,,swimming,unknown
2010-05-18,2010,Unprovoked,AUSTRALIA,New South Wales,Point Plomer,Surfing,M,,N,16h30,,surfing,unknown
2010-05-01,2010,Unprovoked,USA,Florida,New Smyrna Beach,Wading,F,10.0,N,10h30,4' shark,swimming,other shark
2009-04-20,2009,Unprovoked,PHILIPPINES,Batangas province,Mabini,Swimming,M,23.0,N,0500,,swimming,unknown
2009-03-06,2009,Unprovoked,NEW CALEDONIA,South Province,Bourail,Surfing,M,19.0,Y,11h30,,surfing,unknown
2009-01-24,2009,Unprovoked,SOUTH AFRICA,Eastern Cape Province,"Second Beach, Port St. John's",Swimming,M,25.0,Y,14h00,Tiger shark,swimming,tiger shark
2008-09-06,2008,Unprovoked,USA,Florida,"Ponce Inlet, New Smyrna Beach, Volusia County",Surfing,M,43.0,N,12h00,,surfing,unknown
2008-03-15,2008,Unprovoked,USA,Florida,"Lovers Key State Park, Bonita Springs, Lee County",Jet skiing,M,8.0,N,Afternoon,Shark involvement not confirmed,watercraft,other shark
2007-09-30,2007,Unprovoked,NEW CALEDONIA,Loyalty Islands,"Bay of Luengoni, Lifou Island",Swimming,F,23.0,Y,Early morning,White shark,swimming,white shark
2007-09-22,2007,Invalid,USA,Florida,Jupiter Inlet,Scuba diving,F,,,,Shark involvement prior to death was not confirmed,diving,other shark
2007-07-21,2007,Watercraft,USA,California,"Bean Hollow State Beach, San Mateo County",Kayak Fishing,M,,N,10h15,White shark,fishing,white shark
2006-10-16,2006,Unprovoked,USA,Florida,Sebastian Inlet,Fishing,M,15.0,N,,,fishing,unknown
2006-10-05,2006,Unprovoked,USA,Florida,"New Smyrna Beach, Volusia County",Playing soccer in the water,M,18.0,N,12h00,3' to 3.5' shark,other,other shark
2006-03-15,2006,Unprovoked,AUSTRALIA,New South Wales,"Bondi, Sydney",Surfing,M,15.0,N,17h00,"Bronze whaler shark, 2 m",surfing,other shark
2006-01-07,2006,Unprovoked,AUSTRALIA,Queensland,"Amity Point, North Stradbroke Island",Swimming,F,21.0,Y,17h15,Bull shark,swimming,bull shark
2005-12-24,2005,Unprovoked,USA,Oregon,"Tillamook Head, Clatsop County",Surfing,M,30.0,N,12h00,White shark,surfing,white shark
2005-10-13,2005,Unprovoked,USA,Hawaii,"Honokowai, Maui",Surfing,M,22.0,N,18h00,"Tiger shark, less than 10'",surfing,tiger shark
2005-08-14,2005,Invalid,SOUTH AFRICA,Western Cape Province,"Milnerton Lagoon, Cape Town",,,,,,Shark involvement prior to death was not confirmed,other,other shark
2005-05-02,2005,Sea Disaster,USA,South Carolina,Off Sullivans Island,Sea Disaster,M,,N,,,other,unknown
2004-12-16,2004,Unprovoked,AUSTRALIA,South Australia,"West Beach, Adelaide",Scurfing (surfboard being  towed behind a boat),M,18.0,Y,15h15,4.5 m & 5 m white shark,surfing,other shark
2004-12-11,2004,Unprovoked,AUSTRALIA,Queensland,Opal Reef,Spearfishing,M,38.0,Y,13h00,Bull shark,fishing,bull shark
2004-10-02,2004,Unprovoked,USA,California,"Pismo Beach, San Luis Obispo County",Surfing,M,16.0,N,15h30,,surfing,unknown
2003-12-26,2003,Invalid,USA,Florida,"Miami, Dade County",Swimming,M,28.0,,,Questionable Incident,swimming,unknown
2003-12-13,2003,Unprovoked,NEW ZEALAND,Cook Islands,Pukapuka Northern Group,Swimming / shipwreck,M,45.0,Y,Night,,swimming,unknown
2003-06-08,2003,Unprovoked,USA,Florida,"Ponce Inlet, Volusia County",Surfing,,15.0,N,11h55,,surfing,unknown
2002-09-27,2002,Provoked,USA,Florida,"Key Largo, Monroe County",Fishing,M,,N,Afternoon,1.8 m [6'] blacktip shark,fishing,other shark
2002-09-16,2002,Unprovoked,BRAZIL,Pernambuco,"Piedade Beach, Jaboatão dos Guararapes City",Swimming,M,19.0,N,15h00,Bull or tiger shark,swimming,bull shark
2001-11-14,2001,Unprovoked,USA,Hawaii,"Kapalua, Maui",Surfing,,,N,17h00,,surfing,unknown
2001-07-01,2001,Unprovoked,USA,Georgia,"Jekyll Island, Glynn County",Floating face-down in knee-deep water,M,35.0,N,18h30,,other,unknown
2001-01-24,2001,Unprovoked,CUBA,Holquin Province,Off Blau Costa Verde resort,Swimming,F,55.0,N,,2 m [6.75'] shark,swimming,other shark
2000-07-25,2000,Unprovoked,USA,Florida,"New Smyrna Beach, Volusia County",,M,5.0,N,,,other,unknown
2000-07-15,2000,Unprovoked,SOUTH AFRICA,Eastern Cape Province,Cape Recife,Surfing,M,18.0,N,,,surfing,unknown
2000-07-04,2000,Unprovoked,USA,Florida,"Artifical reef 3 miles off Manatee Beach, Manatee County","Spearfishing, holding mesh bag with speared fish",F,55.0,N,12h00,"Nurse shark, 1.2 m [4']",fishing,other shark
2000-03-09,2000,Watercraft,AUSTRALIA,New South Wales,Parramatta River,Rowing,,,N,,,other,unknown
1999-03-14,1999,Unprovoked,NEW CALEDONIA,Loyalty Islands,Ouvea,Spearfishing,M,,N,Morning,200 to 300 kg shark,fishing,other shark
1998-11-02,1998,Provoked,JAPAN,Southern Japan,460 miles off Iwakuni,Fishing for tuna,M,52.0,N,,6' shark,fishing,other shark
1998-10-01,1998,Unprovoked,REUNION,Saint-Benoît,,Diving,,,N,,,diving,unknown
1998-01-25,1998,Unprovoked,SOUTH AFRICA,Eastern Cape Province,East London,Surfing,M,21.0,N,,,surfing,unknown
1998-01-17,1998,Unprovoked,AUSTRALIA,South Australia,Middleton Beach,Surfing,M,,N,Afternoon,,surfing,unknown
1997-12-28,1997,Unprovoked,SOUTH AFRICA,Western Cape Province,"Pringle Bay, 44 miles southeast of Cape Town",Spearfishing,M,39.0,Y,14h00,White shark,fishing,white shark
1997-05-17,1997,Unprovoked,BAHAMAS,Abaco Islands,Walkers Cay,Spearfishing,M,,N,Morning,,fishing,unknown
1997-02-20,1997,Unprovoked,REUNION,L'Etang-Sale,,,M,,N,,,other,unknown
1996-09-01,1996,Provoked,SOUTH AFRICA,KwaZulu-Natal,Hibberdene,Spearfishing,M,29.0,N,07h19,White shark,fishing,white shark
1996-05-07,1996,Unprovoked,USA,Florida,"Shark Shallows, Ponce Inlet, Volusia County",Surfing,M,27.0,N,11h06,60 cm to 90 cm [2' to 3'] blacktip or spinner shark,surfing,other shark
1996-02-05,1996,Sea Disaster,DOMINICAN REPUBLIC,12 miles off the north coast,Boeing 757 enroute from Porta Plata,Boeing 757 enroute from Porta Plata plunged into the sea,,,Y,,,other,unknown
1996-01-01,1996,Unprovoked,FIJI,Taveuni,,,M,,Y,,"Tiger shark, 2.5 m [8.25']",other,tiger shark
1995-09-03,1995,Invalid,USA,North Carolina,"Bald Head Island, Brunswick County",Swimming,M,9.0,,,Shark involvement not confirmed,swimming,other shark
1995-06-13,1995,Unprovoked,HONG KONG,Clearwater Bay,First Beach,Swimming,F,45.0,Y,,Though to involve a tiger shark,swimming,other shark
1994-11-06,1994,Unprovoked,USA,Hawaii,"Kealia Beach, Kaua'i",Surfing,,,N,16h00,,surfing,unknown
1993-11-28,1993,Unprovoked,USA,Florida,"North Beach Jetty, St Lucie County",Swimming,M,30.0,N,,,swimming,unknown
1993-10-30,1993,Unprovoked,USA,California,"Bunkers Eureka, Humboldt County",Surfing,M,26.0,N,16h30,4 m to 5 m [13' to 16.5'] white shark,surfing,other shark
1993-07-07,1993,Unprovoked,USA,Florida,"Daytona Beach, Volusia County",Playing,F,12.0,N,18h12,"1.8 m to 2.4 m [6' to 8'] shark, tooth fragments recovered",other,other shark
1991-08-30,1991,Provoked,AUSTRALIA,Queensland,"On board the Japanese longline trawler Fukuya No.38, 100 nm northeast of Brisbane",Finning the shark that bit him,M,36.0,N,Afternoon,"3 m [10'], 270- kg [595-lb] shark",other,other shark
1991-08-26,1991,Unprovoked,USA,South Carolina,"Myrtle Beach, Horry County",Swimming,M,23.0,N,13h30,sand shark,swimming,other shark
1991-08-12,1991,Unprovoked,USA,Florida,"Vero Beach, Indian River County",Wading,F,10.0,N,16h35,3' shark,swimming,other shark
1991-01-19,1991,Unprovoked,AUSTRALIA,Queensland,Mermaid Waters,Swimming,M,35.0,N,08h10,,swimming,unknown
1988-11-07,1988,Sea Disaster,AUSTRALIA,Queensland,"Off North Keppel Island, off Yeppoon","The Christie V sank on 11/6/1988, survivors were adrift on a dinghy",M,62.0,Y,Nightfall,,other,unknown
1988-04-15,1988,Unprovoked,USA,Florida,"Singer Island, Riviera Beach, Palm Beach County",Swimming,M,24.0,N,18h45,,swimming,unknown
1988-03-16,1988,Unprovoked,SOUTH AFRICA,KwaZulu-Natal,Isipingo,Surfing,M,17.0,N,16h45,1.5 m to 2 m [5' to 6.75'] shark,surfing,other shark
1987-07-09,1987,Unprovoked,BAHAMAS,Exuma Islands,Sampson Cay,Snorkeling,M,35.0,N,13h30,,other,unknown
1986-10-05,1986,Unprovoked,SOUTH AFRICA,KwaZulu-Natal,St. Michaels,Racing ski,M,32.0,N,11h00,1.6 m shark,watercraft,other shark
1984-09-19,1984,Unprovoked,USA,Florida,Volusia County,Swimming,,,,,,swimming,unknown
1982-07-31,1982,Invalid,SOUTH AFRICA,KwaZulu-Natal,Amanzimtoti,Boogie boarding,M,20.0,,16h00,Invalid,watercraft,unknown
1982-06-25,1982,Unprovoked,USA,Florida,"Ormond Beach / Daytona Beach, Volusia County",,F,8.0,N,11h00,,other,unknown
1981-01-01,1981,Invalid,SOUTH AFRICA,KwaZulu-Natal,Widenham,Swimming,M,23.0,,,Shark involvement prior to death was not confirmed,swimming,other shark
1980-10-27,1980,Unprovoked,USA,Oregon,Off Umpqua River,Surfing,M,29.0,N,15h45,4 m to 5 m [13' to 16.5'] white shark,surfing,other shark
1980-01-05,1980,Unprovoked,CHILE,Los Vilos,"Punta Negra, Pichidangui",Hookah Diving,M,,Y,11h00,White shark,diving,white shark
1979-12-01,1979,Unprovoked,SOUTH CHINA SEA,,,Diving,M,32.0,N,,6' shark,diving,other shark
1978-01-01,1978,Unprovoked,USA,Florida,"Cocoa Beach, Brevard County",Surfing,F,,N,,,surfing,unknown
1975-11-07,1975,Unprovoked,AUSTRALIA,Queensland,Lookout Point,,M,,N,,,other,unknown
1975-10-04,1975,Invalid,USA,California,"Seal Beach, Orange County",Surfing,,,,,Questionable incident,surfing,unknown
1975-03-18,1975,Unprovoked,AUSTRALIA,Queensland,Mornington Island,,F,,N,,,other,unknown
1974-04-14,1974,Unprovoked,SOUTH AFRICA,Eastern Cape Province,Glengariff,Standing,M,19.0,N,15h30,,swimming,unknown
1974-01-07,1974,Unprovoked,MOZAMBIQUE,Gaza,Xai Xai,Swimming,M,32.0,Y,,,swimming,unknown
1972-04-01,1972,Unprovoked,MOZAMBIQUE,Gaza,Xai Xai,Swimming,M,19.0,Y,17h00,,swimming,unknown
1972-01-01,1972,Unprovoked,SOUTH AFRICA,Eastern Cape Province,St. George’s Strand,Swimming,M,20.0,Y,,,swimming,unknown
1970-06-01,1970,Sea Disaster,PHILIPPINES,200 nm southeast of Manila,,Motor launch Baby Princesa capsized with 22 people on board,,,Y,,,watercraft,unknown
1969-08-22,1969,Provoked,USA,Massachusetts,40 miles south of Nantucket,Fishing,M,28.0,N,,,fishing,unknown
1968-08-21,1968,Unprovoked,USA,Florida,Okaloosa County,Standing,M,15.0,N,17h00,,swimming,unknown
1968-07-16,1968,Unprovoked,USA,South Carolina,"Stono Inlet, near Charleston, Charleston County",Spearfishing using Scuba,M,33.0,N,Afternoon,4m [13'] shark,fishing,other shark
1968-07-10,1968,Unprovoked,BAHAMAS,Great Exuma Island,Children's Bay Cay near Rollerville,Small boat with 2 men onboard hit a submerged coral formation. Men began swimming to shore,M,,Y,,,swimming,unknown
1968-02-26,1968,Unprovoked,USA,Florida,Palm Beach County,Surfing,M,17.0,N,13h30,,surfing,unknown
1967-09-07,1967,Provoked,PAPUA NEW GUINEA,New Ireland Province,,Diving,,,,,,diving,unknown
1966-09-13,1966,Provoked,AUSTRALIA,Western Australia,Albany,Spearfishing,M,,,Late afternoon,,fishing,unknown
1966-05-16,1966,Invalid,USA,Florida,"Fernandina Beach, Nassau County",Spearfishing / Scuba diving,M,24.0,,14h00,Invalid,fishing,unknown
1965-10-16,1965,Unprovoked,BAHAMAS,New Providence Island,Nassau,Playing in the water,F,,Y,,"1.8 m [6'], 180-lb shark",other,other shark
1965-04-25,1965,Invalid,USA,California,"Pacifica, San Mateo County",Surfing,M,19.0,,16h00,Invalid,surfing,unknown
1964-12-06,1964,Unprovoked,KENYA,Coast Province,"Kilindini Harbor, Mombasa",Fishing with hand line tied to wrist & was pulled into the water,M,10.0,Y,,,fishing,unknown
1964-10-31,1964,Provoked,SOUTH AFRICA,KwaZulu-Natal,Umkomaas,Surf fishing,M,,N,,,surfing,unknown
1963-11-12,1963,Provoked,USA,Florida,"8 miles south of Elliot Key, Miami-Dade County",Testing anti-shark cage,M,,N,11h40,"Silky shark, 1.9 m [6.5']",other,other shark
1963-01-04,1963,Provoked,AUSTRALIA,South Australia,Off Franklin Island between Streaky Bay & Ceduna,Shark fishing,,,N,,"White shark, 16', 2,312-lb",fishing,white shark
1962-01-14,1962,Unprovoked,USA,California,Farallon Islands,Spearfishing / Scuba diving (at surface),M,29.0,N,10h30,"White shark, 4 m [13']",surfing,white shark
1962-01-06,1962,Watercraft,SOUTH AFRICA,Western Cape Province,6 km off Groot Brak River,Fishing,,,N,,,fishing,unknown
1961-08-02,1961,Unprovoked,USA,Hawaii,"Pearl Harbor Channel, O'ahu","Net fishing, picking catch from the net",M,38.0,N,17h30,2.4 m [8'] shark,fishing,other shark
1961-04-25,1961,Provoked,AUSTRALIA,New South Wales,"Trial Bay, north of Kempsey",Spearfishing,M,,N,12h00,"Wobbegong shark, 1.4 m [4'6]",fishing,other shark
1961-01-06,1961,Sea Disaster,ATLANTIC OCEAN,9.35N 79.35W,"East of La Grande Island, North of Panama Canal",Pacific Seafarer of US Navy,,,Y,,,other,unknown
1960-11-06,1960,Unprovoked,AUSTRALIA,Western Australia,Hamelin Bay,"Spearfishing, speared fish retreated to cave where shark grabbed his arm",M,24.0,N,,"Wobbegong shark, 1.8 m [6']",fishing,other shark
1960-07-03,1960,Provoked,USA,Virginia,Hog Island,"Fishing, tossing netted shark onboard",M,41.0,N,12h00,sand shark,fishing,other shark
1960-04-12,1960,Unprovoked,AUSTRALIA,New South Wales,"Horseshoe Bay, near Kempsey",Surfing,M,17.0,N,Late afternoon,"White shark, 3.7 m [12']",surfing,white shark
1959-11-10,1959,Unprovoked,USA,California,"Near Paradise Cove, Malibu, Los Angeles County",Swimming at surface through school of feeding 2.5' to 5’ sharks,M,21.0,N,10h30 or 13h30,"Blue shark, 1.5 m [5']",surfing,other shark
1959-08-13,1959,Provoked,USA,California,"LaJolla, San Diego County","Spearfishing with Joe Turner (24). Shark attracted to speared halibut on belt of one diver, tried to bite Ide’s speargun & he shot it in the mouth",M,32.0,N,,"Hammerhead shark, 9'",fishing,other shark
1959-01-31,1959,Unprovoked,AUSTRALIA,Western Australia,South Perth,Working prawn net,M,20.0,N,Night,"Grey nurse shark, 1.8 m [6']",other,other shark
1958-11-07,1958,Unprovoked,PAPUA NEW GUINEA,"Admiralty Islands, Manus Province","M'Buke, south of Manus Island",Spearfishing,M,,Y,,,fishing,unknown
1957-12-31,1957,Unprovoked,AUSTRALIA,South Australia,"Port Hughes, 100 miles from Adelaide in Spencer Gulf",Spearfishing,M,,N,,,fishing,unknown
1957-01-01,1957,Unprovoked,IRAN,Karun River,"near Band Misan in Shustar, 420 km from the sea",,M,,N,,Bull shark,other,bull shark
1956-08-15,1956,Unprovoked,USA,California,"Pismo Beach, San Luis Obispo County",Swimming near pier,M,10.0,N,16h30,"White shark, 2.7 m [9']",swimming,white shark
1956-07-26,1956,Provoked,USA,California,"Van Ness Municipal Pier, San Francisco",Fishing,M,38.0,N,,8-lb shark,fishing,other shark
1956-06-22,1956,Watercraft,PORTUGAL,Madeira,Off Funchal,Longling fishing,M,23.0,Y,,,fishing,unknown
1956-01-01,1956,Unprovoked,PAPUA NEW GUINEA,Milne Bay Province,"Kimuta, Renard Island",,,,N,,,other,unknown
1955-09-04,1955,Unprovoked,USA,California,"Venice Beach, Los Angeles County",Swimming near breakwater,M,16.0,N,,,swimming,unknown
1955-04-13,1955,Unprovoked,PAPUA NEW GUINEA,Central Province,"Hadrian’s (Haidana?) Island, near Port Moresby",Spearfishing or fishing,M,,N,,6' shark,fishing,other shark
1954-07-28,1954,Unprovoked,SINGAPORE,,Singapore Harbor,Closed circuit diving (submerged). Diving to recover jettisoned packets of opium for police,M,28.0,Y,,,diving,unknown
1954-07-02,1954,Unprovoked,GREECE,,Kalamata,Swimming,M,,Y,,,swimming,unknown
1954-01-01,1954,Unprovoked,IRAN,Karun River,"Hesamabad area of Shushtar, 420 km from the sea",,M,,Y,,Bull shark suspected due to freshwater habitat,other,bull shark
1951-12-06,1951,Unprovoked,AUSTRALIA,New South Wales,"Merewether Beach, Newcastle",Treading water,M,21.0,Y,16h00,2.4 m [8']  shark,swimming,other shark
1951-11-23,1951,Unprovoked,PHILIPPINES,,,Shipwrecked; adrift on raft for 2 days & 2 nights,M,,Y,,,other,unknown
1949-08-28,1949,Unprovoked,AUSTRALIA,Queensland,Yorkey’s Knob Beach near Cairns,Swimming,M,21.0,N,13h20,,swimming,unknown
1949-04-17,1949,Unprovoked,AUSTRALIA,Queensland,"Ellis Beach, 20 miles from Cairns",Bathing in water 0.9 m deep,M,13.0,Y,13h30,3.3 m [10'9] shark,swimming,other shark
1949-01-01,1949,Unprovoked,NEW GUINEA,Calvados Archipelago,"Sabara Island, Calvados Chain 11.4S, 153E",,,,Y,,,other,unknown
1948-12-14,1948,Unprovoked,IRAN,Shat-Al-Arab River,Abadan,,M,19.0,N,,,other,unknown
1942-06-11,1942,Sea Disaster,BAY OF BENGAL,,,A 210-ton brig was sunk by a Japanese submarine. Some of the survivors were machine-gunned & some were taken by sharks,M,,Y,,,other,unknown
1942-01-01,1942,Sea Disaster,INDONESIA,East Java,Surabaya,Captured Allied soldiers were squeezed into 3' bamboo pig baskets & fed to waiting sharks,M,,Y,,,other,unknown
1942-01-01,1942,Sea Disaster,SOUTHWEST PACIFIC OCEAN,,,Ditched plane in the sea & were adrift on a rubber life raft.,M,,N,,"Said to be “leopard sharks”, more probably tiger sharks",other,other shark
1939-08-01,1939,Provoked,USA,California,"Off San Pedro, Los Angeles County",Fishing,M,33.0,N,,,fishing,unknown
1936-01-01,1936,Unprovoked,AUSTRALIA,Victoria,"Port Phillip Bay, Port Melbourne",Swimming,M,,Y,,,swimming,unknown
1935-07-01,1935,Unprovoked,CROATIA,Adriatic Sea,"Susak / Fiume (Rijeka, Istria)",Swimming,F,22.0,Y,15h00,,swimming,unknown
1935-01-21,1935,Invalid,ISRAEL,Herzliyah,Sidny Ali,,,,,,Shark involvement prior to death unconfirmed,other,other shark
1932-07-02,1932,Watercraft,CANADA,Bay of Fundy,16 km west of Digby Gut,"Fishing, hauling in fishing gear",M,,N,,Teeth in hull identified as those from a white shark 4.6 m [15'] in length,fishing,other shark
1931-03-06,1931,Provoked,AUSTRALIA,South Australia,Encounter Bay,"Fishing, hauling in net, shark in net",M,,N,,1.8 m [6'] cocktail shark,fishing,other shark
1930-02-15,1930,Unprovoked,AUSTRALIA,Victoria,"Middle Brighton, Port Phillip",Diving off pier & treading water,M,18.0,Y,16h30,White shark 4.9 m [16'],swimming,white shark
1929-05-31,1929,Unprovoked,AUSTRALIA,Torres Strait,,Pearl diving,M,,N,,,diving,unknown
1926-10-23,1926,Unprovoked,AUSTRALIA,New South Wales,Clarence River,Bathing,M,17.0,N,Afternoon,"Grey nurse shark, 4'",swimming,other shark
1924-10-31,1924,Provoked,FRENCH POLYNESIA,Tuamotus,Rangiroa,Pearl diving,M,,N,,,diving,unknown
1924-10-18,1924,Unprovoked,AUSTRALIA,Victoria,Port Melbourne,Bathing,M,,N,,10' shark,swimming,other shark
1923-08-08,1923,Unprovoked,GUYANA,Demerara County,Off the Demerara River,Fishing,M,,N,01h00,,fishing,unknown
,1923,Unprovoked,PHILIPPINES,Manila Bay,Fort Drum,,M,,Y,,,other,unknown
1922-03-02,1922,Unprovoked,AUSTRALIA,New South Wales,Coogee,Bathing in knee-deep water,M,21.0,Y,11h00,"White shark, 2.4 m [8']",swimming,white shark
1917-11-01,1917,Unprovoked,MOZAMBIQUE,Maputo Province,Off Inhaca Island,Wreck of the tug Magellan,M,,Y,Night,,other,unknown
1912-07-06,1912,Unprovoked,SOLOMON ISLANDS,Central Province,Savo,Bathing,M,,Y,,,swimming,unknown
1910-11-24,1910,Unprovoked,AUSTRALIA,Queensland,Mackay,Bathing,M,,N,,Said to involve  9' blue shark,swimming,other shark
1909-11-26,1909,Unprovoked,USA,Florida,"16 miles north of Fort Pierce Inlet, Indian River County",,M,,N,,,other,unknown
1909-06-26,1909,Unprovoked,SOUTH AFRICA,Western Cape Province,Cape Town,,M,,Y,,18-foot shark,other,other shark
1908-07-18,1908,Invalid,SPAIN,Canary Islands,"Tazacorte, La Palma",,,,,,Questionable,other,unknown
1907-09-19,1907,Invalid,ENGLAND,English Channel,,Swimming,M,,,,Questionable,swimming,unknown
1907-02-05,1907,Unprovoked,NEW ZEALAND,South Island,Port Moeraki,Standing,M,55.0,Y,,,swimming,unknown
1906-04-14,1906,Unprovoked,AUSTRALIA,Queensland,Lizard Island,Diving for beche-de-mer,M,17.0,Y,,,diving,unknown
1906-01-20,1906,Unprovoked,SOUTH AFRICA,KwaZulu-Natal,"Battery Beach, Durban",Washing horses,M,30.0,Y,12h00,1.8 m to 2.7 m [6' to 9'] shark,other,other shark
,1903,Unprovoked,CRETE,,,Sponge diving,M,,Y,,,diving,unknown
,1901,Unprovoked,USA,Florida,Indian River Inlet / Fort Pierce Inlet,Bathing,M,,N,,,swimming,unknown
1898-07-01,1898,Unprovoked,CUBA,Santiago de Cuba Province,Santiago de Cuba,Swimming,M,,Y,,,swimming,unknown
1897-09-17,1897,Provoked,USA,Rhode Island,Point Judith,Fishing,M,,N,Late Afternoon,13'10 shark,fishing,other shark
,1896,Watercraft,AUSTRALIA,Victoria,Hobson's Bay,Fishing,M,,N,05h00,12' to 14' shark,fishing,other shark
1891-06-11,1891,Invalid,USA,Virginia,Hampton Roads,Fishing for sharks when he became entangled in net & fell overboard,M,,,,Shark involvement prior to death unconfirmed,fishing,other shark
1886-06-17,1886,Unprovoked,AUSTRALIA,Queensland,Off Bribie Heads,Swimming after being washed overboard,M,18.0,Y,,,swimming,unknown
1886-06-02,1886,Invalid,USA,Hawaii,"Hamakua Homakua, Hawai'i","Fishing from shore, washed into the sea",F,,,,Shark involvement prior to death unconfirmed,fishing,other shark
1883-01-21,1883,Unprovoked,AUSTRALIA,New South Wales,"Iron Cove, Sydney",Bathing,M,37.0,Y,05h30,,swimming,unknown
1878-08-08,1878,Unprovoked,USA,New York,Brooklyn,Swimming,M,14.0,Y,Afternoon,,swimming,unknown
1864-08-12,1864,Unprovoked,USA,New York,Mahattan,Swimming,M,13.0,N,,,swimming,unknown
1864-05-01,1864,Unprovoked,MAURITIUS,300 miles east of Mauritius,,Fell overboard,M,,Y,,,watercraft,unknown
1863-01-01,1863,Unprovoked,CEYLON,,,Fell overboard,M,,Y,,,watercraft,unknown
1863-01-01,1863,Unprovoked,GREECE,Corfu,,Swimming,M,,Y,,,swimming,unknown
1861-11-10,1861,Unprovoked,SINGAPORE,,,Bathing alongside the American ship Thomas W. Sears,M,,Y,10h30,,swimming,unknown
1860-12-26,1860,Unprovoked,AUSTRALIA,New South Wales,"The Domain, Sydney",Bathing,M,,N,,,swimming,unknown
1851-06-16,1851,Unprovoked,MEXICO,Oaxaca,Tehuantepec Harbor,Bathing,M,,Y,,,swimming,unknown
1850-01-01,1850,Unprovoked,NICARAGUA,Lake Nicaragua (fresh water),"Granada, Granada Department",Bathing,M,,Y,,,swimming,unknown
1849-06-08,1849,Unprovoked,USA,Florida,"Pensacola, Escambia County",Attempting to rescue woman seized by shark,M,,Y,,,other,unknown
1842-07-06,1842,Provoked,USA,New Jersey,"Absecon, Atlantic County",Harassing a shark,M,,N,,,other,unknown
2023-07-18,2023,Unprovoked,COLOMBIA,San Andrés Island,Nirvana,Freediving,M,38.0,N,Midday,Oceanic whitetip shark,diving,other shark
2023-05-14,2023,Unprovoked,USA,South Carolina,"Isle of Palms, Charleston County",Swimming,F,24.0,N,17h00,,swimming,unknown
2023-03-05,2023,Unprovoked,BRAZIL,Pernambuco,Piedade Beach,Swimming,M,14.0,N,,,swimming,unknown
2023-02-17,2023,Questionable,FIJI,Taveuni Island,Ura Estate,Spearfishing,M,41.0,N,07h20,,fishing,unknown
2022-12-09,2022,Unprovoked,USA,Samoa,Pago Pago Harbor,Diving,M,43.0,N,12h00,,diving,unknown
2022-07-01,2022,Unprovoked,INDONESIA,Bali,Balian Beach,Surfing,F,,N,,,surfing,unknown
2022-04-12,2022,Unprovoked,USA,Alabama,"Gulf Shores, Baldwin County",Swimming,M,17.0,N,Afternoon,,swimming,unknown
2021-12-04,2021,Unprovoked,USA,Hawaii,"Banyans, Kailua-Kona",Surfing,M,,N,,Blacktip reef shark,surfing,other shark
2021-06-28,2021,Unprovoked,USA,Florida,"Block Houe Beach, Brevard County",Surfing,F,,,,,surfing,unknown
2020-12-23,2020,Unprovoked,MALDIVES,Raa Atoll,Faadoo Island,Fell off fishing boat,M,40.0,N,09h36,,fishing,unknown
2020-04-21,2020,Unprovoked,AUSTRALIA,New South Wales,Killick Creek near Crescent Head,Swimming,F,,N,08h00,,swimming,unknown
2020-01-13,2020,Unprovoked,USA,North Carolina,"Rodanthe, Dare County",Surfing,M,26.0,N,14h33,,surfing,unknown
2019-12-24,2019,Unprovoked,NEW ZEALAND,Southland,Oreti Beach,Boogie boarding,F,17.0,N,Evening,,watercraft,unknown
2019-11-09,2019,Watercraft,SOUTH AFRICA,Eastern Cape Province,East London,Kayaking fishing,M,,N,06h50,"White shark, 4 m",fishing,white shark
2019-09-24,2019,Unprovoked,USA,Florida,"Huguenot Park, Jacksonville, Duval County",Swimming,M,,N,17h00,,swimming,unknown
2019-08-31,2019,Unprovoked,USA,Cayman Islands,Grand Cayman,Spearfishing,M,70.0,N,,Nurse shark,fishing,other shark
2019-07-30,2019,Provoked,USA,North Carolina,"Off Cape Hatteras, Dare County",Fishing,M,,N,,"Blacktip shark, 5'",fishing,other shark
2019-04-27,2019,Unprovoked,AUSTRALIA,New South Wales,Tomaree,Spearfishing,M,18.0,N,14h00,"Grey nurse shark, 3 m female",fishing,other shark
2018-07-16,2018,Invalid,USA,Texas,Galveston,Surfing,F,,,18h00,,surfing,unknown
2018-05-13,2018,Invalid,ENGLAND,Cornwall,Off Land's End,Fishing,M,21.0,N,08h15,Invalid incident,fishing,other shark
2018-04-15,2018,Unprovoked,AUSTRALIA,Western Australia,"Lefthanders, Margaret River Area",Surfing,M,41.0,N,,,surfing,unknown
2018-03-09,2018,Unprovoked,AUSTRALIA,Victoria,Winkipop,Surfing,M,18.0,N,07h30,1.8 m shark,surfing,other shark
2017-10-23,2017,Unprovoked,USA,Florida,"Juno Beach, Palm Beach County",Surfing,M,17.0,N,17h00,,surfing,unknown
2017-07-29,2017,Invalid,USA,South Carolina,"Hilton Head Island, Beaufort County",Swimming,M,10.0,,15h00,A small shark,swimming,other shark
2017-07-02,2017,Invalid,COMOROS,Anjouan,Moya,Fishing,,,,,Shark involvement prior to death not confirmed,fishing,other shark
2017-03-09,2017,Unprovoked,BAHAMAS,The Exuma Cays,Great Exuma,Washing hands,M,58.0,N,,Lemon shark,other,other shark
2016-07-26,2016,Unprovoked,AUSTRALIA,New South Wales,"Sharpes Beach, Ballina",Surfing,M,18.0,N,12h00,,surfing,unknown
2016-02-10,2016,Invalid,CAYMAN ISLANDS,Grand Cayman,Stingray City Bar,Feeding stingrays?,M,65.0,,,No shark involvement,other,other shark
2015-12-25,2015,Unprovoked,SPAIN,Grand Canary Island,"Arinaga Beach, Aguimes, Gran Canaria",Swimming,F,38.0,N,,"Silky shark, 6.5'",swimming,other shark
2015-12-19,2015,Unprovoked,ARUBA,,Boat capsized,Sea disaster,M,58.0,Y,,,other,unknown
2015-10-07,2015,Unprovoked,AUSTRALIA,Western Australia,Pyramids Beach,Surfing,M,18.0,N,16h50,,surfing,unknown
2015-09-24,2015,Watercraft,USA,California,"Horseshoe Rock, Santa Barbara County",Kayak fishing,M,,N,10h45-11h15,"White shark, 19'",fishing,white shark
2015-09-18,2015,Unprovoked,USA,Florida,"Big Talbot Island, Duval County",Swimming,M,,N,19h00,,swimming,unknown
2015-07-01,2015,Unprovoked,USA,North Carolina,"Ocracoke, Lifeguard Beach, National Park Service, Hyde County",Swimming,M,68.0,N,12h10,6' to 7' shark,swimming,other shark
2015-06-14,2015,Unprovoked,USA,North Carolina,"Oak Island, Brunswick County",Wading,F,12.0,N,16h12,Bull shark,swimming,bull shark
2014-08-12,2014,Unprovoked,USA,Florida,"3 to 4 miles west of Indian Pass, Gulf County",Standing,M,,N,11h10,"Bull shark, 8'",swimming,bull shark
2014-07-14,2014,Unprovoked,USA,Florida,Okaloosa Island,Swimming,M,39.0,N,14h30,4' shark,swimming,other shark
2014-05-14,2014,Unprovoked,AUSTRALIA,South Australia,"Elliston, Eyre Peninsula",Surfing,M,35.0,N,09h30,"white shark, 15'",surfing,other shark
2013-08-26,2013,Provoked,FRANCE,Bay of Biscay,,Longline fishing for sharks,M,50.0,N,20h30,"Mako shark, 5'",fishing,other shark
2013-08-11,2013,Unprovoked,USA,South Carolina,Folly Beach,Surfing,M,10.0,N,17h30,"Bull shark, 8'",surfing,bull shark
2013-04-21,2013,Unprovoked,AUSTRALIA,New South Wales,Crowdy Head,Fishing,M,51.0,N,14h00,"Grey nurse shark, 3m",fishing,other shark
2013-03-16,2013,Provoked,SOUTH AFRICA,Western Cape Province,De Mond,Fishing - 'tag & release',M,30.0,N,09h00,"Raggedtooth shark, 1.5 m",fishing,other shark
2013-01-25,2013,Unprovoked,AUSTRALIA,Queensland,Noosa,Surfing,M,,N,,,surfing,unknown
2012-06-28,2012,Invalid,CROATIA,,Buccari Bay,Swimming,,60.0,,,No shark involvement,swimming,other shark
2011-08-28,2011,Unprovoked,USA,Texas,"Grass Island, Aransas County",Wade Fishing,F,39.0,N,19h00,,fishing,unknown
,2011,Unprovoked,USA,North Carolina,Beaufort Inlet,Swimming,M,54.0,N,14h00,,swimming,unknown
2011-07-06,2011,Unprovoked,REUNION,Saint-Gilles,Roches Noires,Surfing,M,16.0,N,14h50,,surfing,unknown
2011-06-19,2011,Unprovoked,COSTA RICA,Guanacaste,Playa Grande,Surfing,M,15.0,Y,12h15,,surfing,unknown
2011-05-25,2011,Unprovoked,USA,Hawaii,"Lyman Beach, Kailua-Kona",Surfing,F,,N,13h15,"Tiger shark, 10'",surfing,tiger shark
2011-05-10,2011,Provoked,USA,Florida,Miami,Fishing,M,,N,,"Sandbar shark, 8'",fishing,other shark
2011-03-21,2011,Unprovoked,MEXICO,Quintana Roo,,Swimming,M,46.0,N,,,swimming,unknown
2010-08-17,2010,Unprovoked,AUSTRALIA,Western Australia,Cowaramup Bay,Surfing,M,31.0,Y,08h05,White shark,surfing,white shark
2010-06-10,2010,Unprovoked,USA,Florida,Jacksonville,Boogie Boarding,F,18.0,N,12h30,4' shark,watercraft,other shark
2009-03-20,2009,Unprovoked,AUSTRALIA,New South Wales,Blue Bay,Surfing,M,17.0,N,18h45,Bronze whaler shark?,surfing,other shark
2009-03-19,2009,Unprovoked,AUSTRALIA,New South Wales,Bateman's Bay,Surfing,F,,N,07h45,,surfing,unknown
2009-03-01,2009,Watercraft,NEW ZEALAND,North Island,Taranaki,Fishing,M,,N,,,fishing,unknown
2008-10-21,2008,Unprovoked,NEW CALEDONIA,,,Spearfishing,M,24.0,N,11h00,Lemon shark,fishing,other shark
2008-10-11,2008,Unprovoked,AUSTRALIA,New South Wales,Lake Macquarie,Surfing,M,15.0,N,15h30,,surfing,unknown
2008-09-28,2008,Unprovoked,USA,Florida,"New Smyrna Beach, Volusia County",Surfing,M,44.0,N,11h45,,surfing,unknown
2008-08-18,2008,Invalid,USA,South Carolina,"North Myrtle Beach, Horry County",,M,7.0,,,Shark involvement not confirmed,other,other shark
2008-06-28,2008,Unprovoked,SOUTH AFRICA,Western Cape Province,Mossel Bay,Surf skiing,M,46.0,N,14h00,"White shark, 2m",surfing,white shark
2008-02-07,2008,Unprovoked,AUSTRALIA,New South Wales,Horseshoe Bay,Surfing,F,14.0,N,,1 m shark,surfing,other shark
2007-12-19,2007,Invalid,BRITISH VIRGIN ISLANDS,Green Bay,,Scuba diving,M,53.0,,,Invalid,diving,unknown
2007-10-13,2007,Unprovoked,AUSTRALIA,Queensland,Holmes Reef,Spearfishing,M,31.0,N,12h00,Bronze whaler shark,fishing,other shark
2007-08-26,2007,Unprovoked,USA,Florida,"New Smyrna Beach, Volusia County",Surfing,M,54.0,N,14h00,3' shark,surfing,other shark
2007-05-09,2007,Unprovoked,SEYCHELLES,Bird Island,,Snorkeling,M,,N,,"White shark, 2m",other,white shark
2007-04-26,2007,Unprovoked,AUSTRALIA,Queensland,"Mornington Island, Gulf of Carpentaria",Swimming / jumping off a jetty,F,13.0,N,18h00,a small shark,swimming,other shark
2006-06-18,2006,Unprovoked,BRAZIL,Pernambuco,"Punta Del Chifre Beach, Olinda",Body boarding,M,27.0,Y,09h00,,watercraft,unknown
2006-06-17,2006,Unprovoked,USA,California,"Monterey, Monterey County",Scuba diving,M,43.0,N,11h10,,diving,unknown
2005-09-27,2005,Unprovoked,AUSTRALIA,New South Wales,Arakoon's Little Bay,Surfing,M,28.0,N,,"Tiger shark, 3 m",surfing,tiger shark
2005-09-11,2005,Unprovoked,USA,South Carolina,Folly Beach,Surfing,M,18.0,Y,14h00,,surfing,unknown
2005-08-22,2005,Invalid,USA,South Carolina,"6th Avenue North, Myrtle Beach, Horry County","Boogie boarding, kicked at object in the water",M,17.0,,Afternoon,Shark involvement not confirmed,watercraft,other shark
2005-06-13,2005,Unprovoked,SOUTH KOREA,South Ch'ungch'ong Province,Dando/Kaeui Island,Diving,F,38.0,N,,3 m [10'] white shark,diving,other shark
2005-04-16,2005,Unprovoked,AUSTRALIA,New South Wales,Bronte Beach,Surfing,M,40.0,N,06h10,Bronze whaler shark,surfing,other shark
2004-10-10,2004,Unprovoked,USA,California,"Limantour Beach, Point Reyes National Seashore",Surfing,M,,N,09h30,1.8 m to 2.4 m [6' to 8'] white shark,surfing,other shark
2004-09-25,2004,Watercraft,AUSTRALIA,Queensland,Batt Reef,Spearfishing/ filming,,,N,12h00,"Tiger shark, 3 m [10']",fishing,tiger shark
2004-07-30,2004,Unprovoked,RUSSIA,Kuril Islands in the Pacific,"Kunashir Island, 70 km from northern Japan",Diving & fishing with net,M,,N,,White shark,fishing,white shark
2003-10-05,2003,Provoked,USA,Florida,"South Jetty, New Smyrna Beach, Volusia County",Surfing,M,30.0,N,14h00,,surfing,unknown
2003-05-01,2003,Unprovoked,PHILIPPINES,Baatan,Limay,,,,N,,White shark,other,white shark
2002-07-09,2002,Provoked,USA,Maryland,"100 miles off Ocean City, Maryland, in 7000' of water",Shark Fishing,M,41.0,Y,Shortly after midnight,"Mako shark, 400-lb",fishing,other shark
2002-04-30,2002,Unprovoked,AUSTRALIA,South Australia,"Smoky Bay, near Ceduna, on the Eyre Peninsula",Scallop diving (using surface-supplied air & a POD),M,23.0,Y,12h40,"White shark, 6m [20']",surfing,white shark
2002-04-09,2002,Unprovoked,BAHAMAS,Abaco Islands,Walkers Cay,Standing,M,43.0,N,10h45,"Bull shark, 400-lb",swimming,bull shark
2002-03-15,2002,Unprovoked,USA,Florida,"New Smyrna Beach, Volusia County",Surfing,M,31.0,N,10h55,"Spinner shark, 3' to 4'",surfing,other shark
2002-02-11,2002,Unprovoked,FIJI,Cikobia Island (north of Vanua Levu),,,M,15.0,Y,20h00,,other,unknown
2001-10-02,2001,Unprovoked,AUSTRALIA,Queensland,200 miles offshore,Snorkeling,F,20.0,N,13h00,Bronze whaler shark?,other,other shark
2001-08-25,2001,Unprovoked,USA,Florida,"New Smyrna Beach, Volusia County",Boogie Boarding,M,18.0,N,14h00,,watercraft,unknown
2001-08-03,2001,Watercraft,ITALY,,Rimini,Fishing,,,N,,,fishing,unknown
2001-05-23,2001,Unprovoked,USA,South Carolina,"Coligny Beach, Hilton Head, Beaufort County",Swimming,M,11.0,N,,1.2 m to 1.5 m [4.5' to 5'] shark,swimming,other shark
2001-04-13,2001,Unprovoked,USA,Florida,"New Smyrna Beach, Volusia County",Surfing,M,16.0,N,11h00,,surfing,unknown
2000-10-02,2000,Unprovoked,USA,North Carolina,"Wrightsville Beach, New Hanover County",Surfing,M,24.0,N,16h30,,surfing,unknown
2000-09-08,2000,Unprovoked,USA,Florida,"New Smyrna Beach, Volusia County",Wading,M,40.0,N,11h45,1.5 m [5'] shark,swimming,other shark
2000-01-28,2000,Watercraft,REUNION,,Saint Pierre,Canoe with 3 men onboard sank,M,,Y,,,watercraft,unknown
1999-12-02,1999,Unprovoked,USA,Florida,"Boynton Beach, Palm Beach County",Surfing,M,35.0,N,12h30,,surfing,unknown
1998-12-24,1998,Provoked,USA,Florida,"Ormond Beach, Volusia County",Surfing,M,19.0,N,08h30,,surfing,unknown
1998-08-13,1998,Unprovoked,USA,Florida,"Ponce Inlet, Volusia County",Body-boarding,M,11.0,N,,4.5' to 5' shark,watercraft,other shark
1997-08-27,1997,Unprovoked,USA,Florida,"New Smyrna Beach, Volusia County",Walking / surfing,M,22.0,N,11h20,,surfing,unknown
1997-08-24,1997,Unprovoked,USA,California,"Clam Beach, near Eureka, Humboldt County",Surfing (sitting on his board),M,29.0,N,12h30,5 m [16.5'] white shark,surfing,other shark
1996-01-12,1996,Watercraft,AUSTRALIA,New South Wales,Eight-mile reef off Port Kembla,Chumming for sharks,,,N,10h00,"Mako shark, 4.3 m [14']",other,other shark
1995-11-25,1995,Unprovoked,NORTHERN ARABIAN SEA,,,Fell off aircraft carrier,M,,N,,,other,unknown
1995-09-19,1995,Unprovoked,USA,Florida,"Matanzas Bay Inlet, St. Johns County",Surfing,M,19.0,N,,1.8 m [6'] shark,surfing,other shark
1995-08-10,1995,Unprovoked,USA,Florida,"Ponce Inlet, Volusia County",Surfing,M,20.0,N,13h30,,surfing,unknown
1994-01-30,1994,Unprovoked,SOUTH AFRICA,Eastern Cape Province,"Nahoon Beach, East London",Windsurfing,M,44.0,N,13h30,,surfing,unknown
1993-11-01,1993,Unprovoked,SOMALIA,Banaadir Region,Mogadishu,Stamding,M,,Y,,,other,unknown
1992-09-11,1992,Unprovoked,USA,Florida,"South Jetty, New Smyrna Beach, Volusia County",Standing,F,18.0,N,15h00,,swimming,unknown
1992-06-28,1992,Unprovoked,BRAZIL,Pernambuco,Piedade,Swimming,M,,Y,,,swimming,unknown
1990-05-06,1990,Unprovoked,SOUTH AFRICA,Eastern Cape Province,Cintsa East,Resting on surfboard,M,22.0,N,12h00,"5.5 m [18'] white shark, identified by witnesses & tooth marks",surfing,other shark
1990-04-01,1990,Unprovoked,USA,Hawaii,"Silver (Silva) Channels, Waialua, O'ahu",Sitting on surfboard,M,,N,<07h30,,surfing,unknown
1989-11-02,1989,Unprovoked,AUSTRALIA,Queensland,Mermaid Waters,Swimming in canal,M,10.0,N,,"2 m shark, possibly a bronze whaler",swimming,other shark
1988-04-14,1988,Unprovoked,USA,Florida,"Singer Island, Riviera Beach, Palm Beach County",Surfing,M,14.0,N,,,surfing,unknown
1987-10-25,1987,Invalid,SOUTH AFRICA,KwaZulu-Natal,Richards Bay,Boogie boarding,M,14.0,,16h00,Questionable incident,watercraft,unknown
1987-04-18,1987,Unprovoked,USA,Texas,"Mustang Island, near Port Aransas",Swimming,F,16.0,N,18h00,,swimming,unknown
1987-01-06,1987,Unprovoked,AUSTRALIA,Queensland,Lizard Island,Swimming,M,37.0,N,07h00,,swimming,unknown
1985-10-05,1985,Provoked,USA,Alabama,"Gulf Shores, Baldwin County",Fishing,M,,N,,"6', 100-lb shark",fishing,other shark
1984-02-11,1984,Unprovoked,AUSTRALIA,Queensland,Derwent Island,Spearfishing,M,27.0,N,,1.5 m white-tipped reef shark,fishing,other shark
1983-01-01,1983,Unprovoked,VANUATU,Malampa Province,"Off the beach opposite Atchin Island, Malakula",Ran into the water,M,,Y,,,other,unknown
,1982,Unprovoked,TUNISIA,,"Skanes, near Monaster",Windsurfing,M,,N,,"2.1 m [7'] shark, possibly a spinner shark",surfing,other shark
1982-07-24,1982,Unprovoked,SOUTH AFRICA,Eastern Cape Province,"Nahoon, East London",Paddleskiing,M,38.0,N,16h00,"2.4 m [8'] white shark, species identity confirmed by tooth fragment",watercraft,other shark
1981-12-13,1981,Unprovoked,USA,Hawaii,"Nimitz Beach, Barbers Point, O'ahu","Spearfishing, but swimming on surface",M,,N,,"Tiger shark, 3.7 m [12']",surfing,tiger shark
1981-07-20,1981,Unprovoked,USA,Florida,"St. Petersburg Beach, Pinellas County",Swimming,F,16.0,N,,sandshark,swimming,other shark
,1980,Unprovoked,USA,Florida,"New Smyrna Beach, Volusia County",Surfing,M,,N,,,surfing,unknown
1979-11-12,1979,Provoked,SOUTH AFRICA,Western Cape Province,Macassar,Shark fishing,,,N,,"White shark, 5 m",fishing,white shark
1978-04-02,1978,Unprovoked,MARSHALL ISLANDS,Ralik Archipelago,Enewetak Atoll,Diving,M,25.0,N,,,diving,unknown
1977-02-04,1977,Invalid,AUSTRALIA,Victoria,Sorrento Back Beach,,M,,,,Shark involvement prior to death was not confirmed,other,other shark
1977-01-01,1977,Unprovoked,MEXICO,Guerrero,La Playa Hornos (near Acapulco),Swimming,M,,Y,14h30,,swimming,unknown
1976-09-19,1976,Unprovoked,AUSTRALIA,South Australia,"Point Lowly, north of Whyalla","Skindiving,",M,27.0,N,,2.7 m  [9'] shark,diving,other shark
1975-07-19,1975,Unprovoked,USA,California,"Point Conception, Santa Barbara County",Diving for abalone (Hookah),M,34.0,N,13h30,"White shark, 5m to 6m",diving,white shark
1975-01-01,1975,Unprovoked,BERMUDA,,,Spearfishing,M,25.0,N,,8' blue shark,fishing,other shark
1973-08-16,1973,Unprovoked,USA,Virginia,False Cape,Crabbing (spearing crabs),M,17.0,N,,1.5 m to 1.8 m [5' to 6']  blacktip shark,other,other shark
1973-01-01,1973,Unprovoked,PALAU,Western Caroline Islands,,Scuba diving & U/W photography,M,,N,,Grey reef shark,diving,other shark
1972-02-20,1972,Unprovoked,AUSTRALIA,Victoria,"Wilson's Promontory, Waratah Bay",Surfing,M,18.0,N,11h00,7' shark,surfing,other shark
1971-08-21,1971,Provoked,AUSTRALIA,New South Wales,"Manly Marineland, Sydney",Scuba diving & feeding fish,M,26.0,N,13h15,"Grey nurse shark, 11'",fishing,other shark
1971-01-01,1971,Unprovoked,IRAN,Khuzestan Province,"Ahvaz, on the Karun River",,M,,N,,,other,unknown
1968-12-02,1968,Unprovoked,SOUTH AFRICA,KwaZulu-Natal,"Bluff, Durban",Spearfishing,M,28.0,N,,"2 scalloped hammerhead sharks, 1.5 m & 1.8 m [5' & 6']",fishing,other shark
1968-08-24,1968,Unprovoked,USA,Florida,Half mile north of Juno Beach Pier,Playing with a frisbee in the shallows,,,N,16h00,a small hammerhead shark,other,other shark
1968-07-27,1968,Unprovoked,USA,California,"Bodega Rock, Sonoma County",Free diving,M,25.0,N,11h00,"White shark, 4 m [13']",diving,white shark
1968-01-01,1968,Invalid,USA,Florida,"Key West, Monroe County",Diving,,,,13h00,Questionable incident,diving,unknown
1966-12-31,1966,Unprovoked,AUSTRALIA,Tasmania,"Piccaninny Point, 10 miles from Bicheno",Fishing,M,30.0,N,,2.1 m [7'] shark,fishing,other shark
1966-06-11,1966,Provoked,USA,Florida,"Ft. Lauderdale, Broward County",Fishing,M,18.0,N,09h00,1.2 m [4'] hammerhead shark,fishing,other shark
1966-04-01,1966,Sea Disaster,AUSTRALIA,New South Wales,"Botany Bay, Sydney",Overturned skiff,M,,N,,,watercraft,unknown
1965-07-02,1965,Watercraft,BERMUDA,Hamilton,,,,,N,,,other,unknown
1965-04-04,1965,Unprovoked,USA,Florida,"Juno Beach, Palm Beach County",Paddling on surfboard,M,17.0,N,07h15,Blacktip or spinner shark,surfing,other shark
1964-01-01,1964,Invalid,NEW ZEALAND,North Island,White Island,Snorkeling,M,,,07h30,Invalid,other,unknown
1963-11-16,1963,Unprovoked,ITALY,Sicily,Off Mondello Lighthouse,Spearfishing,M,28.0,N,,,fishing,unknown
1960-10-24,1960,Watercraft,SOUTH AFRICA,Western Cape Province,"Jacobs Bay Reef, Saldanha Bay",Fishing for rock lobsters,,,N,,"White shark, 3.7 m to 4.6 m [12' to 15']",fishing,white shark
1960-08-04,1960,Provoked,ENGLAND,In the English Channel,Off the south Devon coast,Helping angler land a shark,M,25.0,N,,80-lb hooked shark,other,other shark
1960-01-01,1960,Unprovoked,GRENADA,St. Georges,Black Point Bay,Spearfishing,M,9.0,N,,,fishing,unknown
,1960,Unprovoked,FIJI,Northwest of Viti Levu,"Covull Reef, near Lautoka",Spearfishing,M,,N,,,fishing,unknown
1960-01-01,1960,Unprovoked,PAPUA NEW GUINEA,Madang,,"Spear fishing, removing fish from spear",M,16.0,Y,,,fishing,unknown
1959-10-02,1959,Unprovoked,FIJI,Lomaiviti Province,"Levuka, Ovalau Island",Dived overboard to retrieve dinghy,M,,Y,,4.3 m [14'] shark,diving,other shark
1959-08-31,1959,Watercraft,AZORES,,Sao Miguel,Fishing,,,N,,"White shark, based on 2 teeth retrieved from rudder",fishing,white shark
1959-08-14,1959,Provoked,USA,South Carolina,Charleston,Fishing,M,,N,,5.5' shark,fishing,other shark
1959-07-01,1959,Unprovoked,MEXICO,Quintana Roo,Chinchorro Banks,Wading,M,,Y,A.M.,,swimming,unknown
1958-07-27,1958,Unprovoked,USA,Florida,"9 miles north of Turtle Beach, Siesta Key, Sarasota County","Swimming, ducking for shells in water 0.9 m deep",M,12.0,N,16h10,"Tiger shark, 1.5 m to 1.8 m [5' to 6']",swimming,tiger shark
1957-02-05,1957,Unprovoked,USA,Florida,"South Beach, Fort Pierce, St Lucie County",Floating,M,,N,15h30,1.2 m  [4'] shark,other,other shark
1956-12-15,1956,Unprovoked,GABON,Estuaire Province,Owendo,Swimming,M,,Y,,,swimming,unknown
1955-08-01,1955,Unprovoked,NORTH ATLANTIC OCEAN,Open sea,,Treading water,M,15.0,N,Early afternoon,,swimming,unknown
,1954,Unprovoked,ITALY,Liguaria,Finale Ligure,Spearfishing,M,27.0,N,,,fishing,unknown
1952-07-05,1952,Unprovoked,USA,Puerto Rico,"Mona Island, 40 miles west of the mainland","Spearfishing, carrying fish on spear",M,,N,11h00,"Tiger shark, 1.5 m [5']",fishing,tiger shark
1952-01-01,1952,Unprovoked,PAPUA NEW GUINEA,New Ireland Province,"Samo Plantation, east coast",Spearfishing,M,27.0,Y,,,fishing,unknown
1952-01-01,1952,Unprovoked,USA,Florida,Near Key West,Swimming,M,,Y,,,swimming,unknown
1951-06-01,1951,Unprovoked,FRENCH POLYNESIA,Tuamotus,"Outer edge of Hikueru, one of the Central Tuamotu atolls",Spearfishing,M,39.0,N,11h00,,fishing,unknown
1951-02-03,1951,Unprovoked,AUSTRALIA,New South Wales,"Windang, near the entrance to Lake Illawarra",Spearfishing (but treading water on the surface),M,20.0,N,,,surfing,unknown
1950-12-31,1950,Unprovoked,AUSTRALIA,Queensland,Kirra,Paddling a surfboat,M,19.0,N,,"Nurse shark, 10'",surfing,other shark
1950-07-21,1950,Unprovoked,JAPAN,Sago Prefecture,Ariakeno Bay,Swimming,M,19.0,Y,P.M.,,swimming,unknown
1950-01-01,1950,Unprovoked,USA,Florida,"Jacksonville Beach, Duval County",Standing,M,,N,,,swimming,unknown
,1950,Unprovoked,FIJI,,Near Lautoka,,M,,N,,,other,unknown
1949-08-10,1949,Unprovoked,ITALY,Calabria,Cosenza,Swimming,M,21.0,N,,,swimming,unknown
1949-04-18,1949,Provoked,AUSTRALIA,Queensland,"Nerang River, Southpot",Fishing,M,,N,,3' shark,fishing,other shark
1949-01-23,1949,Unprovoked,AUSTRALIA,New South Wales,"Bar Beach, Newcastle",Lifesaving exhibition,M,20.0,Y,15h00,"White shark, 3.6 m [11'9]",other,white shark
1948-09-02,1948,Unprovoked,IRAN,Bandar Ma’shur sea inlet,,Bathing or washing,F,60.0,Y,,,swimming,unknown
1947-07-24,1947,Unprovoked,AUSTRALIA,Northern Territory,Darwin Harbour,Diving,M,,N,,"Most likely, a small shark",diving,other shark
1945-01-01,1945,Unprovoked,IRAQ,Basrah,Shatt-al Arab River,Swimming,M,15.0,N,12h00,Bull shark,swimming,bull shark
1944-08-20,1944,Unprovoked,SOUTH AFRICA,KwaZulu-Natal,Margate,Swimming,M,19.0,Y,14h00,,swimming,unknown
,1943,Unprovoked,MEXICO,Veracruz,"Villa del Mar Beach, Veracruz",Swimming,,,Y,,,swimming,unknown
1943-01-01,1943,Unprovoked,USA,Hawaii,"Midway, Northwestern Hawaiian Islands",,M,,,,,other,unknown
1942-08-08,1942,Sea Disaster,SOLOMON ISLANDS,,,Japanese aircraft shot down. He was one of two survivors rescued by the U.S. destroyer Mugford,M,,N,,,other,unknown
1938-01-01,1938,Unprovoked,TRINIDAD & TOBAGO,Trinidad,"Manzanilla Bay, St. Andrew County",Body surfing,M,50.0,N,,grey-colored shark,surfing,other shark
1938-01-01,1938,Unprovoked,AUSTRALIA,Torres Strait,,Diving,M,17.0,N,,,diving,unknown
1935-03-02,1935,Unprovoked,AUSTRALIA,New South Wales,North Narrabeen Beach,Standing,M,22.0,Y,17h30,"White shark, 3.5 m to 4 m [11.5' to 13']",swimming,white shark
1935-01-24,1935,Unprovoked,AUSTRALIA,New South Wales,"Off Ben Buckler, near Sydney",Fishing,M,,N,,"Tiger shark, 12'",fishing,tiger shark
1934-10-23,1934,Unprovoked,AUSTRALIA,New South Wales,Woy Woy on the Brisbane Waters,Swimming & splashing,M,12.0,N,13h00,,swimming,unknown
1934-10-22,1934,Unprovoked,AUSTRALIA,Torres Strait,Warrior Reefs,Freediving for trochus shell (submerged),M,,Y,,,diving,unknown
1934-04-01,1934,Unprovoked,SOUTH AFRICA,KwaZulu-Natal,"Granny’s Pool, Winkelspruit",Swimming,M,,Y,15h30,,swimming,unknown
1934-01-01,1934,Unprovoked,PHILIPPINES,,,Diving,M,,N,,,diving,unknown
1932-08-30,1932,Provoked,AUSTRALIA,New South Wales,Newcastle,,M,,N,,,other,unknown
1932-02-16,1932,Unprovoked,USA,Hawaii,"1 mile off Mala Wharf, Lahaina, Maui",Swimming,M,,N,,,swimming,unknown
1931-08-06,1931,Unprovoked,USA,New Jersey,"Sandy Hook (ocean side), Monmouth County",Swimming,M,,N,,,swimming,unknown
1930-01-01,1930,Unprovoked,OKINAWA,,,,M,17.0,N,,,other,unknown
1929-11-21,1929,Unprovoked,CUBA,Cienfuegos Province,Cienfuegos,Fishing,M,,N,,,fishing,unknown
1928-05-27,1928,Invalid,INDIA,,,,M,,,13h00,Shark involvement not confirmed,other,other shark
1928-04-06,1928,Unprovoked,AUSTRALIA,Queensland,Graceville,Bathing,M,15.0,N,Morning,4' shark,swimming,other shark
1924-02-13,1924,Unprovoked,AUSTRALIA,New South Wales,Bronte,Bathing in 5' of water,F,30.0,N,19h00,,swimming,unknown
1924-01-09,1924,Unprovoked,AUSTRALIA,New South Wales,"Near Asbestos Works, Camellia, Parramatta River",Had just dived into water & was swimming,M,16.0,Y,16h00,3 m [10'] shark,swimming,other shark
1922-10-29,1922,Invalid,AUSTRALIA,New South Wales,"Botany Bay, Sydney",Sailing,M,,,,Shark involvement prior to death unconfirmed,other,other shark
1922-03-13,1922,Unprovoked,JAMAICA,Kingston Parish,Kingston Harbor,Standing,F,14.0,Y,,2.7 m [9'] shark later captured by Mitchell-Hedges,swimming,other shark
1922-01-04,1922,Unprovoked,AUSTRALIA,New South Wales,"Stockton Beach, Newcastle",Surfing,M,26.0,Y,Evening,,surfing,unknown
1921-10-12,1921,Unprovoked,AUSTRALIA,Queensland,Off Hinchinbrook Island,Diving for beche-de-mer,M,,N,,,diving,unknown
1921-09-01,1921,Provoked,ENGLAND,Dorset,Weymouth,Fishing,M,,N,,"Blue shark, 4'",fishing,other shark
1919-04-06,1919,Unprovoked,USA,Florida,"Florida Keys 25ºN,82ºW",Knocked into the water,M,,Y,,"3.7 m [12'], 1200-lb shark. Shark caught & its jaw exhibited at the Carnegie Museum",other,other shark
1915-08-03,1915,Unprovoked,USA,Florida,"St. Augustine, St Johns County",,M,,N,,,other,unknown
1914-03-14,1914,Invalid,USA,Florida,"St. Augustine, St Johns County",Swimming,M,,,,Shark involvement prior to death unconfirmed,swimming,other shark
1907-02-03,1907,Unprovoked,AUSTRALIA,Queensland,Ross Creek,Bathing,M,18.0,Y,Morning,,swimming,unknown
1906-11-16,1906,Unprovoked,JAMAICA,Westmoreland Parish,Cabaritta River mouth,Fishing,M,,N,,,fishing,unknown
1904-02-07,1904,Unprovoked,AUSTRALIA,Queensland,Brisbane,Swimming after his hat,M,,Y,,,swimming,unknown
1903-07-01,1903,Unprovoked,FALKLAND ISLANDS,,,"Swimming, after falling overboard",M,28.0,N,,,swimming,unknown
1902-04-01,1902,Invalid,SOUTH AFRICA,Eastern Cape Province,Algoa Bay,Swimming,M,,,,Questionable,swimming,unknown
,1902,Provoked,NEW ZEALAND,North Island,Poverty Bay,Standing on ship deck,M,,N,,,swimming,unknown
1901-06-29,1901,Invalid,YEMEN,Aden,,Diving around anchored liner,M,,,,Questionable,diving,unknown
,1900,Provoked,USA,Connecticut,"Bridgeport, Fairfield County",,,,N,,,other,unknown
1900-01-28,1900,Unprovoked,AUSTRALIA,New South Wales,"Lane Cove River, Sydney Harbor (Estuary)","Standing, gathering oysters",M,,N,12h00,,swimming,unknown
1899-09-11,1899,Unprovoked,MEXICO,Tamaulipas,Tampico,Swimming,M,,Y,,,swimming,unknown
1899-08-23,1899,Provoked,USA,California,"Monterey Bay, Monterey County",Hunting sharks,M,,Y,,Basking shark,other,other shark
1899-08-08,1899,Unprovoked,EGYPT,Mediterranean Sea,Port Said,Floating on his back,M,9.0,N,11h30,,other,unknown
1899-08-08,1899,Unprovoked,EGYPT,Mediterranean Sea,Port Said,Bathing,M,13.0,N,08h30,,swimming,unknown
,1899,Unprovoked,SOUTH AFRICA,KwaZulu-Natal,Durban,Dangling feet in the water,M,,N,,,other,unknown
,1898,Unprovoked,CUBA,Santiago de Cuba Province,Off Santiago de Cuba,13 men in the water after sailboat capsized & sank,M,,Y,,,watercraft,unknown
1898-01-01,1898,Unprovoked,CUBA,Camaguey Province,Nuevitas Harbor,Attempting to escape by swimming to shore,M,,Y,,,swimming,unknown
,1898,Unprovoked,YEMEN,Aden,Harbor,Diving for coins,M,,Y,,,diving,unknown
1893-04-04,1893,Invalid,AUSTRALIA,Tasmania,"Chimney Point, George’s Bay","Boat capsized, swimming ashore",M,,,16h30,Shark involvement prior to death unconfirmed,swimming,other shark
1892-06-24,1892,Invalid,FRANCE,Brittany,Brest,Fishing boat,,,,,Invalid,fishing,unknown
1890-01-01,1890,Unprovoked,INDIA,Tamil Nadu,Tuticorin,Diving,M,,,,,diving,unknown
1889-11-29,1889,Invalid,GREECE,Northern Peloponnese,Patras,,,,,,Shark involvement prior to death unconfirmed,other,other shark
1888-08-14,1888,Sea Disaster,CANADA,Nova Scotia,Off Sable Island,The steamships Thingvalla and Geiser collided,M,,Y,Before daybreak,,other,unknown
1888-07-20,1888,Invalid,JAMAICA,,,Probabable drowning,M,,,,Shark involvement prior to death unconfirmed,other,other shark
1886-07-10,1886,Unprovoked,USA,Mississippi,"Pass Christian, Hamilton County",Wading,M,45.0,N,02h00,,swimming,unknown
,1881,Watercraft,ITALY,Sicily,Stretto di Messina,Fishing on a boat,M,,N,,White sharks,fishing,white shark
1877-12-15,1877,Unprovoked,AUSTRALIA,New South Wales,"Peacock Point, Balmain, Sydney",Bathing,M,11.0,N,,,swimming,unknown
1877-04-04,1877,Unprovoked,AUSTRALIA,Victoria,Portarlington,Bathing,M,,N,Morning,,swimming,unknown
1877-03-16,1877,Unprovoked,ITALY,Strait of Messina,Off Calabria,Paddling,M,,N,,,other,unknown
1875-03-03,1875,Unprovoked,NEW ZEALAND,North Island,Tauranga,Bathing,M,3.0,Y,,,swimming,unknown
1874-06-01,1874,Sea Disaster,HONDURAS,,Mouth of the Ullua River,Boat of the Resolution capsized in the breakers,M,,Y,,,watercraft,unknown
1873-01-09,1873,Unprovoked,AUSTRALIA,Queensland,White Cliffs,Bathing,M,,N,,Hammerhead shark,swimming,other shark
1871-05-13,1871,Invalid,GUYANA,,Demerara,Suicide,M,,,,,other,unknown
1867-01-26,1867,Watercraft,AUSTRALIA,Victoria,Queenscliff,,,,N,,,other,unknown
1867-01-01,1867,Unprovoked,CUBA,Matanzas Province (north coast),Matanzas,Painting a ship,M,,Y,,,other,unknown
1862-12-22,1862,Unprovoked,NEW ZEALAND,North Island,"Soldier's Point, Brick Bay, Auckland",Swimming,M,28.0,N,06h00 -- 07h00,,swimming,unknown
1862-07-25,1862,Unprovoked,SPAIN,Malaga,San Andres Beach,Swimming,M,18.0,Y,,,swimming,unknown
1858-08-23,1858,Invalid,USA,New York,"Staten Island, Richmond County",Swimming,M,,,,Shark involvement prior to deaths unconfirmed,swimming,other shark
1856-02-06,1856,Unprovoked,AUSTRALIA,Victoria,Point Henry,Swimming,M,17.0,,,,swimming,unknown
1855-03-28,1855,Unprovoked,AUSTRALIA,South Australia,Port Wakefield,Fell overboard from the Sobella,M,,Y,,,watercraft,unknown
1853-11-08,1853,Unprovoked,AUSTRALIA,New South Wales,,Swimming,M,,N,,,swimming,unknown
1842-07-13,1842,Unprovoked,USA,New Jersey,"Absecon, Atlantic County",Swimming,M,15.0,N,,,swimming,unknown
,1839,Unprovoked,AUSTRALIA,South Australia,"Horn Point, Lady's Bay",Attempting to rescue crew after whale upset their boat,M,,Y,,,watercraft,unknown
1817-06-15,1817,Unprovoked,INDIA,Maharashtra,Bombay (now Mumbai),Swimming,M,,Y,Evening,,swimming,unknown
1817-05-11,1817,Unprovoked,SRI LANKA,Western Province,Colombo,Swimming,M,22.0,Y,Evening,,swimming,unknown
1810-09-15,1810,Unprovoked,USA,South Carolina,Charleston,Fell into the water,M,,Y,,,other,unknown
1808-02-07,1808,Unprovoked,INDIA,,Hooghly River,Bathing,M,,Y,,,swimming,unknown
1806-08-24,1896,Sea Disaster,USA,,,,M,,,,,other,unknown
2023-07-04,2023,Unprovoked,ECUADOR,Galapagos Islands,Mosquera Islet,Snorkeling,F,42.0,N,,,other,unknown
2023-01-01,2023,Provoked,Maldives,Vaavu Atoll,,Snorkeling at Shark Feeding site,F,30.0,N,,Nurse shark,other,other shark
2022-10-02,2022,Unprovoked,USA,California,Centerville Beach,Surfing,M,31.0,N,15h30,"White shark, 13'",surfing,white shark
2022-07-10,2022,Unprovoked,USA,Florida,"New Smyrna Beach, Volusia County",Surfing,M,,N,,6' shark,surfing,other shark
2022-06-28,2022,Unprovoked,SOUTH AFRICA,Western Cape Province,"Sanctuary Beach, Plettenberg Bay",Swimming,M,,Y,14h09,While shark,swimming,other shark
2022-04-30,2022,Unprovoked,FRENCH POLYNESIA,Tahiti,"Pointe des pêcheurs, Punaahuia",,M,22.0,N,Morning,"Tiger shark, 2 to 2.5m",other,tiger shark
2022-02-26,2022,Unprovoked,USA,California,"San Miguel Islandl, Santa Barbara County",Boogie boarding,M,42.0,Y,11h24,White shark,watercraft,white shark
2021-12-06,2021,Unprovoked,AUSTRALIA,Victoria,Ocean Grove Beach,Swimmingq,F,15.0,N,19h20,,swimming,unknown
2021-10-03,2021,Unprovoked,USA,California,"Salmon Creek Beach, Sonoma County",Surfing,M,38.0,N,09h00,,surfing,unknown
2021-04-20,2021,Unprovoked,USA,Hawaii,Kukio Bay,Swimming,F,57.0,N,08h56,Tiger shark,swimming,tiger shark
2021-04-19,2021,Unprovoked,AUSTRALIA,Western Australia,Karratha,,M,,N,15h40,,other,unknown
2021-03-18,2021,Unprovoked,USA,Florida,"Juno Beach, Palm Beach County",Wading,M,20.0,N,Afternoon,"Blacktip shark, 6'",swimming,other shark
2021-02-02,2021,Watercraft,USA,Maui,Ukumehama,Kayaking,M,,N,14h00,White shark,watercraft,white shark
2020-11-22,2020,Unprovoked,AUSTRALIA,Western Australia,Cable Beach,Body boarding,M,59.0,Y,08h40,Bull shark,watercraft,bull shark
2020-09-17,2020,Provoked,AUSTRALIA,Queensland,Fraser Island,Fishing,M,,N,16h00,whitetip shark,fishing,other shark
2020-07-23,2020,Unprovoked,USA,Florida,"New Smyrna Beach, Volusia County",Standing,M,11.0,N,,,swimming,unknown
2020-03-21,2020,Unprovoked,AUSTRALIA,Queensland,Cairns,,F,,N,Midday,,other,unknown
2020-03-02,2020,Unprovoked,FIJI,Vanua Levu,"Tawake, Cakaudrove",Spearfishing,M,26.0,N,Early Morning,,fishing,unknown
2019-12-12,2019,Questionable,REUNION ISLAND,,,Kayaking,M,70.0,,,3.4 m tiger shark,watercraft,other shark
2019-10-29,2019,Unprovoked,AUSTRALIA,Queensland,"Off Airlie Beach, Whitsundays",Snorkeling,M,,N,10h20,Tiger shark,other,tiger shark
2019-05-20,2019,Unprovoked,USA,New Jersey,"Ship Bottom, Ocean County",Body Boarding,M,67.0,N,,Shark involvement unconfirmed but considered probable,watercraft,other shark
2019-05-04,2019,Provoked,BRAZIL,Fernando de Noronha,Praia de Porto,Fishing,M,12.0,N,,Lemon shark pup,fishing,other shark
2019-04-23,2019,Unprovoked,USA,Hawaii,"Anaehoomalu Bay, Hawaii",Kayaking,F,65.0,N,08h30,Tiger shark,watercraft,tiger shark
2018-12-09,2018,Unprovoked,NEW ZEALAND,North Island,Ti Point,Spearfishing,M,50.0,N,08h00,Bronze whaler 2.5m,fishing,other shark
2018-10-08,2018,Provoked,AUSTRALIA,Queensland,Swain Reef,Fishing,M,55.0,N,Afternoon,reef shark,fishing,other shark
2018-07-29,2018,Unprovoked,USA,Florida,"St Augustine, St Johns County",Surfing,M,14.0,N,,,surfing,unknown
2018-07-14,2018,Under investigation,USA,Florida,"Playalinda Beach, Brevard County",Surfing,F,14.0,N,13h30,,surfing,unknown
2018-02-11,2018,Invalid,BRAZIL,"Boi Island, Victoria",Espirito Santo,Cleaning fish,F,46.0,N,,"Injury believed caused by an eel, not a shark",fishing,other shark
2017-10-23,2017,Unprovoked,USA,Florida,"Ocean Reef Park, Singer Island, Palm Beach County",Swimming,F,60.0,N,08h00,,swimming,unknown
2017-09-01,2017,Watercraft,AUSTRALIA,Westerm Australia,Esperance,Fishing,,,N,,"White shark, 3.5m",fishing,white shark
2017-04-26,2017,Invalid,USA,Florida,,Photo shoot,F,,,,No shark invovlement - it ws a publicity stunt,other,other shark
2016-10-10,2016,Unprovoked,USA,Oregon,"Indian Beach, Ecola State Park, Clatsop County",Surfing,M,29.0,N,16h00,,surfing,unknown
2016-08-25,2016,Unprovoked,USA,Florida,"Ponte Vedra, St. Johns County",Wading,M,49.0,N,16h00,,swimming,unknown
2016-06-27,2016,Unprovoked,USA,South Carolina,Sullivan's Island,,M,35.0,N,16h20,3' to 4' shark,other,other shark
2016-03-31,2016,Unprovoked,USA,Hawaii,"Olowalu, Maui",Snorkeling,F,46.0,N,11h00,,other,unknown
2015-06-11,2015,Unprovoked,USA,North Carolina,"Ocean Isle, Brunswick County",Boogie boarding,F,13.0,N,12h45,4' shark,watercraft,other shark
2015-06-07,2015,Unprovoked,USA,Florida,"Lori Wilson Park, Cocoa Beach, Brevard  County",Playing,M,11.0,N,10h50,"Bull shark, 5'",other,bull shark
2015-05-25,2015,Unprovoked,FRENCH POLYNESIA,Rangiroa,Avatoru Pass,Spearfishing,M,19.0,N,08h00,1m to 1.2 m shark,fishing,other shark
2015-03-07,2015,Unprovoked,FRENCH POLYNESIA,Central Tuamotu,"Tupapati, Hikueru Atoll",Sitting in the water,M,,N,,Blacktip Reef shark,other,other shark
2014-10-12,2014,Unprovoked,USA,Florida,"Melbourne Beach, Brevard County",Body surfing or Boogie boarding,F,,N,15h30,,surfing,unknown
2014-09-21,2014,Unprovoked,USA,Florida,"New Smyrna Beach, Volusia County",Surfing,M,,N,11h30,,surfing,unknown
2014-08-25,2014,Provoked,USA,Florida,Apalachicola Bay,Fishing for sharks,M,,N,,"Bull shark, 4.5'",fishing,bull shark
2014-08-09,2014,Unprovoked,USA,Florida,"Lori Wilson Park, Cocoa Beach, Brevard  County",Swimming,F,10.0,N,13h30,,swimming,unknown
2014-06-27,2014,Watercraft,ST. MARTIN,,20 miles from shore,Transatlantic Rowing,M,48.0,N,,Oceanic whitetip shark',other,other shark
2014-02-07,2014,Unprovoked,NEW ZEALAND,South Island,Porpoise Bay,Surfing,M,28.0,N,20h30,7-gill shark?,surfing,other shark
2013-08-14,2013,Unprovoked,USA,Hawaii,"Makenat, Maui",Snorkeling,F,20.0,Y,16h30,Tiger shark?,other,tiger shark
2013-07-29,2013,Unprovoked,USA,Hawaii,"White Plains Beach, Oahu",Surfing,M,18.0,N,14h10,"Tiger shark, 8' to 10'",surfing,tiger shark
2012-12-30,2012,Unprovoked,AUSTRALIA,New South Wales,Between Dee Why and Long Reef,Surfing,M,23.0,N,12h45,2.5 m shark,surfing,other shark
2012-11-27,2012,Invalid,AUSTRALIA,Queensland,Mooloolaba,,M,20.0,,14h50,No shark involvement,other,other shark
2012-09-08,2012,Unprovoked,USA,Florida,"Lori Wilson Park, Cocoa Beach, Brevard  County",Surfing,M,25.0,N,12h00,,surfing,unknown
2012-04-19,2012,Unprovoked,SOUTH AFRICA,Western Cape Province,Caves near Kogel Bay,Body boarding,M,20.0,Y,12h30,"White shark, 4 m to 5m",watercraft,white shark
2012-03-20,2012,Unprovoked,AUSTRALIA,Queensland,Nobby's Beach,Surfing,M,20.0,N,17h00,Possibly a bull shark,surfing,other shark
2011-12-07,2011,Invalid,SOUTH AFRICA,KwaZulu-Natal,Between Sodwana & Cape Vidal,Surf skiing,M,,,,Shark involvement not confirmed,surfing,other shark
2011-12-05,2011,Invalid,AUSTRALIA,Queensland,Bushy Ilet,Spearfishing,,,,,Shark involvement not confirmed,fishing,other shark
2011-11-22,2011,Watercraft,USA,California,Pigeon Point,Kayaking,M,,N,,"White shark, 15' to 16'",watercraft,white shark
2011-07-22,2011,Unprovoked,SOUTH AFRICA,Eastern Cape Province,"Cintza Beach, East London",Surfing,M,29.0,N,10h00,"White shark, 3m to 4m",surfing,white shark
2008-06-26,2011,Unprovoked,USA,North Carolina,"North Topsail Beach, Onslow County",Playing in the surf,F,10.0,N,Afternoon,"Bull shark, 6'",surfing,bull shark
2011-01-12,2011,Unprovoked,MEXICO,Quintana Roo,Xcalak,Attempting to fix motor,M,37.0,N,,,other,unknown
2010-08-02,2010,Unprovoked,USA,Florida,"Micklers Landing, St. Johns County",Standing,F,37.0,N,11h00,3' to 4' shark,swimming,other shark
2010-04-28,2010,Provoked,USA,Florida,Hanalei Bay,Measuring sharks,M,29.0,N,Afternoon,"Lemon shark, 6'",other,other shark
2009-06-14,2009,Provoked,VIETNAM,,,Fishing for sharks,M,,N,,White shark,fishing,white shark
2009-04-17,2009,Unprovoked,USA,Florida,"Walton Rocks, St Lucie County",Surfing,M,31.0,N,13h15,2' to 3' shark,surfing,other shark
2009-03-27,2009,Provoked,SOUTH AFRICA,Eastern Cape Province,2-3 km north of Sunday's River mouth,Fishing,M,59.0,N,,Raggedtooth shark,fishing,other shark
2008-12-30,2008,Invalid,AUSTRALIA,Western Australia,Port Kennedy Beach,Crabbing,,,,09h30,No shark involvement,other,other shark
2008-12-27,2008,Unprovoked,AUSTRALIA,Western Australia,Port Kennedy Beach,Snorkeling,M,51.0,Y,07h00,4 to 5m white shark,other,other shark
2008-07-25,2008,Unprovoked,USA,Hawaii,"Lahilahi Point, Oahu",Snorkeling,F,44.0,N,08h45,,other,unknown
2008-06-07,2008,Unprovoked,USA,Florida,"Cocoa Beach, Brevard  County",Body surfing,M,40.0,N,,,surfing,unknown
2008-04-28,2008,Unprovoked,USA,Florida,"New Smyrna Beach, Volusia County",Surfing,M,18.0,N,11h45,4' shark,surfing,other shark
2008-04-26,2008,Unprovoked,NEW CALEDONIA,North Province,Poindimié,Swimming,M,32.0,N,Morning,"Bull shark, 1.8m",swimming,bull shark
2008-03-28,2008,Unprovoked,SOUTH AFRICA,KwaZulu-Natal,Scottburgh,Fishing from surfski,M,39.0,N,,,surfing,unknown
2008-03-23,2008,Unprovoked,USA,Florida,"South of Ponce de Leon Jetty, New Smyrna Beach, Volusia County",Walking out of the water after surfing,M,13.0,N,11h30,2.5' shark,surfing,other shark
2007-09-30,2007,Sea Disaster,PHILIPPINES,Palawan,Off Cagayancillo,"The 426-ton cargo ship Mia, laden with cement, capsized in heavy seas",M,,Y,14h40,,other,unknown
2007-09-08,2007,Unprovoked,USA,Florida,"Pepper Park Beach, St. Lucie County",Wading,F,58.0,N,11h45,,swimming,unknown
2007-09-05,2007,Unprovoked,USA,Florida,"Daytona Beach, Volusia County",Wading,F,36.0,N,13h42,,swimming,unknown
2006-12-02,2006,Unprovoked,AUSTRALIA,Western Australia,Wharton Beach,Body boarding,M,15.0,N,07h30,"White shark, 5m",watercraft,white shark
2006-08-29,2006,Unprovoked,AUSTRALIA,South Australia,"Pennington Bay, Kangaroo Island",Surfing,M,,N,16h00,"Bronze whaler shark, 6'",surfing,other shark
2006-07-17,2006,Invalid,AUSTRALIA,Torres Strait,Western Province,,,,,,Shark involvement prior to death was not confirmed,other,other shark
2006-05-04,2006,Unprovoked,USA,Florida,"Hutchinson Island, St. Lucie County",Swimming,F,,N,16h30,,swimming,unknown
2006-04-03,2006,Unprovoked,USA,Florida,"Marco Island, Collier County",Wading,M,11.0,N,12h30,,swimming,unknown
2005-10-21,2005,Unprovoked,USA,California,"Klamath River mouth, Del Norte County",Surfing,M,36.0,N,11h00,White shark,surfing,white shark
2005-06-20,2005,Unprovoked,MEXICO,Baja California,San Luis beach,Surfing,M,,N,07h00,,surfing,unknown
2005-04-09,2005,Invalid,USA,Florida,"Central Gulf Coast, St. John County",Surfing,M,52.0,,,Shark involvement not confirmed,surfing,other shark
2004-10-06,2004,Unprovoked,REUNION,Conservatória District,"P' tit Paris, Saint-Pierre",Body boarding,M,15.0,N,16h15,Thought to involve a 2.5 m bull or tiger shark,watercraft,other shark
2004-04-22,2004,Watercraft,NEW ZEALAND,North Island,Motunui,Fishing,,,N,,"White shark, 5.5 m [18']",fishing,white shark
2004-01-12,2004,Unprovoked,AUSTRALIA,New South Wales,Bushrangers Pass at Bass Point,Diving,M,,N,Midday,"Raggedtooth shark, 3.5 m [11.5']",diving,other shark
2003-03-10,2003,Provoked,USA,Florida,"Petting Tank, Florida Aquarium, Tampa, Hillsborough County",Petting captive sharks,F,,N,,60 cm [2'] captive shark,other,other shark
2002-09-30,2002,Unprovoked,USA,Florida,"Ormond Beach, Volusia County",Surfing,M,47.0,N,16h20,4' to 5' shark,surfing,other shark
2002-07-10,2002,Unprovoked,BRAZIL,Pernambuco,"Piedade Beach, Recife",Surfing,M,22.0,N,15h00,Bull or tiger shark,surfing,bull shark
2002-04-18,2002,Unprovoked,USA,Florida,"New Smyrna Beach, Volusia County",Surfing,M,28.0,N,11h10,,surfing,unknown
2002-01-30,2002,Unprovoked,AUSTRALIA,Western Australia,Collie River,Swimming,M,32.0,N,,,swimming,unknown
2002-01-01,2002,Unprovoked,USA,Hawaii,"Olowalu, Maui",Snorkeling,M,35.0,N,13h00,"Tiger shark, 1.8 m [6']",other,tiger shark
2001-08-12,2001,Unprovoked,THAILAND,Rayong Province,Laem Mae Pim Beach,Fell off banana boat,M,,N,,3 m [10'] shark,watercraft,other shark
2001-07-03,2001,Unprovoked,USA,South Carolina,"Isle of Palms, Charleston County",,,,N,,,other,unknown
2001-06-09,2001,Invalid,AUSTRALIA,New South Wales,Lord Howe Island (island group 440 miles northeast of Sydney),Hiking on the beach,M,75.0,,,Shark involvement prior to death was not confirmed,other,other shark
2001-05-18,2001,Provoked,PHILIPPINES,Zamboanga del Sur Province,,Shark fishing,M,24.0,N,,,fishing,unknown
2001-05-03,2001,Unprovoked,USA,Florida,"Jacksonville, Duval County",Surfing,M,45.0,N,19h00,1.2 m to 1.5 m [4' to 5'] shark,surfing,other shark
2001-01-24,2001,Watercraft,AUSTRALIA,New South Wales,South West Rocks,Kayaking,M,35.0,N,,5 m shark,watercraft,other shark
2000-03-03,2000,Invalid,NEW ZEALAND,North Island,Between the Kakanui River and Campbell's Bay,Kayaking,M,27.0,,,Shark involvement  questionable,watercraft,other shark
1999-03-14,1999,Provoked,NEW ZEALAND,,,Fishing,M,28.0,N,,"Mako shark, 1.3 m gaffed",fishing,other shark
1998-08-26,1998,Unprovoked,USA,California,"Stinson Beach, Marin County",Boogie boarding,M,16.0,N,14h16,"White shark, 5 m to 6 m [16.5' to 20']",watercraft,white shark
1998-01-01,1998,Unprovoked,USA,Virginia,"Wreck of the Navy Barge, 22 miles SE of Rudee",Spearfishing on scuba & transferring fish onto a stringer,M,,N,,sandtiger shark,fishing,other shark
1997-06-09,1997,Unprovoked,USA,Florida,Palm Beach County,Surfing,M,18.0,N,18h00,Possibly a spinner shark,surfing,other shark
1996-09-01,1996,Invalid,USA,South Carolina,"Garden City Beach, Horry County",Boogie boarding,F,28.0,,Afternoon,Shark involvement not confirmed,watercraft,other shark
1996-07-04,1996,Unprovoked,BAHAMAS,Cat Cay,,Diving,M,24.0,N,,,diving,unknown
1996-04-25,1996,Unprovoked,AUSTRALIA,New South Wales,Mona Vale,Swimming,F,16.0,N,,Wobbegong shark,swimming,other shark
1995-06-02,1995,Unprovoked,HONG KONG,New Territories,Sheung Sze Wan Beach,Swimming,M,29.0,Y,14h30,1.8 m to 2.1 m [6' to 7'] shark,swimming,other shark
1994-10-17,1994,Unprovoked,BRAZIL,Pernambuco,Piedade,Surfing,M,,N,,,surfing,unknown
1993-03-01,1993,Unprovoked,NEW CALEDONIA,South Province,Île de Casey,Swimming,,,N,,,swimming,unknown
1992-11-06,1992,Unprovoked,USA,Florida,"North Jetty Park, Fort Pierce, St Lucie County",Surfing,M,17.0,N,14h15,,surfing,unknown
1990-10-27,1990,Unprovoked,AUSTRALIA,Queensland,Mermaid Waters,Swimming,M,26.0,N,20h30,,swimming,unknown
1990-03-24,1990,Unprovoked,FIJI,Laucala Island,,Swimming,M,30.0,N,,,swimming,unknown
1989-09-03,1989,Provoked,USA,California,24 km off Santa Catalina Island in the Channel Islands,Filming 5' blue shark,M,46.0,N,,Blue Shark,other,other shark
1987-09-18,1987,Unprovoked,AUSTRALIA,South Australia,"Merino Rocks, Adelaide",Scuba Diving for scallops,M,47.0,Y,,White shark,diving,white shark
1986-08-01,1986,Unprovoked,FRANCE,Gulf of Lyons,Gruissan,,,,N,,,other,unknown
1986-02-01,1986,Unprovoked,AUSTRALIA,Victoria,Jan Juc Beach,Surfing,M,29.0,N,06j00,"Bronze whaler shark, 3.5 m",surfing,other shark
1985-08-17,1985,Invalid,USA,Florida,"Bayport, Hernando County",Scuba diving,M,67.0,,10h30,Shark involvement prior to death not confirmed,diving,other shark
1983-11-10,1983,Invalid,SOUTH AFRICA,KwaZulu-Natal,Tongaat,Swimming,F,,,,Shark involvement prior to death was not confirmed,swimming,other shark
1983-08-20,1983,Unprovoked,USA,Oregon,"Cape Kiwanda,Tillamook County",Surfing,M,,N,10h00,White shark,surfing,white shark
1983-08-15,1983,Unprovoked,USA,Virginia,"Virginia Beach, Princess Anne County",Swimming,F,14.0,N,Morning,Sand shark,swimming,other shark
1982-02-14,1982,Unprovoked,USA,Hawaii,"White Plains Beach, Barbers Point, O'ahu",Swimming,F,,N,,,swimming,unknown
1980-04-01,1980,Unprovoked,MEXICO,Sinaloa,Mazatlán,Body surfing,F,13.0,N,Early afternoon,Tiger shark,surfing,tiger shark
,1980,Unprovoked,TONGA,Ha'api,Ha'ano Island,Spearfishing,M,,N,AM,,fishing,unknown
1977-08-14,1977,Unprovoked,USA,California,"McClure Beach, near Tomales Point, Marin County",Free diving for abalone (surfacing),M,20.0,N,11h45,"White shark, 5.5 m to 6 m [18' to 20']",surfing,white shark
1976-10-06,1976,Unprovoked,SOUTH AFRICA,Eastern Cape Province,Cape St. Francis,Surfing,M,20.0,N,11h00,"White shark, 3.5 m [11.5'], species identity confirmed by tooth fragment",surfing,white shark
1976-01-08,1976,Unprovoked,USA,Florida,"Off Fort Pierce, St Lucie County",Spearfishing / scuba diving,M,25.0,N,,6' shark,fishing,other shark
1974-08-10,1974,Unprovoked,CROATIA,Split-Dalmatia County,"Lokva Rogoznica, Omis",,M,21.0,Y,15h00,"White shark, 5 m [16.5']",other,white shark
1974-05-26,1974,Unprovoked,USA,California,"Tomales Point, Marin County",Free diving (but on surface),M,45.0,N,11h30,"White shark, 5 m [16.5']",surfing,white shark
1974-01-01,1974,Unprovoked,CROATIA,Primorje-Gorski Kotar County,Preluka Harbour,,,,Y,,,other,unknown
1973-09-29,1973,Sea Disaster,SOUTH AFRICA,KwaZulu-Natal,Mission Rocks,Being pulled to shore from wreck of 25-ton fishing vessel Alan S,M,,Y,,,fishing,unknown
1972-08-29,1972,Unprovoked,USA,Florida,"Crescent Beach, St. Johns County",Surfing,M,15.0,N,Evening,,surfing,unknown
1971-10-23,1971,Unprovoked,USA,Florida,"Ft. Pierce, St Lucie County",Surfing,M,18.0,N,Afternoon,5' to 6' shark,surfing,other shark
1971-10-14,1971,Unprovoked,SOUTH AFRICA,KwaZulu-Natal,"North Beach, Durban",Swimming,M,25.0,N,Evening,1.5 m to 2 m shark,swimming,other shark
1971-01-01,1971,Unprovoked,AUSTRALIA,South Australia,Southport,Surfing,M,15.0,N,,White shark,surfing,white shark
1970-10-24,1970,Unprovoked,USA,Hawaii,"Brennecke Beach, Po'ipu, Kaua'i",Body surfing,M,,N,,,surfing,unknown
1970-06-22,1970,Provoked,USA,Florida,"Dania, Broward County",Fishing,M,13.0,N,,7.5' shark,fishing,other shark
1970-06-15,1970,Provoked,SOUTH AFRICA,KwaZulu-Natal,"Shark tank, Oceanographic Research Institute, Durban",Scuba Diving,M,25.0,N,16h00,"Raggedtooth shark, 2 m [6'9], 5-year-old, captive female",diving,other shark
1970-04-01,1970,Provoked,,,,Freediving,M,,N,,Wobbegong shark,diving,other shark
1969-11-30,1969,Unprovoked,AUSTRALIA,Western Australia,"Swan River, 13 miles upstream",Swimming,M,15.0,N,Afternoon,,swimming,unknown
1968-08-11,1968,Unprovoked,MALAYSIA,Johor,Pulau Aur,Leaving the water,,41.0,N,08h00,,other,unknown
1968-05-18,1968,Invalid,TANZANIA,Mafia Island,,Schooner sank during a storm,,,,,Shark involvement not confirmed,other,other shark
1967-08-25,1967,Unprovoked,ITALY,Liguria,"Marinella Sarzana, La Spezia",Spearfishing on Scuba,M,,N,,,fishing,unknown
1967-08-15,1967,Unprovoked,BERMUDA,Hamilton,Hamilton,Floating,F,19.0,N,16h00,,other,unknown
1967-01-06,1967,Provoked,AUSTRALIA,Victoria,Goolwa,Splashing,M,15.0,N,,sand shark,other,other shark
1965-07-26,1965,Unprovoked,MEXICO,Veracruz,Mocambo,Bathing,M,25.0,Y,17h00,,swimming,unknown
1964-06-23,1964,Unprovoked,FIJI,Lau Group,"Tovu, Totoya Island",Spearfishing,M,23.0,N,,,fishing,unknown
1963-09-13,1963,Provoked,AUSTRALIA,New South Wales,Wanda Beach,Surfing,M,18.0,N,09h30,1.5 m [5'] shark,surfing,other shark
1963-08-01,1963,Unprovoked,DOMINICAN REPUBLIC,Santo Domingo,Rio Haina Port,"Swimming, when caught in heavy seas",M,,Y,,8 sharks,swimming,other shark
,1963,Unprovoked,FIJI,Vita Levu,Korolevu (South coast between Nadi & Suva),,,,,,,other,unknown
1962-11-11,1962,Unprovoked,USA,California,Farallon Islands,Spearfishing / Scuba diving (at surface),M,24.0,N,12h45 / 13h45,"White shark, 4.3 m to 4.9m [14' to 16']",surfing,white shark
1962-07-19,1962,Provoked,USA,California,30 miles south of San Clemente Island,Fishing for albacore,M,19.0,N,16h30,Blue shark,fishing,other shark
1962-06-07,1962,Watercraft,AUSTRALIA,Western Australia,Emu Point,Fishing,,,N,07h00,,fishing,unknown
1962-03-25,1962,Watercraft,AUSTRALIA,New South Wales,Norah Head,Fishing & spearfishing,,,N,,"Bronze whaler shark, 4.6 m [15']",fishing,other shark
1961-08-04,1961,Unprovoked,BERMUDA,,6 miles from shore,Spearfishing,M,22.0,N,11h00,"Blacktip shark, 1.8 m to 2.1 m [6' to 7']",fishing,other shark
1961-01-03,1961,Invalid,SOUTH AFRICA,KwaZulu-Natal,Palm Beach,,,,,,Shark involvement prior to death was not confirmed,other,other shark
1960-04-01,1960,Unprovoked,FIJI,Vanua Levu,Off the Bua coast,Fishing in shoulder-deep water,F,,Y,,,fishing,unknown
1959-12-29,1959,Watercraft,AUSTRALIA,Queensland,Scotts Point Beach,Paddling,,,N,Afternoon,3.7 m [12'] tiger shark,other,other shark
1959-09-26,1959,Watercraft,USA,South Carolina,"Albergotti Creek, near Air Station boat docks, Beaufort",Gigging for flounder,,,,Midnight,"Said to involve white shark, but species identify questionable",other,other shark
1959-05-16,1959,Unprovoked,USA,Florida,"Indian Rocks Beach, Clearwater, Pinellas County",,F,37.0,N,,1.2 m [4'] shark,other,other shark
1959-04-09,1959,Unprovoked,USA,Hawaii,"Hilo, off Kaua'i",Fishing,M,,N,,,fishing,unknown
1958-08-31,1958,Boat,MEXICO,Baja California,Ensenada,Boat stopped to repair electric pump,,,N,07h15,"Hammerhead shark, 5.2 m [17']",watercraft,other shark
1958-07-02,1958,Provoked,USA,Florida,"Siesta Key, Sarasota County",Free diving,M,20.0,N,14h30,"Nurse shark, 1.5 m [5']  identified by Dr. E. Clark on description of shark",diving,other shark
1958-07-01,1958,Unprovoked,USA,Florida,"Sarasota, Sarasota County",,M,,N,,,other,unknown
1958-02-19,1958,Invalid,AUSTRALIA,New South Wales,,Spearfishing,M,21.0,,Late afternoon,Shark involvement prior to death was not confirmed,fishing,other shark
1958-01-01,1958,Unprovoked,PAPUA NEW GUINEA,Morobe Province,"Korem, Finschhafen","Fishing, holding fish",M,,N,,,fishing,unknown
1956-08-01,1956,Provoked,UNITED KINGDOM,Cornwall,The Lizard,Attempting to kill a shark with explosives,M,,Y,,,other,unknown
1956-05-26,1956,Watercraft,SOUTH AFRICA,Western Cape Province,Plettenberg Bay,Fishing,,,N,,White shark,fishing,white shark
1955-08-04,1955,Provoked,USA,South Carolina,Windy Hill Beach,Fishing,M,,N,,a small shark,fishing,other shark
1953-06-01,1953,Provoked,AUSTRALIA,Queensland,,Landing hooked shark in boat,M,,N,,2 m [6'9] shark,watercraft,other shark
1953-03-01,1953,Unprovoked,AUSTRALIA,New South Wales,"Long Reef, Collaroy",Spearfishing,M,23.0,N,,,fishing,unknown
1952-10-12,1952,Unprovoked,PAPUA NEW GUINEA,"Abau Sub District, Central Province",Lalaura Village,Fishing,M,,N,,,fishing,unknown
1951-09-03,1951,Unprovoked,ITALY,Salerno Province,Salerno,Fishing for squid,M,,N,Night,,fishing,unknown
1950-04-09,1950,Sea Disaster,AUSTRALIA,Queensland,Cooper's Point,"Sea Disaster, sinking of the fishing  launch Mavis",M,50.0,Y,,,fishing,unknown
1950-02-11,1950,Unprovoked,SOUTH AFRICA,KwaZulu-Natal,"South Beach, Durban",Body surfing,M,14.0,Y,14h30,"White shark, 3.7 m [12']  according to witnesses",surfing,white shark
,1950,Invalid,USA,Hawaii,"Waikiki, O'ahu",Spearfishing,M,,,,Alleged to involve a white shark with little yellow eyes,fishing,other shark
1948-08-19,1948,Unprovoked,IRAN,Shatt-al-Arab River,,,M,13.0,Y,,,other,unknown
1948-02-12,1948,Unprovoked,AUSTRALIA,New South Wales,"Stockton Beach, Newcastle",Swimming,M,16.0,Y,,3.7 m [12'] shark,swimming,other shark
1948-01-01,1948,Watercraft,SOUTH AFRICA,Western Cape Province,False Bay,Fishing,,,N,,,fishing,unknown
1947-11-14,1947,Unprovoked,AUSTRALIA,New South Wales,"Knobby's Beach, Newcastle",Fishing from surf ski,M,17.0,N,Dusk,,surfing,unknown
1947-02-01,1947,Unprovoked,BRAZIL,Rio de Janeiro,Copacabana,Bathing,,,Y,,,swimming,unknown
1945-02-05,1945,Unprovoked,ISRAEL,Tel Aviv,,Swimming,M,,N,,,swimming,unknown
1943-03-14,1943,Sea Disaster,SIERRA LEONE,,,"The 21,516-ton troopship Empress of Canada torpedoed and sunk by the Italian submarine Leonardo da Vinci",,,Y,,,other,unknown
1942-03-08,1942,Sea Disaster,CUBA,Guantanamo Province,30 nm southeast of Guantanamo Bay,Esso Bolivar was torpedoed & shelled by the German submarine U-126,M,,Y,Ship aban-doned at 03h10,,other,unknown
,1942,Watercraft,AUSTRALIA,Tasmania,Off Big Friar Island,Fishing for perch,M,,N,,,fishing,unknown
1942-01-01,1942,Sea Disaster,MID-PACIFC OCEAN,(Southwestern Pacific),,"Plane forced down, 3 men on rubber life raft. Put hand over side to feel drift of boat",M,,N,,,watercraft,unknown
1941-08-01,1941,Unprovoked,USA,South Carolina,Sullivan's Island at entrance to Charleston Harbor,Swimming at edge of channel,M,20.0,N,,,swimming,unknown
1941-03-24,1941,Sea Disaster,SOUTH ATLANTIC OCEAN,,750 miles off the African coast,The troopship Britannia was sunk by the German raider Thor,M,,N,,,other,unknown
1941-03-09,1941,Provoked,USA,California,"Santa Monica, Los Angeles County",Fishing,M,53.0,N,Night,Mako shark (aka bonito shark) 1.2 m [4'],fishing,other shark
1941-01-29,1941,Unprovoked,SOUTH ATLANTIC OCEAN,In Convoy OB 274,Off Sierra Leone,Rescuing seaman after ship sunk by German raider,M,19.0,N,19h55,,other,unknown
1940-01-01,1940,Invalid,SOUTH AFRICA,Eastern Cape Province,"Kowie River Mouth, Port Alfred",Standing in water with child in her arms,F,,,,Questionable incident,swimming,unknown
1939-01-12,1939,Unprovoked,AUSTRALIA,New South Wales,Clarence River,Scooping prawns,M,,N,,7' shark,other,other shark
1938-01-21,1938,Provoked,AUSTRALIA,New South Wales,Tweed Heads,Fishing,M,,N,,"Tiger shark, 3'",fishing,tiger shark
1937-08-16,1937,Invalid,TURKEY,,Istanbul,Swimming,M,,,,Invalid,swimming,unknown
1936-06-26,1936,Unprovoked,AUSTRALIA,Torres Strait,Nepean Island,"Diving for trochus , but swimming on surface",M,16.0,Y,,"Tiger shark, 2.4 m [8']",surfing,tiger shark
1936-03-19,1936,Unprovoked,AUSTRALIA,Queensland,"Near Forbes Island, Barrier Reef",Diving for trochus,M,,N,,,diving,unknown
1935-08-24,1935,Invalid,UNITED KINGDOM,Isle of Wight,Atherfield,Fishing,M,,,,Invalid,fishing,unknown
1935-08-13,1935,Unprovoked,AUSTRALIA,Torres Strait,"Near Warrior Reefs, Queensland",Diving for beche-de-mer from lugger,M,,Y,,,diving,unknown
1931-09-02,1931,Invalid,USA,Hawaii,"Kahala, O'ahu",Fishing,M,,,,Shark involvement prior to death unconfirmed,fishing,other shark
1931-08-18,1931,Unprovoked,USA,Texas,Off Brownsville,Swimming,M,,N,,,swimming,unknown
1930-12-01,1930,Unprovoked,AUSTRALIA,New South Wales,Parramata River,,M,,Y,,,other,unknown
1929-12-21,1929,Unprovoked,AUSTRALIA,Torres Strait,Thursday Island,Diving,M,,N,,,diving,unknown
1929-04-26,1929,Unprovoked,AUSTRALIA,Queensland,Great Barrier Reef,Diving for trepang,M,,N,,,diving,unknown
1927-07-03,1927,Watercraft,AUSTRALIA,New South Wales,Bellambi Reef,,,,N,,,other,unknown
1922-12-05,1922,Unprovoked,AUSTRALIA,Queensland,Pialba Beach near Maryborough,Bathing in 3' to 4' of water,M,19.0,Y,09h15,2.7 m [9'] blue shark,swimming,other shark
1921-12-11,1921,Unprovoked,AUSTRALIA,Queensland,Fitzroy River at  Rockhampton,Swimming,M,20.0,N,,,swimming,unknown
1921-10-04,1921,Unprovoked,AUSTRALIA,Queensland,Barrier Reef,Diving for beche-de-mer,M,22.0,Y,Afternoon,,diving,unknown
1917-07-18,1917,Unprovoked,USA,Florida,Florida Keys,Diving,M,,Y,Afternoon,,diving,unknown
1916-12-30,1916,Unprovoked,AUSTRALIA,Queensland,"Yeppoon, near Ross Creek",Bathing,M,25.0,N,A.M.,,swimming,unknown
1914-07-09,1914,Provoked,USA,Louisiana,New Orleans,Fishing,M,,N,,,fishing,unknown
1909-07-24,1909,Unprovoked,USA,New York,Rockaway,Fell overboard while fishing for sharks,M,,N,Afternoon,,fishing,unknown
1907-08-12,1907,Unprovoked,CROATIA,Primorje-Gorski Kotar County,Krk Island,Swimming,M,,Y,,,swimming,unknown
1906-08-04,1906,Unprovoked,USA,Maryland,"Tangier Sound, Somerset County",Fell overboard,M,,Y,,Remains recovered 5 days later,watercraft,other shark
1906-07-05,1906,Unprovoked,USA,Mississippi,"Bay St. Louis, Hancock County",Swimming,M,,Y,,Fishermen recovered partial remains from shark a week later,swimming,other shark
1905-12-31,1905,Unprovoked,SOUTH AFRICA,KwaZulu-Natal,"Back Beach, Durban",Floating or standing,M,,Y,Morning,2.4 m [8'] shark,swimming,other shark
1905-08-01,1905,Unprovoked,PHILIPPINES,Luzon Island,Manila Bay,Bathing,M,21.0,N,,,swimming,unknown
1905-03-26,1905,Unprovoked,AUSTRALIA,New South Wales,Lismore,Bathing,M,40.0,N,Morning,5' shark,swimming,other shark
1904-01-01,1904,Unprovoked,PHILIPPINES,Quezon,Tayabas,Bathing,M,,N,,,swimming,unknown
1902-01-19,1902,Invalid,SOUTH AFRICA,KwaZulu-Natal,Durban,,M,,,,Questionable,other,unknown
1900-09-15,1900,Unprovoked,AUSTRALIA,Queensland,Townsville,Swimming,M,,N,,,swimming,unknown
1899-08-15,1899,Unprovoked,USA,Florida,"Trout River, Panama Park",Swimming,M,15.0,Y,,3 m [10'] shark,swimming,other shark
1898-01-01,1898,Unprovoked,JAMAICA,Kingston Parish,Kingston Harbor,Trailing hand in the water,F,,N,,,other,unknown
1896-01-11,1896,Unprovoked,AUSTRALIA,New South Wales,"Johnstone's Bay, Sydney",Bathing,M,11.0,Y,Afternoon,,swimming,unknown
1892-12-15,1892,Unprovoked,ATLANTIC OCEAN,,,Fell overboard,M,15.0,Y,,,watercraft,unknown
1890-06-14,1890,Unprovoked,PERSIAN GULF,,,Fell overboard,M,,N,,,watercraft,unknown
1890-01-01,1890,Unprovoked,AUSTRALIA,Tasmania,Derwent River (empties into the sea at Hobart),Wading,M,,N,,"Sevengill shark, 14', was caught in the vicinity",swimming,other shark
1889-07-19,1889,Unprovoked,USA,Texas,West Bay near Galveston,Fishing,M,,N,07h30,18' shark,fishing,other shark
1887-12-22,1887,Unprovoked,HONDURAS,Cortés,Off Puerto Cortez (Caribbean coast),Fell oveboard from steamer Wanderer,M,33.0,Y,,,watercraft,unknown
1886-04-26,1886,Unprovoked,AUSTRALIA,Queensland,Rothesay Bay,Oystering,M,,N,,,other,unknown
1883-10-20,1883,Unprovoked,URUGUAY,Maldonado coast,,Fell overboard & rescuer,M,,Y,,,watercraft,unknown
1880-07-25,1880,Watercraft,USA,New York,The Narrows,Sailing,M,,N,15h00,10' shark,other,other shark
1878-09-02,1878,Sea Disaster,SOUTH ATLANTIC OCEAN,Off the coast of West Africa,,Boat with 5 men capsized while returning to the Amerique,M,,Y,,,watercraft,unknown
1874-07-15,1874,Unprovoked,USA,Hawaii,Waikiki,Fishing,M,,N,,,fishing,unknown
1870-06-19,1870,Unprovoked,INDIA,"22ºN, 88ºE","Calcutta, Hoogly River at  one of the ghats",Bathing,M,40.0,N,,,swimming,unknown
1860-10-01,1860,Sea Disaster,CANADA,Nova Scotia,Cape Canso,Gloucester fishing schooner run down,M,,Y,Night,,fishing,unknown
1855-09-30,1855,Sea Disaster,USA,North Carolina,Cape Hatteras,ship William Penn grounded & broke apart,M,,N,,,other,unknown
1835-01-06,1835,Unprovoked,TASMAN SEA,35º39 : 165º8',Alongside the whaler Marianne,Hooking into a whale,M,,N,,,other,unknown
1802-04-13,1802,Unprovoked,INDIA,,,,,,Y,,,other,unknown
1776-01-01,1776,Unprovoked,GUINEA,,,Murder,M,,Y,,,other,unknown
2023-07-22,2023,Unprovoked,Australia,Western Australia,Yallingup Lagoon,Snorkeling,M,77.0,N,,Wobbegong shark,other,other shark
2023-07-15,2023,Unprovoked,USA,Florida,New Smyrna Beach,Sitting,M,49.0,N,14h00,,other,unknown
2023-07-03,2023,Unprovoked,USA,New York,"Kismet Beach, Suffolk County",Surfing,M,15.0,N,17h20,,surfing,unknown
2023-05-28,2023,Unprovoked,FRENCH POLYNESIA,Tahiti,"Matavai Bay, Arue, Papetee",Kite surfing,F,25.0,N,14h35,"Grey reef shark, 2 m",surfing,other shark
2022-12-07,2022,Unprovoked,USA,Texas,,Surfing,M,,N,,Blacktip,surfing,other shark
2021-09-03,2021,Unprovoked,USA,Louisiana,off Grand Isle,"Fishing, fell in water",M,64.0,N,14h00,,fishing,unknown
2021-08-13,2021,Unprovoked,CANADA,Nova Scotia,Cape Breton Island,Swimming,F,21.0,N,`17h00,,swimming,unknown
2020-07-22,2020,Unprovoked,USA,North Carolina,"Neuse River, Craven County",Treading water,M,,N,17h30,Bull shark. 6.5',swimming,bull shark
2020-05-17,2020,Unprovoked,FRENCH POLYNESIA,Tahiti,Vallée Blanche,Snorkeling,,,N,,Blacktip shark,other,other shark
2020-01-30,2020,Provoked,BAHAMAS,Exumas,,Floating,F,24.0,N,,,other,unknown
2019-08-31,2019,Unprovoked,USA,Florida,"Jacksonville Beach, Duval County",,M,,N,Afternoon,,other,unknown
2019-05-25,2019,Unprovoked,USA,Hawaii,"Honokowai Point, Maui",Swimming,M,65.0,Y,08h48,,swimming,unknown
2018-05-09,2019,Unprovoked,REUNION ISLAND,,Saint Leu,Surfing,M,28.0,Y,16h26,,surfing,unknown
2019-02-17,2019,Unprovoked,AUSTRALIA,New South Wales,Belongil Bay,Surfing,M,41.0,N,06h40,,surfing,unknown
2018-09-23,2018,Provoked,FIJI,Vanua Levu,Cakau Levu,Diving,M,,N,15h00,Nurse shark,diving,other shark
2018-09-20,2018,Questionable,USA,Florida,"Jacksonville Beach, Duval County",,F,,N,12h00,,other,unknown
2018-09-20,2018,Unprovoked,AUSTRALIA,Queensland,"Cid Harbor, Whitsundays",Swimming,F,12.0,N,13h45,,swimming,unknown
2018-08-15,2018,Unprovoked,BAHAMAS,Abaco Islands,"Coco Bay, Green Turtle Cay",Standing,F,56.0,N,08h30,Nurse shark,swimming,other shark
2018-07-13,2018,Unprovoked,USA,Florida,"Fernandina Beach, Nassau County",Surfing,M,30.0,N,15h35,,surfing,unknown
2018-04-03,2018,Unprovoked,SOUTH AFRICA,Eastern Cape Province,St. Francis Bay,Surfing,M,19.0,N,15h00,White shark,surfing,white shark
2018-02-03,2018,Unprovoked,ECUADOR,Galapagos Islands,Santa Fe Island,Snorkeling,M,45.0,N,,Galapagos shark?,other,other shark
2017-11-25,2017,Sea Disaster,LIBYA,,Gars Garabulli,2 boats capsized,,,Y,,Some drowned but other may have been killed by blue sharks,watercraft,other shark
2017-10-09,2017,Unprovoked,USA,Hawaii,"Davidsons Beach, Kekaha, Kauai",Surfing,M,54.0,N,18h30,"Tiger shark, 8 to 10 feet",surfing,tiger shark
2017-07-23,2017,Unprovoked,USA,New Jersey,Ventnor,,F,,N,,Sandtiger shark  2',other,other shark
2016-12-01,2016,Unprovoked,AUSTRALIA,New South Wales,Booti Booti National Park,Surfing,M,65.0,N,09h00,White shark,surfing,white shark
2016-09-04,2016,Unprovoked,USA,Florida,"New Smyrna Beach, Volusia County",Body boarding,M,9.0,N,,,watercraft,unknown
2016-07-27,2016,Provoked,USA,Florida,"Florida Keys, Monroe County",Lobstering,M,43.0,N,,"Nurse shark, 4'",other,other shark
2016-07-14,2016,Unprovoked,BAHAMAS,,Tiger Beach,Scuba Diving,M,,N,,"Lemon shark, 9'",diving,other shark
2016-06-02,2016,Unprovoked,NEW CALEDONIA,,"Côte-Blanche, Nouméa",Kite surfing,M,,N,Afternoon,3 m shark,surfing,other shark
2016-05-29,2016,Unprovoked,USA,Florida,"Neptune, Duval County",Swimming,M,13.0,N,15h45,5' shark,swimming,other shark
2016-02-12,2016,Unprovoked,DOMINICAN REPUBLIC,Altagracia Province,"Bavaro Beach, Punta Cana",Wading,F,,N,15h00,,swimming,unknown
2015-10-08,2015,Unprovoked,MOZAMBIQUE,Inhambane Province,"Maxixe, Inhambane Bay",Fishing,M,,N,,,fishing,unknown
2015-09-26,2015,Unprovoked,AUSTRALIA,Queensland,"Russel Island, Frankland Group",Snorkeling,F,7.0,N,Afternoon,,other,unknown
2015-07-03,2015,Unprovoked,AUSTRALIA,New South Wales,Lennox Head,Surfing,M,52.0,N,09h00,White shark,surfing,white shark
2015-03-31,2015,Invalid,BRAZIL,Pernambuco,"Praia del Chifre, Olinda",Surfing,M,23.0,,11h00,No shark involvement,surfing,other shark
2014-08-29,2014,Unprovoked,USA,Florida,"Ponce Inlet, Volusia County",Surfing,M,17.0,N,,Spinner shark or blacktip shark,surfing,other shark
2014-06-18,2014,Unprovoked,AUSTRALIA,South Australia,"Middleton Point, Fleurieu Peninsula",Body boarding,M,15.0,N,17h00,,watercraft,unknown
2014-05-01,2014,Unprovoked,USA,Florida,"New Smyrna Beach, Volusia County",Surfing,M,23.0,N,15h00,3' shark,surfing,other shark
2014-03-22,2014,Unprovoked,SOUTH AFRICA,Eastern Cape Province,"Second Beach, Port St Johns",Swimming,M,66.0,Y,15h00,2 m shark,swimming,other shark
2013-12-10,2013,Unprovoked,USA,Florida,"Cocoa Beach, Brevard  County",Surfing,M,30.0,N,14h30,4' to 6' shark,surfing,other shark
2013-08-31,2013,Unprovoked,BAHAMAS,,Freetown Beach,Spearfishing,M,,N,,Blacktip shark,fishing,other shark
2013-02-21,2013,Unprovoked,USA,Hawaii,"Ka'anapali, Honokowai, Maui",Surfing,,,N,18h00,reef shark?,surfing,other shark
2012-07-08,2012,Unprovoked,USA,North Carolina,"North Topsail Beach, Onslow County",Swimming,F,43.0,N,17h30,,swimming,unknown
2011-08-17,2011,Unprovoked,RUSSIA,"Telyakovsky Bay, Khasan,  Primorsky Krai (Far East)",Vityaz,Swimming,M,25.0,N,Evening,4 m shark,swimming,other shark
2011-03-23,2011,Unprovoked,AUSTRALIA,New South Wales,Crowdy Head,Surfing,M,48.0,N,17h45,"Bull shark, 2.5m",surfing,bull shark
2011-01-31,2011,Unprovoked,MEXICO,Quintana Roo,Cancun,Swimming,F,38.0,N,12h00,6' shark,swimming,other shark
2011-01-03,2011,Watercraft,AUSTRALIA,Western Australia,Busselton,Fishing,,,N,12h00,White shark,fishing,white shark
2010-09-24,2010,Unprovoked,USA,Virginia,Sandridge Beach,Surfing,M,18.0,N,16h30,,surfing,unknown
2010-09-03,2010,Unprovoked,USA,Florida,"New Smyrna Beach, Volusia County",Surfing,M,24.0,N,12h00,,surfing,unknown
2010-07-02,2010,Unprovoked,USA,California,"Dog Patch, San Onofre",Stand-Up Paddleboarding,M,48.0,N,15h15,8' shark,watercraft,other shark
2010-02-11,2010,Unprovoked,AUSTRALIA,New South Wales,"Mona Vale Beach, Sydney",Surfing,M,46.0,N,08h00,"Wobbegong shark, 1.6m",surfing,other shark
2009-08-01,2009,Unprovoked,USA,Louisiana,"Curlew Island, Breton Sound",Wade Fishing,M,56.0,N,10h00,Bull shark?,fishing,bull shark
2009-06-16,2009,Invalid,USA,Florida,"Melbourne Beach, Brevard County",Crawling,M,14.0,,17h30,"Shark involvement probable, but not confirmed",other,other shark
2009-01-25,2009,Unprovoked,CUBA,Guantanamo Province,Guantanamo Bay,Spearfishing,M,15.0,N,10h30,Bull shark,fishing,bull shark
2009-01-10,2009,Unprovoked,ECUADOR,Galapagos Islands,Isla Isabella,Surfing,M,22.0,N,,,surfing,unknown
2009-01-01,2009,Unprovoked,CUBA,Guantanamo Province,Guantanamo,Spearfishing,,,N,,Bull shark,fishing,bull shark
2008-07-26,2008,Unprovoked,USA,Hawaii,"Honokowai, Maui",Swimming,M,,N,15h30,2' to 3' reef shark,swimming,other shark
2008-05-24,2008,Sea Disaster,BAHAMAS,Grand Bahama Island,Off West End,Sea Disaster,M,,N,,Tiger sharks in area,other,tiger shark
2008-03-25,2008,Unprovoked,USA,Florida,"Palm Beach Shores, Palm Beach County",Wading,M,15.0,N,,6' shark,swimming,other shark
2007-09-16,2007,Unprovoked,USA,Florida,"New Smyrna Beach, Volusia County",Wading?,M,56.0,N,11h15,,swimming,unknown
2007-09-04,2007,Unprovoked,USA,South Carolina,Sullivan's Island,Standing,M,15.0,N,18h30,,swimming,unknown
2007-08-20,2007,Provoked,USA,Delaware,"Indian River Inlet, Rehoboth Beach",Fishing,M,,N,19h45,Sandtiger shark,fishing,other shark
2007-07-19,2007,Unprovoked,AUSTRALIA,Territory of Cocos (Keeling) Islands,Direction Island,Wading,M,15.0,N,11h00,"Bronze whaler shark, 1.5 m",swimming,other shark
2007-03-31,2007,Unprovoked,USA,Florida,"Waveland Beach, Hutchinson Island, St. Lucie County",,M,9.0,N,13h20,,other,unknown
2006-09-11,2006,Unprovoked,USA,Florida,"New Smyrna Beach, Volusia County",Surfing,M,52.0,N,,5' shark,surfing,other shark
2005-11-16,2005,Watercraft,NEW CALEDONIA,,,,,,N,,4.5 m white shark,other,other shark
2005-07-15,2005,Unprovoked,USA,North Carolina,"Holden Beach, Brunswick County",Swimming,M,22.0,N,16h40,[4.5' to 5'] shark,swimming,other shark
2005-02-13,2005,Unprovoked,USA,Florida,Fort Lauderdale,Spearfishing,M,,N,,1.8 m [6'] Caribbean reef shark,fishing,other shark
2004-10-30,2004,Unprovoked,SOUTH AFRICA,Western Cape Province,Gansbaai,Chumming for white sharks,M,52.0,N,Morning,2 m [6.75'] white shark,other,other shark
2004-05-22,2004,Unprovoked,USA,Florida,"Jacksonville Beach, Duval County",,F,9.0,N,Afternoon,,other,unknown
2004-03-29,2004,Unprovoked,BRAZIL,Pernambuco,Piedade Beach,Body boarding,M,22.0,N,07h30,bull shark,watercraft,other shark
2004-02-16,2004,Invalid,AUSTRALIA,Queensland,"Fido's Reef, 300 m east of Cook Island. Cook Island is 2 miles from Tweed Heads, Gold Coast",Free diving & spearfishing,M,31.0,,11h00,Shark involvement not confirmed,fishing,other shark
2003-12-31,2003,Watercraft,SOUTH AFRICA,KwaZulu-Natal,Salt Rock,,,,N,,Shortfin mako shark,other,other shark
2003-11-30,2003,Unprovoked,AUSTRALIA,Western Australia,Perth? (Margaret River District),Swimming,M,,N,11h30,"Wobbegong shark, 1.2 m [4']",swimming,other shark
2003-10-06,2003,Invalid,USA,Florida,Palm Beach?,Swimming to shore from boat or kayak,M,,Y,--,Shark involvement prior to death was not confirmed,swimming,other shark
2003-07-01,2003,Unprovoked,USA,Florida,"Fort Lauderdale, Broward County",Spearfishing,M,,N,,8' great hammerhead shark,fishing,other shark
2003-06-26,2003,Unprovoked,USA,Florida,St Augustine Beach. St. Johns County,Surfing,M,15.0,N,Morning,106 cm [3.5']  shark,surfing,other shark
2003-04-25,2003,Unprovoked,BRAZIL,Rio de Janeiro,"Copacabana Beach, Rio de Janiero",Swimming,M,16.0,N,18h30,,swimming,unknown
2002-12-29,2002,Unprovoked,AUSTRALIA,Queensland,Great Barrier Reef  (near Upolu Bay),Snorkeling,F,18.0,N,,Reported to involve a hammerhead shark,other,other shark
2002-09-13,2002,Unprovoked,SOUTH AFRICA,Western Cape Province,"Glencairn, False Bay",Surf skiing,M,47.0,N,16h00,White shark,surfing,white shark
2002-02-23,2002,Unprovoked,TURKS & CAICOS,,,Capsized fishing boat,M,,Y,,,fishing,unknown
2002-02-07,2002,Watercraft,AUSTRALIA,New South Wales,Paramatta River (near Sydney),Kayaking,M,35.0,N,19h15,C. leucas tooth fragment recovered from kayak,watercraft,other shark
2001-09-24,2001,Provoked,USA,Florida,"Ponce Inlet, Volusia County","Surfing, fell off surfboard & stepped on the shark.",M,21.0,N,16h20,4' shark,surfing,other shark
2001-05-20,2001,Unprovoked,USA,South Carolina,"Fripp Island, Beaufort County",Swimming,M,,N,19h00,,swimming,unknown
2001-04-12,2001,Unprovoked,USA,Florida,"New Smyrna Beach, Volusia County",Surfing,M,38.0,N,16h45,,surfing,unknown
2000-02-19,2000,Unprovoked,SOUTH AFRICA,Western Cape Province,Struis Bay,Body surfing,M,,N,14h00,"White shark, 2.5 m",surfing,white shark
1999-11-15,1999,Unprovoked,USA,California,"Waddell Reef, Santa Cruz County",Surfing (sitting on his board),M,,N,,White shark,surfing,white shark
1999-08-16,1999,Unprovoked,USA,South Carolina,"Grand Strand, Myrtle Beach, Horry County",Lying prone in 2' of water,M,10.0,N,17h40,1.8 m [6'] shark,other,other shark
1998-12-18,1998,Unprovoked,SOUTH AFRICA,Eastern Cape Province,Kei River Mouth,Splashing,M,14.0,N,,,other,unknown
1998-09-22,1998,Unprovoked,USA,Florida,"New Smyrna Beach, Volusia County",Surfing,M,18.0,N,15h35,,surfing,unknown
1998-09-14,1998,Unprovoked,USA,Florida,"Stuart Beach, Martin County",Surfing,M,28.0,N,,1.8 m [6'] shark,surfing,other shark
1998-06-05,1998,Unprovoked,SOUTH AFRICA,Eastern Cape Province,Jeffrey's Bay,Surfing,M,,N,,,surfing,unknown
1998-04-01,1998,Unprovoked,BRAZIL,Pernambuco,"Boa Viagem, Recife",Swimming,M,,Y,,,swimming,unknown
1997-02-28,1997,Unprovoked,AUSTRALIA,Queensland,Whitsunday Passage,Scuba diving,M,30.0,N,Midday,"Tiger shark, 2m to 3m",diving,tiger shark
1996-10-03,1996,Unprovoked,USA,Florida,"Cocoa Beach, Brevard County",Surfing,M,21.0,N,08h30,1.2 m [4'] shark,surfing,other shark
1996-07-14,1996,Unprovoked,USA,Hawaii,"Nakalele Point, Maui",,,,,,,other,unknown
1996-06-06,1996,Unprovoked,AUSTRALIA,Victoria,"Suicide Point, Point Leo",Surfing,M,,N,17h30,4 m white shark,surfing,other shark
1996-04-25,1996,Unprovoked,AUSTRALIA,New South Wales,Mona Vale,Swimming,M,11.0,N,,Wobbegong shark,swimming,other shark
1996-01-14,1996,Unprovoked,AUSTRALIA,Western Australia,"Mutton Bird Island, Albany",,,,,,,other,unknown
1995-07-28,1995,Unprovoked,USA,South Carolina,"Pawleys Island, Georgetown County",,M,12.0,N,,,other,unknown
1995-05-12,1995,Unprovoked,SOUTH KOREA,,Jangkodo Island,Diving for abalone,F,44.0,Y,,4 m shark,diving,other shark
1995-02-01,1995,Unprovoked,VENEZUELA,,,Wind surfing,M,,N,,,surfing,unknown
1994-11-25,1994,Unprovoked,SOUTH AFRICA,Western Cape Province,Mossel Bay,Spearfishing,M,,N,,"Raggedtooth shark, 2.7 m [9']",fishing,other shark
1993-01-23,1993,Unprovoked,BRAZIL,Pernambuco,Piedade,Body boarding,M,15.0,N,,,watercraft,unknown
1992-11-23,1992,Unprovoked,USA,Florida,,Surfing,M,24.0,N,13h00,1.8 m [6'] shark,surfing,other shark
1992-11-05,1992,Unprovoked,USA,Hawaii,"Kea'au Beach Park, O'ahu",Body boarding,M,18.0,Y,09h45,"Tiger shark, 3 m to 3.7 m [10' to 12']",watercraft,tiger shark
1992-10-22,1992,Unprovoked,USA,Hawaii,"Lanaikea, O'ahu",Surfing,M,28.0,N,07h40,"Tiger shark, 4.3 m [14']",surfing,tiger shark
1992-10-11,1992,Unprovoked,BRAZIL,Maranhão,"Praia de São Marcus, Sáo Luiz",Boogie boarding,,,N,Afternoon,,watercraft,unknown
1992-07-08,1992,Unprovoked,BRAZIL,Maranhão,"Praia da Marcela, São Marcos Bay",Surfing,M,,N,30 minutes after 1992.07.08.a,,surfing,unknown
1992-03-08,1992,Watercraft,JAPAN,Ehime Prefecture,"Nagahama-cho, 40 km southwest of Matsuyama","Fishing for yellowtail, Seriola quinqueradiata",,,N,10h15,,fishing,unknown
1990-08-28,1990,Unprovoked,USA,California,"Trinidad Head, Humboldt County",Surfing,M,22.0,N,16h50,5 m to 6 m [16.5' to 20'] white shark,surfing,other shark
1990-03-05,1990,Unprovoked,REUNION,Sainte-Marie,Baie de la Mare,Surfing,M,,N,17h45,3 m [10'] bull shark,surfing,other shark
1990-01-12,1990,Unprovoked,USA,California,"Montera Beach, San Mateo County",Surfing (sitting on his board),M,,N,,3 m to 4 m [10' to 13'] white shark,surfing,other shark
1989-06-05,1989,Unprovoked,SOUTH AFRICA,Eastern Cape Province,Jeffreys Bay,Surfing,M,16.0,N,16h15,3 m [10'] white shark,surfing,other shark
1989-02-19,1989,Provoked,SOUTH AFRICA,Western Cape Province,,Fishing,M,,N,,3 m [10'] gaffed shark,fishing,other shark
1988-09-13,1988,Unprovoked,USA,Florida,"Shell Island Panama City Beach, Bay County",Snorkeling,M,38.0,Y,15h00,3 m [10'] bull shark,other,other shark
1988-08-22,1988,Unprovoked,ITALY,Manfredonia,Ippocampo,,M,16.0,N,,,other,unknown
1988-06-05,1988,Unprovoked,USA,Florida,"Daytona Beach, Volusia County",Swimming,M,12.0,N,12h00,,swimming,unknown
1988-04-14,1988,Unprovoked,USA,Florida,"Singer Island, Riviera Beach, Palm Beach County",Windsurfing,M,,N,,,surfing,unknown
1988-02-15,1988,Watercraft,SOUTH AFRICA,KwaZulu-Natal,"Brighton Beach, Durban",,,,N,,"Raggedtooth shark, 2 m",other,other shark
1988-01-01,1988,Unprovoked,AUSTRALIA,New South Wales,Sydney,Surfing,M,12.0,N,,Wobbegong shark,surfing,other shark
1987-05-06,1987,Provoked,AUSTRALIA,New South Wales,,Fishing,M,34.0,N,,,fishing,unknown
1986-12-04,1986,Invalid,SOUTH AFRICA,Western Cape Province,Platbank,Spearfishing,M,22.0,,,Invalid,fishing,unknown
1986-07-26,1986,Watercraft,AUSTRALIA,Western Australia,3 km west of Rottnest Island,Fishing,,,N,,Tooth fragment of a white shark recovered. Authorities believed shark was 6 m [20']  total length,fishing,other shark
1985-09-05,1985,Invalid,USA,Florida,"Fort Pierce Inlet, St Lucie County",Swimming,M,17.0,,Afternoon,Invalid,swimming,unknown
1984-10-17,1984,Invalid,USA,Florida,"Boynton Beach, Palm Beach County",Wading,F,77.0,,12h05,Shark involvement not confirmed; officials considered barracua,swimming,other shark
1983-07-26,1983,Sea Disaster,AUSTRALIA,Queensland,"Off Lodestone Reef, Great Barrier Reef, north of Townsville",Swimming from the New Venture,F,21.0,Y,04h00,"Tiger shark, 5 m [16.5']",swimming,tiger shark
1983-05-21,1983,Unprovoked,USA,Florida,"Haulover Inlet, Dade County",Surfing,M,22.0,N,14h00,,surfing,unknown
1982-05-01,1982,Invalid,USA,South Carolina,"Daws Island, Broad River (near Beaufort)",,F,,,,Shark involvement prior to death was not confirmed,other,other shark
1981-09-03,1981,Unprovoked,USA,Florida,"Patrick Air Force Base, Brevard County",Surfing,M,25.0,N,12h00,,surfing,unknown
1981-03-04,1981,Unprovoked,CHILE,Coquimbo,"Bahia Totoralillo, 80  km north of Coquimbo",Free diving Spearfishing,M,,N,10h30,White shark,fishing,white shark
1980-11-17,1980,Invalid,SOUTH AFRICA,KwaZulu-Natal,Mnini,Swimming,M,,,,Shark involvement prior to death was not confirmed,swimming,other shark
1976-09-12,1976,Unprovoked,USA,Florida,"Jacksonville, Duval County",Swimming,M,,Y,,,swimming,unknown
1976-03-12,1976,Unprovoked,USA,Florida,"New Smyrna Beach, Volusia County",Standing,M,,N,14h30,,swimming,unknown
1974-09-01,1974,Sea Disaster,AUSTRALIA,Queensland,"Junpinpin, off Stradbroke Island",3.3 m fishing boat sank. Treveluwe & Peter Hodgson (wearing lifejackets) were drifting in the current,M,30.0,N,,,fishing,unknown
1974-08-16,1974,Unprovoked,HONG KONG,Mirs Bay,,Freedom swimming,M,19.0,N,,,swimming,unknown
1973-09-01,1973,Unprovoked,EGYPT,Red Sea,Southern end of the Sinai Peninsula,,M,,N,,Tiger shark,other,tiger shark
1972-10-14,1972,Unprovoked,USA,US Virgin Islands,"St. Croix, Cane Bay",Scuba diving,M,,Y,,Oceanic whitetip shark x 2,diving,other shark
1972-06-26,1972,Unprovoked,AUSTRALIA,Queensland,Pancake Creek,,M,,Y,,,other,unknown
1972-03-16,1972,Unprovoked,USA,Hawaii,"Waihe'e, Wailuku, Maui",Spearfishing,M,,N,,,fishing,unknown
1970-04-01,1970,Unprovoked,SOLOMON ISLANDS,,,Swimming,M,,,,Wobbegong shark,swimming,other shark
1970-01-23,1970,Unprovoked,MOZAMBIQUE,Limpopo River,"Gijana, 150 km inland",Swimming,M,10.0,N,,Zambesi shark,swimming,other shark
1969-02-01,1969,Invalid,AUSTRALIA,Queensland,Cooktown,Hard hat diving,M,52.0,,,Questionable incident,diving,unknown
1968-02-20,1968,Unprovoked,AUSTRALIA,Western Australia,Swan River,Swimming,F,14.0,N,Late afternoon,,swimming,unknown
,1966,Unprovoked,PAPUA NEW GUINEA,New Ireland Province,,A father bathing his smallest daughter when the shark bumped her out of his arms and carried her into deep water,F,,Y,,3.7 m [12'] shark,swimming,other shark
1966-01-08,1966,Unprovoked,NEW ZEALAND,North Island,"Oakura Beach, Taranaki",Body surfing,F,15.0,Y,15h30,,surfing,unknown
1964-07-30,1965,Provoked,BAHAMAS,Bimini Islands,Lerner Marine Lab,Attempting to anesthetize shark,M,,N,,"Lemon shark, 0.5 m",other,other shark
1965-05-28,1965,Unprovoked,MEXICO,Veracruz,Playa Mocambo,Swimming,M,,Y,,,swimming,unknown
1964-02-17,1964,Provoked,FIJI,,Savuli Reef,Fishing,,,N,,"Tiger shark, 3.5 m, 250-lb female",fishing,tiger shark
1963-07-15,1963,Unprovoked,USA,Florida,"New Smyrna Beach, Volusia County",Bathing,M,14.0,N,Late afternoon,,swimming,unknown
1963-07-11,1963,Provoked,USA,Mississippi,Horn Island,"Fishing, on charter boat Silver Dollar",M,24.0,N,,1.2 m [4'] shark,fishing,other shark
1963-02-08,1963,Unprovoked,FIJI,Lomaiviti  Island Group,"Taibaisa Passage, Gau Island",Spearfishing,M,28.0,N,10h00,"White shark, 2.1 m [7']",fishing,white shark
1962-11-10,1962,Watercraft,AUSTRALIA,New South Wales,Off Kisma,Fishing,,,N,,3 m [10'] blue whaler,fishing,other shark
1962-08-31,1962,Provoked,ISRAEL,Sharon,2 km north of Apollonia,Fishing,M,,,,2.5 m [8.25'] shark,fishing,other shark
1962-02-23,1962,Unprovoked,PAPUA NEW GUINEA,Central Province,Fisherman’s Island near Port Moresby,Swimming along a row of nets,M,,N,,1.2 m  [4'] shark,swimming,other shark
1962-01-01,1962,Unprovoked,SPAIN,Catalonia,Aigua Blava,Dangling feet in the water,F,,N,,,other,unknown
,1962,Unprovoked,AUSTRALIA,South Australia,Dangerous Reef,Diving,M,,N,,,diving,unknown
1961-11-14,1961,Invalid,MEXICO,Guerrrero,Northwest of Acapulco,,,,,,Shark involvement prior to death was not confirmed,other,other shark
1961-02-17,1961,Provoked,USA,Pennsylvania,"Fairmount Park Aquarium, Philadelphia",Cleaning a tank,M,30.0,N,,,other,unknown
1960-08-01,1960,Unprovoked,USA,South Carolina,Parris Island,Swimming from camp,M,,Y,,,swimming,unknown
1960-07-05,1960,Unprovoked,USA,Mississippi,Mississippi City,Pulling raft out to ride to shore,M,17.0,N,,,other,unknown
1960-06-29,1960,Provoked,USA,South Carolina,"Little River Beach, Horry County",Surf fishing,M,,N,14h00,7' shark,surfing,other shark
1960-04-24,1960,Unprovoked,USA,California,"Tomales Point, Marin County",Free diving for abalone diving but at surface),M,48.0,N,14h00,"White shark, 4.9 m [16']",surfing,white shark
1960-03-28,1960,Unprovoked,GUAM,,,"Spearfishing, carrying fish on belt",M,44.0,N,12h00,1.2 m [4'] shark,fishing,other shark
1959-11-28,1959,Unprovoked,AUSTRALIA,Queensland,"North Burleigh, near Brisbane",Standing in chest-deep water,M,17.0,N,07h30,a small shark,swimming,other shark
1959-11-15,1959,Watercraft,SOUTH AFRICA,Western Cape Province,"Swartklip, False Bay",Fishing for tunny,,,N,,"Thresher shark, 3.7 m [12']",fishing,other shark
1959-11-01,1959,Provoked,PAPUA NEW GUINEA,New Britain,"Rapindik Beach, Rabaul",Fishing,M,,N,,,fishing,unknown
1959-07-02,1959,Provoked,USA,Florida,"Delray Beach, Palm Beach County",Free diving,M,13.0,N,,"Nurse shark, 60 cm [24], identified by Dr. L.P. L. Schultz on photograph",diving,other shark
1959-05-30,1959,Provoked,SOUTH AFRICA,Eastern Cape Province,"Bird Island, Algoa Bay",Spearfishing,M,23.0,N,,"White shark, 2.7 m [9'], 280-lb",fishing,white shark
1959-01-12,1959,Unprovoked,NEW GUINEA,Milne Bay Province,"Uga, Banaira, Milne Bay",Dragging banana seeds through the shallows,M,,N,,1.4 m [4.5'] shark,other,other shark
1958-07-04,1958,Sea Disaster,PACIFIC OCEAN,Between Hawaii & Wake Island,600 miles northwest of Honolulu,U.S. Airforce C124 enroute from Hickham Air Base to Japan went down. The 3 survivors fashioned raft from mailbags  & were rescued 3 days after the crash.,M,31.0,N,10h25,Sharks averaged 1.8 m [6'] in length,other,other shark
1958-01-19,1958,Unprovoked,AUSTRALIA,New South Wales,Brunswick Heads,Body surfing,M,14.0,N,16h30,6' shark,surfing,other shark
1957-04-13,1957,Unprovoked,AUSTRALIA,Torres Strait,"Thursday Island Harbour, Queensland",Swimming between  anchored  pearling luggers,M,22.0,N,14h00,Shark seen feeding on turtle scraps thrown overboard prior to incident.,swimming,other shark
1957-01-01,1957,Invalid,SRI LANKA,Western Province,Colombo Harbor,Fishing,M,,,,Shark involvement prior to death was not confirmed,fishing,other shark
1957-01-01,1957,Boat,CUBA,Havana Province,Cojimar,Fishing,,,N,,3.7 m [12'] shark,fishing,other shark
1956-08-01,1956,Unprovoked,SOUTH AFRICA,KwaZulu-Natal,"Chain Rocks, Amanzimtoti",Free diving for crayfish,M,23.0,N,Afternoon,,fishing,unknown
1956-01-01,1956,Provoked,USA,Virginia,"Virginia Beach, Princess Anne County",Removing shark from net,M,,N,,40-lb sand shark,other,other shark
1956-01-01,1956,Unprovoked,USA,Virginia,"Virginia Beach, Princess Anne County",Swimming,F,14.0,,,,swimming,unknown
1955-11-16,1955,Unprovoked,PAPUA NEW GUINEA,Central Province,"Kalautu Village, Baibara at the mouth of Oibada River",Swimming,M,8.0,N,18h00,Wobbegong shark,swimming,other shark
1955-06-23,1955,Unprovoked,USA,Rhode Island,Occupasstuxet  (Patuxent) Cove,Wading,M,13.0,N,,0.7 m [2.5'] sand shark,swimming,other shark
1955-07-15,1955,Unprovoked,MONTENEGRO,Adriatic Sea,Budva,Swimming,M,,Y,,"White shark, 6.5 m",swimming,white shark
1955-02-04,1955,Unprovoked,INDIA,Tamil Nadu,"Vanagiri, Madras (Chennai), Bay of Bengal",Fishing,M,25.0,N,,,fishing,unknown
1955-01-01,1955,Invalid,USA,Illinois,Chicago (Lake Michigan),Swimming,M,,,,Questionable incident,swimming,unknown
1953-12-13,1953,Unprovoked,AUSTRALIA,Queensland,Palm Beach,Swimming or wading out  to warn bathers that a shark had been seen,M,16.0,N,12h00,,swimming,unknown
1953-04-04,1953,Unprovoked,USA,Texas,South Padre Island,Swimming,F,19.0,N,Afternoon,,swimming,unknown
1953-04-01,1953,Unprovoked,IRAN,Karun River,"near Ahvaz, 275 km from the sea",,M,,N,,"1.5 m [5'] shark, probable bull shark",other,other shark
1952-05-07,1952,Unprovoked,AUSTRALIA,Western Australia,Boyup Brook,"Fishing, standing in water washing fish",M,,N,,"Carpet shark, 5'",swimming,other shark
1951-08-17,1951,Unprovoked,GREECE,Corfu Island,Off Royal Residence,Swimming,M,18.0,N,,White shark,swimming,white shark
,1948,Unprovoked,KENYA,Coast Province,Mombasa,,M,,Y,,,other,unknown
1946-01-24,1946,Unprovoked,SOUTH AFRICA,KwaZulu-Natal,"Battery Beach, Durban",Treading water,M,15.0,N,17h15,,swimming,unknown
1943-12-04,1943,Sea Disaster,USA,South Carolina,Off Charleston,The Cuban freighter Libertad was torpedoed and sunk by the German submarine U-129,M,,Y,,,other,unknown
1943-05-27,1943,Invalid,PACIFIC OCEAN,,,B-24 crashed during a search mission. Survivors in raft for 47 days,M,,,,Invalid,other,unknown
1941-07-01,1941,Provoked,USA,Hawaii,"Nankuli, O'ahu",Fishing,M,,N,,100-lb shark,fishing,other shark
1940-01-01,1940,Unprovoked,PAPUA NEW GUINEA,Western Papuan Gulf,Kerema,male,,,N,,,other,unknown
1939-11-09,1939,Watercraft,AUSTRALIA,New South Wales,Wollongong,,,,,,,other,unknown
1939-10-04,1939,Unprovoked,USA,Hawaii,"Kane'ohe Bay, Mokapu, O'ahu",Spearfishing & had just speared a ulua,M,,N,,1.5 m [5'] shark,fishing,other shark
1938-01-01,1938,Provoked,USA,North Carolina,On one of the sounds near Wilmington,Fishing,M,,N,,,fishing,unknown
1936-07-12,1936,Watercraft,USA,New Jersey,"Long Branch, Monmouth County (offshore)",Fishing for bluefish,,,N,15h00,"Blue shark, 8' [2.4 m], 500-lb",fishing,other shark
1936-02-04,1936,Unprovoked,AUSTRALIA,New South Wales,"South Steyne, Manly",Swimming,M,14.0,Y,15h00,White shark,swimming,white shark
1931-01-24,1931,Unprovoked,AUSTRALIA,Torres Strait,Near Thursday Island,,M,,N,,,other,unknown
1930-12-13,1930,Unprovoked,AUSTRALIA,New South Wales,"Sailor Bay, Middle Harbour, Sydney",Fell overboard,M,,Y,,,watercraft,unknown
1930-02-03,1930,Provoked,AUSTRALIA,Western Australia,Onslow,Removing shark from a trap,M,,N,,,other,unknown
1929-12-16,1929,Unprovoked,AUSTRALIA,New South Wales,Collaroy,Bathing or body surfing,F,17.0,N,,a small shark,surfing,other shark
1929-09-01,1929,Unprovoked,AUSTRALIA,Queensland,"Ross River, Townsville",Fell from wharf into water & attacked immediately,M,42.0,Y,,,other,unknown
1926-09-06,1926,Unprovoked,PAPUA NEW GUINEA,,Near Port Moresby,Jumped out of canoe,M,,Y,,,other,unknown
1920-07-14,1920,Invalid,USA,New York,"Woodcliff Channel, Freeport, Long Island",Swimming,M,30.0,,,Questionable,swimming,unknown
1920-01-24,1920,Unprovoked,AUSTRALIA,Torres Strait,,Diving,M,,N,,,diving,unknown
,1920,Unprovoked,JAMAICA,Westmoreland Parish,Savanna-la-Mar,Jumped overboard,M,,Y,,,watercraft,unknown
1919-11-18,1919,Unprovoked,AUSTRALIA,Northern Territory,Darwin,Sitting in a boat,M,,N,,,watercraft,unknown
1912-05-04,1912,Invalid,SOUTH AFRICA,KwaZulu-Natal,Durban,,M,,,,Shark involvement prior to death unconfirmed,other,other shark
1911-04-08,1911,Watercraft,NEW ZEALAND,Chatham Islands,,Fishing,,,N,,,fishing,unknown
1909-01-17,1909,Invalid,,,Near the equator,Jumped overboard,M,36.0,,,Questionable,watercraft,unknown
1908-12-16,1908,Unprovoked,MEXICO,Quintana Roo,,Swimming ashore from capsized boat,M,,Y,,,swimming,unknown
1904-07-27,1904,Unprovoked,USA,Texas,,Swimming,M,,Y,,,swimming,unknown
1900-11-14,1900,Unprovoked,SOUTH AFRICA,Western Cape Province,Three Anchor Bay,Swimming,M,30.0,Y,,,swimming,unknown
1897-10-05,1897,Unprovoked,MARSHALL ISLANDS,Ratak,Ailuk Island,Fishing,,,Y,,3 sharks,fishing,other shark
1896-11-29,1896,Unprovoked,AUSTRALIA,Western Australia,Albany,Swimming,M,,Y,,,swimming,unknown
1895-03-29,1895,Unprovoked,INDONESIA,Moluccas,South Aroo Island,Swimming,M,,Y,,,swimming,unknown
1894-06-25,1894,Unprovoked,SOUTH AFRICA,Western Cape Province,Simons Town,Swimming after harpooned whale capsized boat,M,,Y,,,swimming,unknown
1893-10-16,1893,Invalid,CROATIA,Primorje-Gorski Kotar County,"Off Volusca, Opatija",small boat,,,,,Invalid,watercraft,unknown
1893-04-15,1893,Unprovoked,SOUTH ATLANTIC OCEAN,,,Swimming after falling overboard from the sealing ship Vesper,M,,N,,,swimming,unknown
1891-08-29,1891,Provoked,USA,New Jersey,"Off Longport, Atlantic County",Shooting sharks,M,,N,,,other,unknown
1891-01-08,1891,Unprovoked,JAMAICA,Kingston Parish,Port Royal Harbour,boat capsized,M,,Y,Night,,watercraft,unknown
1889-11-16,1889,Invalid,USA,Hawaii,Honolulu,Parachuted from balloon,M,,,,Shark involvement prior to death unconfirmed,other,other shark
1889-07-08,1889,Unprovoked,AUSTRALIA,Victoria,Port Phillip,Fell into the water,M,,Y,,,other,unknown
1886-03-06,1886,Invalid,NEW ZEALAND,South Island,Dunedin,Bathing,M,,,,Questionable,swimming,unknown
1883-10-19,1883,Unprovoked,USA,East coast,,Jumped overboard,M,,Y,,,watercraft,unknown
1875-11-27,1875,Unprovoked,AUSTRALIA,New South Wales,Clarence Heads,Fishing,M,,N,,,fishing,unknown
1875-08-10,1875,Invalid,SOUTH AFRICA,KwaZulu-Natal,"Back Beach, Durban",,,,,,Invalid,other,unknown
1863-01-10,1863,Unprovoked,AUSTRALIA,New South Wales,Bellynahinch on the Manning River,Bathing,M,17.0,Y,Evening,,swimming,unknown
1862-12-04,1862,Invalid,NEW ZEALAND,South Island,Lyttleton?,,,,,,Questionable incident,other,unknown
1861-09-25,1861,Unprovoked,CUBA,,60 miles off Trinidad de Cuba,Deserting the bark Nazarene,M,,N,,,other,unknown
1858-03-14,1858,Unprovoked,AUSTRALIA,Victoria,Hobson Bay,Bathing,M,22.0,Y,15h00,,swimming,unknown
1852-01-01,1852,Unprovoked,USA,South Carolina,"Mount Pleasant, Charleston County","Vessel capsized, wading ashore carrying an oar",M,,Y,,,swimming,unknown
1840-07-22,1840,Unprovoked,USA,South Carolina,"Charleston Harbor, Charleston County",Accidentally thrown overboard & treading water while awaiting rescue,M,,Y,,Said to be a 7.6 m [25'] shark,swimming,other shark
1830-04-30,1830,Unprovoked,INDIA,Tamil Nadu,St. Thomé,Bathing,M,,Y,17h00-18h00,,swimming,unknown
1828-01-01,1828,Unprovoked,USA,Hawaii,"Uo, Lahaina, Maui",Surfing,M,,Y,,,surfing,unknown
1792-09-12,1792,Provoked,ENGLAND,,On the Thames River,Fishing,M,,Y,,,fishing,unknown
1703-03-26,1703,Unprovoked,BARBADOS,Southwest coast,Carlisle Bay,Swimming,M,19.0,N,Night,,swimming,unknown
